category,keyword,volume,kd,cpc,variants,covered
bible-verses,bible verses for day,450000,69,13.73,5,False
bible-verses,bible verses about days,450000,69,13.73,1,False
prayers,time for prayer,246000,17,6.52,2,False
prayers,times for prayer,246000,17,6.52,3,False
prayers,prayer for the lord,246000,8,0.19,1,False
prayers,timing for prayer,246000,17,6.52,1,False
prayers,prayer for serenity,201000,30,0.1,2,False
prayers,prayer for our father who art in heaven,201000,36,0.1,1,False
bible-verses,bible verses for love,165000,5,2.35,10,True
bible-verses,bible verses about verses,165000,18,3.47,6,False
bible-verses,bible verses about loving,165000,5,2.35,1,False
bible-verses,bible verses for lovers,165000,7,2.35,1,False
prayers,prayer for st michael archangel,135000,28,0.12,2,False
prayers,prayer for saint michael archangel,135000,23,0.12,2,False
prayers,prayer for saint michael,135000,17,0.12,1,False
prayers,prayer for hail mary,135000,18,0.14,1,False
prayers,prayer for archangel michael,135000,26,0.12,2,False
prayers,prayer for st michael,135000,22,0.12,1,False
bible-verses,bible verses for encouragement,110000,0,2.34,9,True
bible-verses,bible verses for encouraging,110000,0,2.34,2,False
bible-verses,bible verses for encourage,110000,0,2.34,1,False
prayers,prayers for morning prayer,110000,10,0.52,1,False
prayers,prayer for this morning,110000,13,0.52,1,False
prayers,morning prayer,110000,10,0.52,18,True
prayers,morning prayer christianity,110000,26,0.52,1,False
prayers,morning prayer christian,110000,26,0.52,4,False
prayers,morning prayer morning prayer,110000,10,0.52,1,False
prayers,pray morning prayer,110000,24,0.52,2,False
prayers,morning prayer prayer,110000,10,0.52,1,True
bible-verses,verses for healing in bible,90500,11,1.01,17,True
bible-verses,bible verses about strength,90500,8,1.82,9,True
prayers,prayer for healing,90500,20,0.5,25,True
how-to-block,how to block junk calls,90500,51,3.47,1,False
how-to-block,how to block spam calls,90500,74,3.47,1,False
how-to-block,how to block someone on tiktok,90500,1,0.78,1,False
how-to-block,how to block unsolicited calls,90500,51,3.47,1,False
how-to-block,how to block spam phone calls,90500,69,3.47,1,False
how-to-block,how to block a spam call,90500,75,3.47,1,False
how-to-block,how to remove block person in facebook,90500,3,0.01,1,False
how-to-block,how to block someone on tik tok,90500,4,0.78,1,False
prayers,prayer for day,74000,29,5.02,4,False
prayers,prayer time for nyc,74000,0,5.48,2,False
prayers,for today prayer,74000,27,5.02,3,False
prayers,time for prayer in houston,74000,0,3.46,1,False
prayers,prayer for this day,74000,44,5.02,1,False
prayers,prayer times for houston,74000,0,3.46,1,False
bible-verses,quote about bible verses,60500,14,6.84,1,False
bible-verses,quotes about bible verses,60500,8,6.84,1,False
prayers,time for subuh prayer,60500,43,1.59,1,False
prayers,prayer for night time,60500,6,0.37,1,False
prayers,prayer for night,60500,8,0.37,2,False
prayers,prayer for rosary,60500,18,0.54,3,False
prayers,prayer for tonight,60500,18,0.37,1,False
how-to-block,how to block spam calls iphone,60500,33,2.39,3,False
how-to-block,how to block spam phone calls on iphone,60500,6,2.39,1,False
how-to-block,how to block unwanted calls on iphone,60500,21,2.39,2,False
how-to-block,how to block unwanted phone calls on iphone,60500,50,2.39,1,False
how-to-block,how to block spam call on iphone,60500,65,2.39,1,False
how-to-block,how to block junk calls on iphone,60500,50,2.39,1,False
how-to-block,how to block unsolicited calls on iphone,60500,20,2.39,1,False
bible-verses,bible verses for friendship,49500,0,0.82,8,True
bible-verses,bible verses for friend,49500,0,0.82,6,False
bible-verses,bible verses for anxiety,49500,0,1.44,4,True
bible-verses,bible verses about anxious,49500,0,1.44,1,False
bible-verses,bible verses about healers,49500,0,1.57,1,False
bible-verses,bible verses about anxiousness,49500,0,1.44,1,False
bible-verses,bible verses for today,49500,78,11.15,3,False
bible-verses,bible verses for friends,49500,4,0.82,8,False
bible-verses,bible verses for friendships,49500,0,0.82,3,False
prayers,prayer times for philadelphia,49500,0,2.99,1,False
prayers,hand for prayer,49500,5,0.07,1,False
prayers,hands for prayer,49500,5,0.07,1,False
bible-verses,bible verses for peace,40500,0,2.12,7,True
prayers,prayer for daily,40500,29,0.99,1,False
prayers,prayer times for nyc,40500,0,8.83,1,False
prayers,christian prayer for strength,40500,15,0.82,1,False
prayers,prayer for strength,40500,15,0.62,2,True
prayers,prayer for catholic church,40500,8,0.8,2,False
prayers,prayer time for new york,40500,0,8.83,2,False
prayers,daily prayer for christian,40500,46,0.99,1,False
prayers,prayer for catholic,40500,30,0.8,1,False
prayers,prayer times for new york,40500,0,8.83,1,False
prayers,daily prayer for christians,40500,55,0.99,1,False
how-to-block,how to block number iphone,40500,16,0.58,17,False
how-to-block,how to block a phone on iphone,40500,22,0.58,1,False
how-to-block,how to block a mobile number iphone,40500,2,0.58,2,False
how-to-block,how to block no on iphone,40500,22,0.58,1,False
how-to-block,how to block iphone numbers,40500,16,0.58,7,False
how-to-block,how to block a phone number on iphone,40500,9,0.58,3,False
how-to-block,how to block contact on iphone,40500,10,0.58,2,False
how-to-block,how to block mobile numbers on iphone,40500,23,0.58,1,False
how-to-block,how to block contacts on iphone,40500,10,0.58,1,False
blocker-commercial,call blocker app,40500,72,2.46,11,False
bible-verses,bible verses for fruits of the spirit,33100,15,0.77,4,False
bible-verses,bible verses for forgiveness,33100,0,2.89,9,True
bible-verses,bible verses about fruit of the spirit,33100,15,0.77,3,False
bible-verses,bible verses about forgiveness of sins,33100,0,2.89,1,False
bible-verses,bible verses for inspiration,33100,4,2.92,2,False
bible-verses,bible verses for communion,33100,2,0.69,2,False
verse-display,verse bible wallpaper,33100,0,0.17,14,True
bible-verses,background for bible verses,33100,0,0.17,1,False
verse-display,bible verses for wallpapers,33100,0,0.17,1,False
bible-verses,bible verses for health,33100,0,1.22,1,True
bible-verses,backgrounds for bible verses,33100,0,0.17,1,False
prayers,prayer for protection,33100,0,1.05,1,True
prayers,prayer for act of contrition,33100,2,0.08,1,False
prayers,lyrics for livin on a prayer,33100,6,0.02,1,False
prayers,prayer for contrition,33100,22,0.08,1,False
prayers,prayer for st anthony,33100,0,0.19,1,False
prayers,living for a prayer lyrics,33100,0,0.02,1,False
prayers,prayer times for los angeles,33100,0,2.42,1,False
prayers,application for prayer times,33100,47,1.62,1,False
prayers,lyrics for bon jovi livin on a prayer,33100,4,0.02,1,False
how-to-block,how to i block my number,33100,43,1.65,1,False
how-to-block,how to block my number,33100,9,1.65,7,False
how-to-block,how to block my phone number,33100,26,1.65,7,False
bible-verses,bible verses for faith,27100,2,4.03,9,True
bible-verses,bible verses about matrimony,27100,19,1.09,1,False
bible-verses,bible verses for marriage,27100,0,1.09,9,True
bible-verses,bible verses for relationships,27100,2,1.13,5,True
bible-verses,bible verses about consolation,27100,0,1.42,1,False
bible-verses,bible verses about forgiving,27100,0,1.56,1,False
bible-verses,bible verses for relationship,27100,0,1.13,3,False
bible-verses,bible verses for comforting,27100,1,1.42,2,False
bible-verses,bible verses for comfort,27100,1,1.42,2,True
bible-verses,bible verses for marriages,27100,0,1.09,2,False
prayers,prayer for st jude,27100,2,0.22,1,False
prayers,prayer for saint jude,27100,14,0.22,1,False
prayers,jewish prayer for hanukkah,27100,0,0,1,False
prayers,prayer for bed,27100,15,0.28,1,False
prayers,prayer for bedtime,27100,14,0.28,1,False
how-to-block,how to block website iphone,27100,2,2.16,10,False
how-to-block,how to block websites iphone,27100,15,2.16,7,False
how-to-block,how to block sites iphone,27100,7,2.16,5,False
how-to-block,how to block site in iphone,27100,8,2.54,3,False
how-to-block,how to block a person on facebook,27100,19,0,1,False
how-to-block,fb how to block someone,27100,8,0,4,False
how-to-block,how to block someone facebook,27100,12,0,5,False
how-to-block,how to block web pages on iphone,27100,15,2.16,1,False
how-to-block,how to i block someone on facebook,27100,12,0,1,False
how-to-block,how to block people from facebook,27100,12,0,1,False
blocker-commercial,android call blocker app,27100,52,3.02,12,False
blocker-commercial,ice blocker app,27100,22,0.15,1,False
devotionals,devotional for today,27100,75,4.7,2,False
devotionals,daily devotional for today,27100,75,6.99,3,False
bible-verses,bible verses for thankfulness,22200,0,2.28,5,True
bible-verses,bible verses about popularity,22200,0,3.38,1,False
bible-verses,bible verses for being thankful,22200,0,2.28,2,False
bible-verses,bible verses for thanks,22200,0,2.28,1,False
prayers,prayer for thanksgiving,22200,10,3.75,2,False
prayers,prayer for st francis,22200,15,0.16,1,False
prayers,thanksgiving prayer for thanksgiving day,22200,0,3.75,1,False
prayers,prayer for saint francis,22200,11,0.16,1,False
prayers,prayer for guardian angel,22200,0,0.14,3,False
prayers,prayer catholic morning,22200,30,1.29,10,False
prayers,morning prayer today,22200,29,1.76,6,False
prayers,prayer for jesus,22200,12,4.06,1,False
prayers,what are the prayer times for today,22200,40,9.26,1,False
prayers,morning prayer for catholics,22200,30,1.29,1,False
prayers,prayer for thanksgiving day,22200,10,3.75,1,False
how-to-block,how to block a contact,22200,36,1.1,1,False
how-to-block,how to block numbers,22200,30,1.1,1,False
how-to-block,how to block no,22200,29,1.1,2,False
how-to-block,how to block this number,22200,30,1.1,1,False
how-to-block,how to block on tiktok,22200,10,3.04,1,False
how-to-block,ebay how to block buyer,22200,0,22.74,1,False
prayers,catholic church morning prayer,22200,,1.29,1,False
prayers,roman catholic morning prayer,22200,18,1.29,1,False
bible-verses,bible verses for motherhood,18100,0,0.28,3,False
bible-verses,bible verses for grieving,18100,0,0.89,3,False
bible-verses,bible verses for christmas,18100,0,2.88,6,False
bible-verses,bible verses about prayers,18100,2,1.24,1,False
bible-verses,bible verses about pray,18100,4,1.24,1,False
bible-verses,bible verses for hope,18100,0,2.77,6,True
bible-verses,bible verses for grief,18100,0,0.89,2,True
bible-verses,bible verses for xmas,18100,0,2.88,2,False
bible-verses,bible verses for protection,18100,4,0.82,4,True
bible-verses,bible verses for thanksgiving,18100,6,0.87,5,False
bible-verses,bible verses for mothers,18100,0,0.28,5,False
bible-verses,bible verses for life,18100,0,3.68,6,False
bible-verses,bible verses for moms,18100,0,0.28,4,False
bible-verses,bible verses for mother,18100,0,0.28,5,False
bible-verses,bible verses for mom,18100,0,0.28,3,False
bible-verses,bible verses for prayer,18100,2,1.24,5,True
bible-verses,bible verses for thanksgiving day,18100,0,0.87,2,False
bible-verses,bible verses about iron sharpens iron,18100,14,0.8,1,False
bible-verses,bible verses about mother's,18100,0,0.28,1,False
bible-verses,bible verses about praying,18100,4,1.24,1,False
bible-verses,bible verses about mothering,18100,0,0.28,1,False
bible-verses,bible verses for thanksgiving holiday,18100,2,0.87,1,False
prayers,prayer for st gertrude,18100,0,0.14,1,False
prayers,prayer for anxiety,18100,0,3.49,2,True
prayers,prayer for peace,18100,24,0.82,1,True
prayers,prayer for forgiveness christian,18100,6,3.41,2,False
prayers,prayer for forgiveness of sins christian,18100,9,4.5,1,False
prayers,requests for prayer,18100,26,6.91,1,False
prayers,prayer for forgiveness,18100,2,4.5,1,True
prayers,request for prayer,18100,26,6.91,3,False
prayers,scripture for prayer,18100,0,1.18,6,True
prayers,prayer for forgiveness of sins,18100,2,4.5,2,False
prayers,prayer for anxious,18100,6,3.49,2,False
prayers,prayer for strength & healing,18100,24,1.34,3,False
prayers,biblical verses for prayer,18100,11,1.24,1,False
prayers,prayer for forgiveness of sin,18100,0,4.5,2,False
prayers,prayer for sinner,18100,8,0.76,1,False
prayers,prayer for peacefulness,18100,24,0.82,1,False
prayers,prayer for anxiousness,18100,11,3.49,1,False
prayers,prayer for sinners,18100,8,0.76,1,False
how-to-block,how to block unknown numbers on iphone,18100,10,1.37,3,False
how-to-block,how to block unknown callers iphone,18100,10,1.37,2,False
how-to-block,how to block unknown number on iphone,18100,10,1.37,3,False
how-to-block,how to block calls from unknown numbers iphone,18100,17,1.37,2,False
how-to-block,how to block unknown calls iphone,18100,12,1.37,3,False
how-to-block,how to block anonymous calls iphone,18100,18,1.37,2,False
how-to-block,how to block unknown caller id on iphone,18100,11,1.37,1,False
how-to-block,how to see block number on iphone,18100,6,0,1,False
how-to-block,how to block calls from unknown number iphone,18100,19,1.37,1,False
how-to-block,youtube how to block ads,18100,28,2.18,1,False
how-to-block,how to clear nose block,18100,23,0.83,1,False
how-to-block,how to block unknown caller iphone,18100,10,1.37,2,False
how-to-block,how to find block number on iphone,18100,5,0,1,False
how-to-block,how to block unknown phone calls on iphone,18100,11,1.37,1,False
prayers,nice morning prayer,18100,14,0.27,1,False
devotionals,daily devotional for women,18100,4,2.62,8,False
devotionals,daily bread devotional for today,18100,59,9.22,1,False
devotionals,odb devotional for today,18100,61,9.22,1,False
devotionals,our daily bread devotional for today,18100,65,9.22,2,False
bible-verses,bible verses for salvation,14800,0,1.92,3,True
bible-verses,bible verses about trusting the lord,14800,0,1.95,2,False
bible-verses,bible verses for death,14800,0,1.42,9,True
bible-verses,bible verses for gratefulness,14800,26,1.9,2,False
bible-verses,bible verses for patience,14800,0,1.15,5,True
bible-verses,bible verses about being patient,14800,13,1.15,1,False
bible-verses,bible verses for strength in hard times,14800,0,3.34,3,False
bible-verses,bible verses for depression,14800,0,1.54,6,True
bible-verses,bible verses for trusting god,14800,0,1.95,4,False
bible-verses,bible verses about repent,14800,0,0.82,1,False
bible-verses,bible verses for dying,14800,0,1.42,2,False
bible-verses,for birthday bible verses,14800,0,0.48,5,False
bible-verses,bible verses for trust in the lord,14800,0,1.95,2,False
bible-verses,bible verses for strength and healing,14800,0,1.64,5,False
bible-verses,bible verses about repentance,14800,0,0.82,1,True
bible-verses,bible verses for trust in god,14800,0,1.95,2,True
bible-verses,bible verses for gratitude,14800,0,1.9,2,True
bible-verses,bible verses for graduation,14800,0,0.49,2,False
bible-verses,bible verses for birthdays,14800,0,0.48,2,False
bible-verses,bible verses for perseverance,14800,0,1.8,2,True
bible-verses,bible verses for the dead,14800,0,1.42,2,False
bible-verses,bible verses about guarding your heart,14800,13,5.01,1,False
bible-verses,bible verses for a graduate,14800,0,0.49,1,False
bible-verses,bible verses for birth,14800,0,0.48,1,False
bible-verses,daily bible verses for today,14800,70,8.91,1,False
bible-verses,bible verses for graduates,14800,0,0.49,1,False
bible-verses,bible verses for childrens,14800,0,0.65,1,False
bible-verses,bible verses for the depressed,14800,0,1.54,1,False
bible-verses,bible verses for today morning,14800,71,5.09,1,False
prayers,prayer for interceding,14800,2,6.89,1,False
prayers,prayer for family,14800,8,3.27,3,False
prayers,prayer for husband,14800,0,0.45,3,False
prayers,prayer for intercessors,14800,0,6.89,1,False
prayers,prayer for repent,14800,0,6.73,1,False
prayers,prayer for fatima,14800,0,0.2,1,False
prayers,prayer for divine mercy chaplet,14800,10,0.26,1,False
prayers,prayer for before a meal,14800,0,0.15,1,False
prayers,prayer for husbands,14800,0,0.45,1,False
prayers,prayer for intercession,14800,0,6.89,1,False
prayers,prayer for our husbands,14800,0,0.45,1,False
prayers,prayer for goodnight,14800,15,0.36,1,False
prayers,prayer for jabez,14800,0,0.53,1,False
prayers,prayer for padre pio,14800,0,0.27,1,False
prayers,prayer for the evening,14800,0,0.64,1,True
prayers,prayer for my spouse,14800,0,0.45,1,False
prayers,prayer for st padre pio,14800,0,0.27,1,False
prayers,prayer for families,14800,4,3.27,1,False
how-to-block,how to block websites in chrome browser,14800,7,3.22,1,False
how-to-block,how to block people on tiktok,14800,0,4.07,1,False
how-to-block,how to block website chrome,14800,13,3.22,10,False
how-to-block,how to block an email address gmail,14800,2,0.57,4,False
how-to-block,how to block gmail email,14800,0,0.57,12,False
how-to-block,how to block websites chromebook,14800,4,3.22,1,False
how-to-block,how to block mail in gmail,14800,0,0.57,2,False
how-to-block,how to block emails gmail,14800,0,0.57,7,False
how-to-block,how to block websites chrome,14800,13,3.22,5,False
how-to-block,how to block page on chrome,14800,6,3.22,2,False
how-to-block,how to block sites chrome,14800,14,3.22,3,False
how-to-block,how to block any website on chrome,14800,4,3.22,1,False
how-to-block,how to block someone on snap,14800,40,0,1,False
how-to-block,how to block people on tik-tok,14800,0,4.07,1,False
how-to-block,how to block site chrome,14800,14,3.22,5,False
how-to-block,how to block people on snapchat,14800,10,0,1,False
how-to-block,how to block someone on snapchat,14800,16,0,2,False
how-to-block,how to block a site on chromebook,14800,1,3.22,1,False
how-to-block,how to block website in chrome browser,14800,7,3.22,1,False
how-to-block,how to block a person on snapchat,14800,12,0,1,False
blocker-commercial,call blocker iphone app,14800,31,2.52,8,False
blocker-commercial,phone call blocker app iphone,14800,48,2.52,1,False
christian-apps,dating app christian,14800,58,7.52,9,False
bible-verses,bible verses for family,12100,0,0.76,9,True
bible-verses,bible verses for joy,12100,0,0.94,4,True
bible-verses,bible verses about anger,12100,0,1.6,5,True
bible-verses,bible verses about loving thy neighbor,12100,5,0.57,1,False
bible-verses,bible verses about being loved by god,12100,0,3.54,1,False
bible-verses,bible verses about joyful,12100,0,0.94,1,False
bible-verses,bible verses about god's love,12100,0,3.54,2,False
bible-verses,bible verses about wrath,12100,0,1.6,1,False
bible-verses,love for god bible verses,12100,0,3.54,9,False
bible-verses,bible verses about loving god,12100,0,3.54,1,False
bible-verses,bible verses for humility,12100,0,0.82,3,True
bible-verses,bible verses for lust,12100,0,0.36,3,False
bible-verses,bible verses for worry,12100,0,0.75,2,True
bible-verses,bible verses about loving your neighbor,12100,10,0.57,1,False
bible-verses,bible verses about love thy neighbor,12100,3,0.57,1,False
bible-verses,bible verses for worrying,12100,0,1.45,2,False
bible-verses,bible verses about joyfulness,12100,0,0.94,1,False
bible-verses,bible verses for worries,12100,0,1.45,2,False
bible-verses,bible verses for kindergarteners,12100,0,0.52,1,False
bible-verses,bible verses for mother's day,12100,0,0.04,1,False
bible-verses,bible verses for families,12100,0,0.76,2,False
prayers,sinner prayer for salvation,12100,9,1.43,1,False
prayers,praying for a miracle prayer,12100,11,2.1,1,False
prayers,poem for prayer,12100,0,0.9,1,False
prayers,prayer for repentance,12100,0,4.51,1,False
prayers,friend prayer for healing,12100,6,0.23,15,False
prayers,song for prayer,12100,9,6.32,2,False
prayers,prayer for miracles,12100,0,2.1,1,False
prayers,prayer for holy spirit,12100,0,0.25,2,False
prayers,sinner's prayer for salvation,12100,9,1.43,1,False
prayers,caring for prayer plant,12100,0,0.19,2,False
prayers,care for prayer plant,12100,0,0.19,1,False
prayers,poems for prayer,12100,0,0.9,1,False
prayers,livin for a prayer,12100,15,0,1,False
prayers,prayer for sickness,12100,0,0.92,1,False
prayers,a prayer for owen meany,12100,12,0.45,1,False
prayers,prayer for miracle,12100,0,2.1,2,False
prayers,prayer for sick,12100,12,0.92,3,False
prayers,prayer for friend's healing,12100,6,0.23,1,False
prayers,a prayer for owen meany a novel,12100,12,0.45,1,False
prayers,prayer for owen meany book,12100,0,0.45,3,False
prayers,prayer for angel michael,12100,21,0.25,1,False
prayers,st padre pio prayer for healing,12100,10,0.36,1,False
prayers,padre pio prayer for healing,12100,0,0.36,1,False
prayers,prayer for divine mercy,12100,10,0.14,2,False
prayers,sinners prayer for salvation,12100,9,1.43,1,False
prayers,prayer for saint joseph,12100,10,0.38,1,False
prayers,a prayer for owen meaning,12100,12,0.45,1,False
prayers,prayer for friends healing,12100,12,0.23,1,False
prayers,songs for prayer,12100,0,6.32,1,False
prayers,spanish for prayer,12100,0,0.28,1,False
prayers,beads for prayer,12100,3,0.95,1,False
prayers,john irving a prayer for owen meany,12100,12,0.45,1,False
prayers,care for prayer plants,12100,0,0.19,1,False
prayers,daily prayer for today,12100,43,8.31,1,False
prayers,lyrics for like a prayer,12100,11,0.01,1,False
prayers,prayer for salvation,12100,11,1.43,1,False
prayers,prayers for prayer beads,12100,0,0.95,1,False
prayers,prayer for healing friendship,12100,0,0.23,2,False
prayers,prayer for isha,12100,0,5.62,1,False
prayers,prayer for today daily prayer,12100,61,8.31,1,False
how-to-block,how to make minecraft command block,12100,6,0,3,False
how-to-block,how to block no caller id iphone,12100,0,1.82,7,False
how-to-block,how to get minecraft command block,12100,16,0,7,False
how-to-block,how to block youtube channel,12100,0,1.78,5,False
how-to-block,how to block calls on iphone with no caller id,12100,7,1.82,1,False
how-to-block,how to block youtube channels,12100,1,1.78,3,False
devotionals,upper room devotional for today,12100,32,6.98,2,False
devotionals,upper room daily devotional for today,12100,67,6.98,2,False
devotionals,daily devotional for joyce meyer,12100,16,8.43,1,False
bible-verses,bible verses for baptism,9900,0,0.75,4,False
bible-verses,bible verses about praying for healing,9900,0,1.3,1,False
bible-verses,bible verses for tattoos,9900,3,0.39,5,False
bible-verses,bible verses about honoring your father and mother,9900,0,3.22,1,False
bible-verses,bible verses for wisdom,9900,8,0.86,4,True
bible-verses,bible verses for athletes,9900,0,0.37,2,False
bible-verses,bible verses for funeral service,9900,15,0.76,3,False
bible-verses,bible verses for funerals,9900,0,0.76,4,False
bible-verses,bible verses about prayer and healing,9900,0,1.3,2,True
bible-verses,bible verses for beauty,9900,0,0.28,3,False
bible-verses,bible verses for healing prayers,9900,1,1.3,2,False
bible-verses,bible verses about the holy spirit,9900,0,1.23,1,True
bible-verses,bible verses about athletics,9900,0,0.37,1,False
bible-verses,bible verses for fasting,9900,8,0.81,2,True
bible-verses,bible verses for wedding,9900,0,0.68,5,False
bible-verses,bible verses for uplifting,9900,32,2.58,1,False
bible-verses,bible verses for marriage ceremony,9900,4,0.68,1,False
bible-verses,bible verses for wedding ceremonies,9900,0,0.68,1,False
bible-verses,bible verses for weddings ceremony,9900,0,0.68,1,False
bible-verses,short bible verses for encouragement,9900,5,1.19,1,False
bible-verses,bible verses for funeral services,9900,9,0.76,1,False
bible-verses,bible verses for palm sunday,9900,0,0,2,False
bible-verses,bible verses for funeral,9900,1,0.76,2,False
bible-verses,bible verses for upliftment,9900,5,2.58,1,False
bible-verses,bible verses for weddings,9900,0,0.68,3,False
bible-verses,bible verses for wedding ceremony,9900,0,0.88,2,False
bible-verses,bible verses for a tattoo,9900,3,0.39,1,False
bible-verses,bible verses for an athlete,9900,0,0.37,1,False
prayers,prayer for safe flight,9900,1,0.49,2,False
prayers,prayer for safety travel,9900,0,0.49,2,False
prayers,prayer for safe travel,9900,0,0.49,2,False
prayers,daily prayer for catholic,9900,61,1.87,1,False
prayers,prayer for friends,9900,0,0.13,4,False
prayers,prayer for friendship,9900,0,0.13,3,False
prayers,prayer for st raphael the archangel,9900,0,0.12,1,False
prayers,a little prayer for you,9900,18,0,2,False
prayers,prayer for friend,9900,0,0.13,4,False
prayers,prayer for spiritual warfare,9900,6,1.96,1,False
prayers,prayer for spiritual attack,9900,7,1.96,1,False
prayers,prayer for archangel raphael,9900,0,0.12,1,False
prayers,prayer for saint raphael,9900,0,0.12,1,False
prayers,prayer for st raphael,9900,0,0.12,1,False
prayers,united house of prayer for all,9900,0,0.53,1,False
prayers,prayer for dhuhr,9900,0,0,1,False
prayers,catholic prayer for night time,9900,7,0.56,1,False
prayers,prayer for safe trip,9900,0,0.49,2,False
prayers,say a little prayer for you song,9900,17,0,1,False
prayers,prayer for books,9900,0,0.64,1,False
prayers,scriptural prayer for healing,9900,0,1.3,1,False
prayers,prayer for safe journey,9900,0,0.49,2,False
prayers,prayer for the day catholic,9900,56,1.6,2,False
prayers,prayer for friendships,9900,0,0.13,1,False
prayers,prayer for tonight catholic,9900,3,0.56,1,False
prayers,prayer for spiritual attacks,9900,2,1.96,1,False
prayers,i say little prayer for you,9900,20,0,1,False
prayers,catholic prayer for night,9900,4,0.56,4,False
prayers,prayer times for las vegas,9900,0,3.03,1,False
prayers,prayer for travelling safely,9900,0,0.49,1,False
prayers,house of prayer for all peoples,9900,5,0.53,1,False
prayers,prayer for spiritual battle,9900,7,1.96,1,False
prayers,short prayer for healing and recovery for someone,9900,11,1.21,1,False
prayers,definition for prayer,9900,2,31.56,1,False
prayers,united house of prayer for all people,9900,2,0.53,1,False
prayers,prayer for safety flight,9900,14,0.49,1,False
prayers,biblical prayer for healing,9900,0,1.3,1,False
prayers,house of prayer for all people,9900,2,0.53,1,False
prayers,prayer for god,9900,16,0.29,1,False
how-to-block,how to block sms on iphone,9900,12,1.34,1,False
how-to-block,how to block safari websites,9900,0,1.93,4,False
how-to-block,how to block phone number on phone,9900,30,0.9,2,False
how-to-block,android how to block phone number,9900,7,1.55,3,False
how-to-block,how to block spam calls android,9900,22,2.52,2,False
how-to-block,how to block site in safari,9900,0,1.93,2,False
how-to-block,how to get rid nose block,9900,17,1.49,2,False
how-to-block,how to block your number while calling,9900,5,1.03,1,False
how-to-block,how to block phone calls,9900,64,1.08,1,False
how-to-block,how to block website safari,9900,0,1.93,7,False
how-to-block,how to block text on iphone,9900,0,1.34,1,False
how-to-block,how to block text message on iphone,9900,9,1.34,2,False
how-to-block,how to block a phone call,9900,57,1.08,1,False
how-to-block,how to block junk emails,9900,4,5.25,1,False
how-to-block,how to block a number phone number,9900,30,0.9,1,False
how-to-block,how to change signature block in outlook,9900,15,0.91,1,False
how-to-block,how to block your number when calling a number,9900,6,1.34,1,False
how-to-block,how to block a number android,9900,8,2.02,4,False
how-to-block,how to block people gmail,9900,2,0.85,2,False
how-to-block,how to block your number when calling,9900,6,1.34,1,False
how-to-block,how to block a number from calling,9900,4,0.9,1,False
how-to-block,how to block numbers on android,9900,8,2.02,1,False
how-to-block,how to block text messaging on iphone,9900,9,1.34,1,False
how-to-block,how to block phone numbers on this phone,9900,37,0.9,1,False
how-to-block,how to block messages on iphone,9900,11,1.34,1,False
how-to-block,how to block text messages iphone,9900,9,1.34,3,False
how-to-block,how to block junk email,9900,39,5.25,1,False
how-to-block,how to block someone in gmail,9900,0,0.85,3,False
how-to-block,how to block calls on android,9900,21,2.02,1,False
how-to-block,how to block unsolicited emails,9900,32,5.25,1,False
how-to-block,how to block messaging on iphone,9900,5,1.34,1,False
how-to-block,how to block phone numbers on android,9900,30,2.02,2,False
how-to-block,how to block web pages on safari,9900,0,1.93,1,False
how-to-block,how to block spam email,9900,4,5.25,3,False
how-to-block,how to block texts iphone,9900,0,1.34,4,False
how-to-block,how to block my number when i call,9900,22,1.34,1,False
how-to-block,how to introduce a block quote,9900,4,0,1,False
how-to-block,how to block caller,9900,33,1.08,1,False
how-to-block,how to block spam mail,9900,32,5.25,1,False
how-to-block,how to block a number on this phone,9900,20,0.9,1,False
how-to-block,how to block contacts on android,9900,30,2.02,1,False
how-to-block,how to block callers on android,9900,29,2.02,1,False
how-to-block,how to block unwanted calls in android,9900,45,2.91,1,False
how-to-block,how to block spam call on android,9900,22,2.91,1,False
how-to-block,how to block a contact on android,9900,5,2.02,1,False
blocker-commercial,spam call blocker app,9900,86,3.96,4,False
blocker-commercial,spam calls blocker app,9900,79,3.96,1,False
devotionals,morning devotional for men,9900,16,3.21,1,False
devotionals,daily devotional for men,9900,9,3.21,3,False
devotionals,devotional for women,9900,27,1.99,4,False
devotionals,short daily devotional for today,9900,71,18.4,2,False
bible-verses,bible verses for marriage love,8100,4,0.98,14,False
bible-verses,bible verses about hard work,8100,0,1.08,2,False
bible-verses,bible verses about fear,8100,9,1.71,3,True
bible-verses,bible verses for unity,8100,0,0.3,3,False
bible-verses,bible verses for dads,8100,0,0.2,2,False
bible-verses,bible verses for dad,8100,0,0.2,2,False
bible-verses,bible healing verses for the sick,8100,4,1.91,7,False
bible-verses,bible verses for couples,8100,2,0.86,2,False
bible-verses,don't worry about tomorrow bible verses,8100,21,8.11,3,False
bible-verses,bible verses about homosexuality,8100,33,0.31,2,False
bible-verses,bible verses about the lord's prayer,8100,18,0.62,1,False
bible-verses,bible verses about fatherhood,8100,0,0.34,1,False
bible-verses,bible verses for father's,8100,0,0.2,2,False
bible-verses,bible verses for working hard,8100,0,1.08,3,False
bible-verses,bible verses about discipline,8100,0,2.79,1,True
bible-verses,bible verses for heartache,8100,0,1.06,2,False
bible-verses,bible verses about blessings,8100,8,1.76,4,False
bible-verses,bible verses for broken heart,8100,0,1.06,5,False
bible-verses,bible verses for father,8100,0,0.2,2,False
bible-verses,bible verses for heartbreak,8100,1,1.06,3,False
bible-verses,bible verses about gay,8100,18,0.31,1,False
bible-verses,bible verses for fathers,8100,0,0.2,3,False
bible-verses,bible verses about hard workers,8100,0,1.08,1,False
bible-verses,bible verses for sports,8100,0,0.3,2,False
bible-verses,bible verses for good friday,8100,3,0,2,False
bible-verses,bible verses about sport,8100,,0.3,1,False
bible-verses,verses in the bible about spiritual warfare,8100,8,0.85,1,True
bible-verses,bible verses about infants,8100,0,0.32,1,False
bible-verses,bible verses for broken relationship,8100,0,1.06,2,False
bible-verses,bible verses about he is risen,8100,4,0,1,False
bible-verses,bible verses about joy comes in the morning,8100,0,2.09,1,False
bible-verses,bible verses for father's day,8100,0,0.14,2,False
bible-verses,bible verses for heartbroken,8100,0,1.06,2,False
bible-verses,bible verses for easter,8100,0,12.48,1,False
bible-verses,bible verses for mornings,8100,0,3.74,1,False
bible-verses,bible verses for father day,8100,0,0.14,2,False
bible-verses,bible verses for newborns,8100,0,0.32,1,False
bible-verses,bible verses for broken hearts,8100,0,1.06,1,False
bible-verses,bible verses for healing sickness,8100,2,1.91,3,False
bible-verses,bible verses for fathers day,8100,0,0.14,2,False
bible-verses,bible verses for couple,8100,3,0.86,2,False
bible-verses,bible verses for morning,8100,0,3.74,3,False
bible-verses,bible verses for broken relationships,8100,0,1.06,1,False
prayers,catholic prayer for dead,8100,0,2.59,3,False
prayers,prayer for sleep,8100,15,2.18,1,False
prayers,prayer for departed,8100,2,0.56,2,False
prayers,prayer for death,8100,9,0.56,2,False
prayers,prayer for before surgery,8100,0,0.19,1,False
prayers,lyrics for the prayer,8100,0,0.03,1,False
prayers,prayer for surgery,8100,0,0.19,3,False
prayers,picture for prayer,8100,0,0.09,1,False
prayers,bible verse for the lord's prayer,8100,36,0.62,1,False
prayers,prayer for christmas,8100,0,1.71,1,False
prayers,prayer for protection against evil,8100,4,2.86,1,False
prayers,prayer for bobby movie,8100,13,0,1,False
prayers,quotes for prayer,8100,0,1.19,2,False
prayers,catholic prayer for deceased,8100,7,2.59,3,False
prayers,prayer for dead,8100,10,0.56,3,False
prayers,prayer for food,8100,9,0.05,2,False
prayers,prayer for sleeping,8100,15,2.18,1,False
prayers,fasting for prayer,8100,19,4.2,2,False
prayers,pictures for prayer,8100,0,0.09,1,False
prayers,prayer for operations,8100,5,0.06,1,False
prayers,prayer book for catholics,8100,0,0.8,1,False
prayers,christian prayer for protection from evil,8100,1,2.86,1,False
prayers,prayer for bobby,8100,10,0,1,False
prayers,prayer for jamaica,8100,0,0,1,False
prayers,prayer for the departed catholic,8100,0,2.59,2,False
prayers,quotation for prayer,8100,4,1.19,1,False
prayers,christian prayer for food,8100,4,0.05,1,False
prayers,prayer for you,8100,0,0.12,1,False
prayers,prayer for fasting and prayer,8100,21,4.2,1,False
prayers,time for zuhr prayer,8100,27,0,1,False
prayers,prayer for deceased,8100,0,0.56,2,False
prayers,prayer book for catholic,8100,0,0.8,1,False
prayers,prayer for birthday,8100,10,0.13,1,False
prayers,prayer for meal,8100,0,0.05,2,False
prayers,prayer for sleep christian,8100,18,2.18,1,False
prayers,images for prayer,8100,0,0.09,1,False
prayers,prayer for fasting and praying,8100,0,4.2,1,False
prayers,prayer for evil protection,8100,0,2.86,2,False
prayers,image for prayer,8100,0,0.2,1,False
prayers,timing for zuhr prayer,8100,26,0,1,False
prayers,prayer for operation,8100,5,0.19,3,False
prayers,prayer for meals,8100,0,0.05,1,False
prayers,prayer for surgeons,8100,0,0.19,1,False
prayers,prayer for xmas,8100,0,1.71,1,False
prayers,fast for prayer,8100,19,4.2,1,False
blocker-commercial,hiya call blocker app,8100,35,1.83,1,False
addiction-guides,addiction phone,8100,38,4.01,15,True
prayers,short powerful morning prayer,8100,11,4.02,1,False
bible-verses,bible verses about turning the other cheek,6600,9,4.41,1,False
bible-verses,bible verses for self-control,6600,0,0.02,4,True
bible-verses,bible verses for forgiveness of others,6600,0,3.48,3,False
bible-verses,bible verses about works,6600,0,1.89,1,False
bible-verses,bible verses for being lonely,6600,0,3.05,2,False
bible-verses,bible verses about death of loved one,6600,0,0.95,6,False
bible-verses,bible verses about renewing your mind,6600,3,10.34,3,False
bible-verses,bible verses for money,6600,0,3.86,4,True
bible-verses,bible verses about giving,6600,0,2.02,4,False
bible-verses,bible verses about faith without works is dead,6600,9,4.81,1,False
bible-verses,bible verses about fornication,6600,4,1.86,1,False
bible-verses,bible verses about working,6600,0,1.89,1,False
bible-verses,bible verses for new year,6600,0,1.74,6,False
bible-verses,bible verses for a woman,6600,0,1.99,2,False
bible-verses,bible verses about fearfully and wonderfully made,6600,7,2.4,1,False
bible-verses,bible verses about stressing,6600,0,2.13,1,False
bible-verses,verses in the bible about finances,6600,2,3.86,4,False
bible-verses,bible verses for matthew,6600,6,2.7,2,False
bible-verses,bible verses about great friends,6600,0,0.68,1,False
bible-verses,bible verses for bravery,6600,0,1.45,2,False
bible-verses,bible verses for fear and anxiety,6600,0,1.67,5,False
bible-verses,bible verses about lying,6600,0,0.09,3,False
bible-verses,bible verses about being blessed,6600,0,0.71,1,False
bible-verses,bible verses about love is patient,6600,14,0.41,1,False
bible-verses,bible verses for flowers,6600,1,0.17,4,False
bible-verses,king james bible verses about healing,6600,0,1.86,1,False
bible-verses,bible verses about faithfulness of god,6600,0,8.2,2,False
bible-verses,bible verses for work,6600,0,1.89,3,True
bible-verses,bible verses for new years,6600,0,1.74,3,False
bible-verses,bible verses for women,6600,0,1.46,5,False
bible-verses,bible verses about women's,6600,0,1.99,1,False
bible-verses,bible verses for sleeplessness,6600,0,0.42,2,False
bible-verses,bible verses for loneliness,6600,0,3.05,3,True
bible-verses,bible verses about workers,6600,0,1.89,1,False
bible-verses,bible verses eye for an eye,6600,0,0.04,3,False
bible-verses,bible verses for happiness,6600,0,1.52,4,True
bible-verses,bible verses about loss of loved ones,6600,0,0.95,1,False
bible-verses,bible verses about it is finished,6600,3,13.72,1,False
bible-verses,bible verses about trust in god in hard times,6600,0,8.18,1,False
bible-verses,bible verses about rapture,6600,7,0.61,2,False
bible-verses,bible verses for trusting god in hard times,6600,0,8.18,2,False
bible-verses,bible verses for strength and encouragement,6600,10,4.28,4,False
bible-verses,bible verses for stress,6600,0,2.13,4,True
bible-verses,bible verses for confidence,6600,0,2.49,3,False
bible-verses,bible verses for new beginning,6600,0,1.12,3,False
bible-verses,bible verses about loved one dying,6600,3,0.95,1,False
bible-verses,bible verses about happy life,6600,0,1.52,1,False
bible-verses,bible verses for strength and love,6600,13,5.8,4,False
bible-verses,bible verses for lies,6600,0,0.09,3,False
bible-verses,bible verses for discernment,6600,0,1.14,2,False
bible-verses,bible verses about do not be afraid,6600,4,2.48,1,False
bible-verses,bible verses for running a race,6600,0,2.33,4,False
bible-verses,bible verses for forgiving others,6600,0,3.48,2,False
bible-verses,bible verses for kindness,6600,0,0.91,2,True
bible-verses,bible verses for sleep,6600,0,0.42,3,False
bible-verses,bible verses for sleeping,6600,0,0.42,2,False
bible-verses,bible verses about womanhood,6600,0,1.99,1,False
bible-verses,bible verses for courage,6600,2,1.45,3,True
bible-verses,bible verses about losing loved ones,6600,0,0.95,2,False
bible-verses,bible verses about deceased loved ones,6600,3,0.95,1,False
bible-verses,bible verses about girlfriend,6600,3,2.81,1,False
bible-verses,bible verses for pictures,6600,18,0.2,3,False
bible-verses,bible verses about lie,6600,0,0.09,1,False
bible-verses,bible verses about trusting god in difficult times,6600,0,8.18,1,False
bible-verses,bible verses for loved ones dying,6600,11,0.95,3,False
bible-verses,bible verses about death of loved ones,6600,5,0.95,1,False
bible-verses,bible verses for loss of loved one,6600,5,0.95,6,False
bible-verses,bible verses for new beginnings,6600,0,1.12,2,True
bible-verses,bible verses for ladies,6600,0,1.99,1,False
bible-verses,bible verses for lost loved ones,6600,5,0.95,2,False
bible-verses,bible verses for loved ones that passed,6600,0,0.95,1,False
bible-verses,bible verses for wedding readings,6600,17,0.84,1,False
bible-verses,bible verses for lost loved one,6600,10,0.95,2,False
bible-verses,bible verses for blessing,6600,4,0.71,1,False
bible-verses,images for bible verses,6600,4,0.2,1,False
bible-verses,bible verses for lonely,6600,0,3.05,2,False
bible-verses,encouraging bible verses for strength,6600,4,4.28,1,False
bible-verses,encouraging bible verses for women,6600,0,2.6,1,False
bible-verses,bible verses for women encouragement,6600,0,2.6,4,False
prayers,st anthony prayer for lost thing,6600,0,0.59,1,False
prayers,st anthony prayer for lost item,6600,0,0.57,2,False
prayers,prayer for lost things saint anthony,6600,0,0.57,2,False
prayers,family prayer for protection,6600,6,1.13,8,False
prayers,prayer for holy mary,6600,14,0.12,1,False
prayers,prayer cards for memorial service,6600,3,4.48,1,False
prayers,prayer for thanks to the lord,6600,12,7.24,1,False
prayers,st anthony prayer for lost articles,6600,0,0.57,1,False
prayers,prayer for easter day,6600,3,0,1,False
prayers,prayer for healing sick,6600,7,0.66,11,False
prayers,healing prayer for sickness,6600,7,0.66,5,False
prayers,prayer sunday morning,6600,0,0.42,9,False
prayers,prayer for exam,6600,0,3.2,2,False
prayers,prayer for dad,6600,0,0.22,1,False
prayers,prayer for st peregrine,6600,0,0.15,1,False
prayers,prayer for lost things st anthony,6600,0,0.45,4,False
prayers,st anthony's prayer for lost things,6600,0,0.59,1,False
prayers,catholic prayer for food,6600,0,0.1,1,False
prayers,prayer for lost items st anthony,6600,0,0.57,2,False
prayers,prayer timings for today,6600,24,3.05,1,False
prayers,catholic prayer for eating,6600,0,0.1,1,False
prayers,prayer for alcoholics anonymous,6600,10,0.28,1,False
prayers,prayer for wednesday,6600,0,129.79,1,False
prayers,prayer for father,6600,0,0.22,3,False
prayers,prayer for thankfulness of god,6600,3,7.24,1,False
prayers,prayer for sunday,6600,0,0.45,1,False
prayers,prayer for examination,6600,0,3.2,1,False
prayers,prayer for our sons,6600,0,1.15,1,False
prayers,prayer for healing catholic,6600,0,1.37,2,False
prayers,prayer to god for thanks,6600,0,7.24,1,False
prayers,prayer for blessing,6600,14,0.17,3,False
prayers,catholic prayer for recovery,6600,0,1.37,1,False
prayers,prayer for test,6600,0,3.2,2,False
prayers,prayer for the armor of god,6600,0,0.52,1,False
prayers,prayer cards for funeral,6600,2,4.48,2,False
prayers,prayer for gratitude to god,6600,2,7.24,1,False
prayers,prayer for communion,6600,22,0.23,1,False
prayers,prayer for texas,6600,0,0,1,False
prayers,prayer for journey,6600,0,0.05,1,False
prayers,prayer to st anthony for missing items,6600,0,0.59,1,False
prayers,prayer for my son,6600,0,1.15,1,False
prayers,prayer for exams,6600,0,3.2,2,False
prayers,prayer for healing catholic church,6600,0,1.37,1,False
prayers,prayer for testing,6600,0,3.2,1,False
prayers,prayer for traveling,6600,1,0.05,1,False
prayers,prayer for daddy,6600,0,0.22,1,False
prayers,monday morning prayer,6600,1,2.37,5,False
prayers,short prayer for the day,6600,19,8.95,1,False
prayers,st anthony prayer for lost objects,6600,0,0.57,1,False
prayers,prayer for monday,6600,0,31.36,2,False
prayers,prayer for christian,6600,36,1.36,1,False
prayers,prayer for travel,6600,0,0.05,1,False
prayers,prayer for easter sunday,6600,1,0,1,False
prayers,short prayer for today,6600,10,8.95,1,False
prayers,prayer for st benedict,6600,0,0.13,1,False
prayers,roman catholic prayer for healing,6600,12,1.37,1,False
prayers,prayer for fathers,6600,0,0.22,1,False
prayers,catholic prayer for meals,6600,0,0.1,1,False
prayers,prayer for my sons,6600,0,1.15,1,False
prayers,prayer for st francis of assisi,6600,14,0.16,1,False
prayers,prayer for our son,6600,0,1.15,1,False
prayers,prayer to saint anthony for lost items,6600,0,0.59,1,False
prayers,prayers for funeral prayer cards,6600,0,4.48,1,False
prayers,prayer cards for funerals,6600,2,4.48,1,False
prayers,prayer for illness healing,6600,0,0.66,1,False
prayers,prayer card for funeral,6600,2,4.48,1,False
prayers,prayer for resurrection sunday,6600,3,0,1,False
prayers,meaning for prayer,6600,14,0.39,1,False
prayers,prayer for fatherhood,6600,28,0.22,1,False
prayers,prayer for a trip,6600,0,0.05,1,False
blocker-commercial,ads blocker app for android,6600,65,4.55,2,False
blocker-commercial,ad blocker app for android,6600,80,4.55,15,False
prayers,morning offering prayer,6600,11,0.09,2,False
bible-verses,bible verses about loving your enemies,5400,7,5.5,1,False
bible-verses,bible verses about reaping what you sow,5400,9,0.02,1,False
bible-verses,comforting bible verses about dying,5400,0,1.19,2,False
bible-verses,bible verses for motivation,5400,9,2.61,2,False
bible-verses,bible verses for addictions,5400,0,1.34,2,False
bible-verses,bible verses about praises to god,5400,0,5.12,1,False
bible-verses,bible verses for courage and strength,5400,2,2.93,6,False
bible-verses,comfort bible verses for loss,5400,4,1.19,3,False
bible-verses,bible verses about waiting on the lord,5400,0,5.58,1,False
bible-verses,bible verses for 10 commandments,5400,40,0.36,3,False
bible-verses,bible verses about husbands and wife,5400,0,1.57,1,False
bible-verses,bible verses for deliverance,5400,0,1.74,3,False
bible-verses,comforting bible verses for death,5400,5,1.19,5,False
bible-verses,bible verses about two is better than one,5400,8,0.02,1,False
bible-verses,bible verses about marriage husband and wife,5400,19,1.57,1,False
bible-verses,bible verses about feeling down,5400,0,1.77,1,False
bible-verses,bible verses for husband,5400,0,0.56,3,False
bible-verses,bible verses for heart,5400,0,3.42,5,False
bible-verses,bible verses about worshiping,5400,0,1.42,1,False
bible-verses,bible verses about letting your light shine,5400,0,3.98,1,False
bible-verses,bible verses for growth,5400,0,3.79,2,False
bible-verses,bible verses for wife,5400,0,0.55,4,False
bible-verses,bible verses for peace of mind,5400,0,1.92,2,True
bible-verses,bible verses about consolation in death,5400,6,1.19,1,False
bible-verses,bible verses for husbands,5400,0,0.56,3,False
bible-verses,bible verses about with god all things are possible,5400,1,0.74,2,False
bible-verses,bible verses about loving your neighbor as yourself,5400,8,6.03,1,False
bible-verses,bible verses for daughter,5400,0,0.48,5,False
bible-verses,bible verses about faith love and hope,5400,6,0.76,4,False
bible-verses,bible verses for love relationship,5400,6,1.43,5,False
bible-verses,bible verses about ten commandments,5400,28,0.36,2,False
bible-verses,comfort for death bible verses,5400,1,1.19,7,False
bible-verses,bible verses for teacher,5400,0,2.34,2,False
bible-verses,bible verses for relationships love,5400,2,1.43,12,False
bible-verses,bible verses for wife and husband,5400,0,1.57,7,False
bible-verses,bible verses for fasting and prayer,5400,0,2.24,3,False
bible-verses,bible verses about giving up,5400,0,2.33,1,False
bible-verses,bible verses for fasting and praying,5400,1,2.24,3,False
bible-verses,bible verses for losing a loved one,5400,2,0.84,2,False
bible-verses,bible verses about words of encouragement,5400,3,1.71,1,False
bible-verses,verses about worship in the bible,5400,0,1.42,1,True
bible-verses,bible verses about loving your enemy,5400,7,5.5,1,False
bible-verses,bible verses for praise,5400,0,1.79,2,False
bible-verses,bible verses for healing the body,5400,0,1.17,3,False
bible-verses,bible verses for daughters,5400,0,0.48,3,False
bible-verses,bible verses about come as you are,5400,0,0.16,1,False
bible-verses,bible verses for man,5400,5,3.64,3,False
bible-verses,bible verses for trust,5400,0,2.15,2,False
bible-verses,bible verses about waiting on god,5400,0,1.49,1,True
bible-verses,bible verses for hard time,5400,0,1.66,3,False
bible-verses,bible verses about rainbows,5400,2,0.99,1,False
bible-verses,bible verses about coming as you are,5400,0,0.16,1,False
bible-verses,bible verses about being positive,5400,0,3.49,1,False
bible-verses,bible verses for teachers,5400,0,0.78,2,False
bible-verses,bible verses about immigrants,5400,8,1.64,1,False
bible-verses,bible verses for sadness,5400,0,1.77,2,True
bible-verses,bible verses for wives,5400,0,0.55,3,False
bible-verses,bible verses about praise to god,5400,0,5.12,1,False
bible-verses,bible verses for tough times,5400,0,1.66,2,False
bible-verses,bible verses for addiction,5400,0,1.34,3,True
bible-verses,bible verses about the rainbow,5400,2,0.99,1,False
bible-verses,bible verses about reap what you sow,5400,19,0.02,1,False
bible-verses,bible verses for difficult times,5400,0,1.66,2,False
bible-verses,bible verses about growing,5400,0,3.79,1,False
bible-verses,bible verses about two are better than one,5400,9,0.02,1,False
bible-verses,bible verses about praising the lord,5400,0,5.12,1,False
bible-verses,bible verses for mental health,5400,0,7.66,2,False
bible-verses,bible verses for hard times,5400,0,1.66,3,False
bible-verses,bible verses about never giving up,5400,0,2.33,1,False
bible-verses,bible verses for teaching,5400,0,2.34,2,False
bible-verses,bible verses about love your enemies,5400,7,5.5,1,False
bible-verses,bible verses about false prophets,5400,0,1.79,1,False
bible-verses,bible verses about wise,5400,15,1.3,1,False
bible-verses,bible verses for husbands to wives,5400,0,0.79,4,False
bible-verses,bible verses for righteousness,5400,5,16.33,2,False
bible-verses,bible verses for endurance,5400,0,1.59,2,False
bible-verses,bible verses for men,5400,0,3.64,2,False
bible-verses,bible verses about love never fails,5400,14,0.52,1,False
bible-verses,verses in the bible about speaking in tongues,5400,0,0.35,1,False
bible-verses,bible verses about encouraging words,5400,3,1.71,1,False
bible-verses,bible verses tattoos for guys,5400,0,0.55,3,False
bible-verses,comforting bible verses for loss,5400,2,1.19,1,False
bible-verses,bible verses for birthday greetings,5400,7,0.44,1,False
bible-verses,bible verses for not giving up,5400,0,2.33,1,False
bible-verses,bible verses for guys,5400,0,3.64,1,False
bible-verses,bible verses for sad,5400,0,1.77,2,False
bible-verses,bible verses for fasting and prayers,5400,0,2.24,1,False
bible-verses,tattoo bible verses for guys,5400,0,0.55,1,False
bible-verses,bible verses for fast and prayer,5400,0,2.24,1,False
bible-verses,tattoo bible verses for men,5400,0,0.55,1,False
bible-verses,bible verses for catholic,5400,16,8.89,1,False
bible-verses,bible verses as for me and my house,5400,13,2.45,1,False
bible-verses,comfort for the dying bible verses,5400,0,1.19,2,False
bible-verses,bible verses for an addict,5400,0,1.34,1,False
bible-verses,bible verses for challenging times,5400,0,1.66,1,False
bible-verses,bible verses tattoos for men,5400,0,0.55,1,False
bible-verses,bible verses for consoling death,5400,7,1.19,1,False
bible-verses,allintitle: bible verses for tattoos for guys,5400,0,0.55,1,False
bible-verses,bible verses for when times are tough,5400,0,1.66,1,False
bible-verses,bible verses for positivity,5400,8,3.49,1,False
blocker-commercial,spam blocker app,5400,86,4.3,4,False
christian-apps,best christian bible app,5400,26,3.04,6,False
prayers,morning prayer friday,5400,2,5.24,5,False
prayers,family morning prayer,5400,5,0.48,4,False
prayers,morning tuesday prayer,5400,5,0.11,4,False
prayers,short prayer morning,5400,24,0.89,5,False
prayers,thursday prayer morning,5400,0,0.59,6,False
prayers,wed morning prayer,5400,0,21.31,1,False
prayers,morning prayer wednesday,5400,0,21.31,5,False
prayers,short prayer for this morning,5400,24,0.89,1,False
devotionals,daily devotional for ladies,5400,18,2.14,1,False
devotionals,daily devotional for today joyce meyer,5400,46,9.65,2,False
devotionals,morning devotional for women,5400,15,2.14,1,False
bible-verses,bible verses for rest,4400,0,2.36,2,True
bible-verses,bible verses for peace and comfort,4400,0,3.98,3,False
bible-verses,bible verses about fearing god,4400,8,2.47,1,False
bible-verses,bible verses about god being good,4400,0,8.48,1,False
bible-verses,bible verses for freedom,4400,15,0.26,3,False
bible-verses,bible verses about time,4400,0,0.61,1,False
bible-verses,bible verses about john,4400,15,6.52,1,False
bible-verses,bible verses about night,4400,0,5.08,3,False
bible-verses,bible verses about sisterhood,4400,0,0.48,1,False
bible-verses,bible verses about the sparrow,4400,3,6.05,1,False
bible-verses,verses in the bible about tithing,4400,13,3.81,1,True
bible-verses,bible verses about truthfulness,4400,0,0.78,1,False
bible-verses,bible verses about peace in god,4400,13,1.68,4,False
bible-verses,bible verses about parent,4400,0,1.09,1,False
bible-verses,bible verses about peacefulness,4400,0,1.47,1,False
bible-verses,bible verses about mind,4400,0,3.1,2,False
bible-verses,bible verses about light,4400,0,2.1,3,False
bible-verses,bible verses about valentine day,4400,0,0.03,1,False
bible-verses,bible verses about sparrows,4400,0,6.05,1,False
bible-verses,bible verses about temptation,4400,0,1.06,3,True
bible-verses,bible verses for nature,4400,1,0.14,3,False
bible-verses,bible verses for truth,4400,0,0.78,4,False
bible-verses,bible verses about happy birthday,4400,2,0.21,1,False
bible-verses,bible verses about blood of jesus,4400,0,0.52,2,False
bible-verses,bible verses for jesus,4400,0,9.18,3,False
bible-verses,bible verses about leadership,4400,0,1,2,True
bible-verses,bible verses about the great commission,4400,3,14.74,1,False
bible-verses,bible verses about christmas day,4400,0,2.82,1,False
bible-verses,bible verses about mark of the beast,4400,23,5.48,2,False
bible-verses,bible verses about do not worry,4400,5,1.24,1,False
bible-verses,bible verses for valentine's day,4400,0,0.03,2,False
bible-verses,bible verses about grace,4400,0,1.41,1,True
bible-verses,bible verses for leaders,4400,0,1,2,False
bible-verses,bible verses about revenge,4400,0,0.02,2,False
bible-verses,bible verses short about love,4400,7,0.37,3,False
bible-verses,bible verses about parenting,4400,0,1.09,2,True
bible-verses,bible verses about vengeance is mine,4400,21,2.02,1,False
bible-verses,bible verses about vengeance,4400,4,0.02,1,False
bible-verses,bible verses about sisters,4400,0,0.48,2,False
bible-verses,bible verses about god plan,4400,0,1.77,1,False
bible-verses,bible verses about sickness,4400,0,2.4,1,False
bible-verses,bible verses about leading,4400,0,1,1,False
bible-verses,bible verses about resurrection,4400,8,6.24,2,False
bible-verses,bible verses for community,4400,0,1.3,3,False
bible-verses,bible verses about god is good,4400,0,8.48,2,False
bible-verses,bible verses about parents,4400,0,1.09,1,False
bible-verses,bible verses about identity in christ,4400,0,8.91,1,False
bible-verses,bible verses about fear god,4400,5,2.47,2,False
bible-verses,for the sick bible verses,4400,0,2.4,2,False
bible-verses,verses in the bible about tithe,4400,2,3.81,2,False
bible-verses,bible verses about timing,4400,5,0.61,1,False
bible-verses,bible verses about fear of the lord,4400,7,2.47,1,False
bible-verses,bible verses about the goodness of god,4400,0,8.48,1,False
bible-verses,bible verses about god's peace,4400,13,1.68,1,False
bible-verses,bible verses about mindset,4400,0,3.1,1,False
bible-verses,bible verses about god's plan,4400,1,1.77,1,False
bible-verses,christmas bible verses for christmas,4400,4,2.82,1,False
bible-verses,bible christmas verses for cards,4400,0,1.24,3,False
bible-verses,bible verses for encouragement king james version,4400,0,2.59,1,False
bible-verses,bible verses for sister,4400,,0.48,2,False
bible-verses,bible verses for a leader,4400,0,1,1,False
bible-verses,bible verses for holiday cards,4400,0,1.24,1,False
bible-verses,bible verses for illness,4400,0,0.77,1,False
bible-verses,christmas bible verses for christmas cards,4400,5,1.24,1,False
bible-verses,bible verses for today catholic,4400,92,16.07,1,False
blocker-commercial,app blocker,4400,67,3.38,9,False
verse-display,aesthetic bible verse wallpaper,4400,0,0.13,4,False
prayers,morning prayer saturday,4400,20,1.05,6,False
prayers,powerful good morning prayer,4400,6,0.09,4,False
prayers,bless your day with this powerful morning prayer,4400,25,0.98,1,False
prayers,morning prayer to start the day,4400,21,3.09,2,False
devotionals,devotional for men,4400,12,1.19,2,False
devotionals,our daily bread devotional for today online,4400,65,15.25,1,False
bible-verses,bible verses about god's timing,3600,0,1.92,1,False
bible-verses,bible verses about mother love,3600,0,0.19,2,False
bible-verses,bible verses about tithes,3600,2,1.95,1,False
bible-verses,bible verses about unequally yoked,3600,10,0.03,1,False
bible-verses,bible verses about love family,3600,0,1.82,4,False
bible-verses,bible verses about sinners,3600,3,0.33,1,False
bible-verses,bible verses about jealousy,3600,0,0.02,2,True
bible-verses,bible verses about the birth of jesus,3600,2,12.09,1,False
bible-verses,bible verses about the spirit of fear,3600,0,3.15,1,False
bible-verses,bible verses about grandfathers,3600,0,0.08,1,False
bible-verses,bible verses about encourage one another,3600,16,1.65,1,False
bible-verses,bible verses about the heavens,3600,0,3.6,1,False
bible-verses,bible verses about victory,3600,0,1.71,2,False
bible-verses,bible verses about loving mothers,3600,0,0.19,1,False
bible-verses,bible verses about goodness,3600,0,2.88,1,False
bible-verses,bible verses about loving each other,3600,0,1.42,1,False
bible-verses,bible verses about renewal of the mind,3600,5,27.24,1,False
bible-verses,bible verses about god's,3600,0,3.13,1,False
bible-verses,bible verses about dying to self,3600,0,0.06,1,False
bible-verses,bible verses about encouragement to others,3600,2,2.5,1,False
bible-verses,bible verses about loving everyone,3600,13,1.42,1,False
bible-verses,verses in the bible about judging,3600,6,0.02,1,False
bible-verses,bible verses about the trinity,3600,4,0.89,4,False
bible-verses,verses in the bible about serving others,3600,0,1.19,1,False
bible-verses,verses about heaven in the bible,3600,0,3.6,1,True
bible-verses,verses about judgement in the bible,3600,0,0.02,1,False
bible-verses,bible verses about hell,3600,0,1.04,2,True
bible-verses,bible verses about success,3600,0,4.2,2,True
bible-verses,bible verses about temptations,3600,0,1.1,1,False
bible-verses,bible verses about love corinthians,3600,49,0.73,2,False
bible-verses,bible verses about sin,3600,0,0.84,1,False
bible-verses,bible verses about condemning others,3600,2,1.04,1,False
bible-verses,verses about suicide in the bible,3600,0,0,1,False
bible-verses,bible verses about offerings,3600,,1,1,False
bible-verses,bible verses about offering,3600,0,1,1,False
bible-verses,verses about stewardship in the bible,3600,0,6.74,1,False
bible-verses,bible verses about god is with you,3600,13,2.39,1,False
bible-verses,bible verses about god's time,3600,0,1.92,1,False
bible-verses,bible verses about i can do all things,3600,12,1.02,1,False
bible-verses,bible verses about mothers love,3600,0,0.19,1,False
bible-verses,bible verses about breakups,3600,0,1.03,1,True
bible-verses,bible verses about jesus resurrection,3600,5,14.7,2,False
bible-verses,bible verses about grandma,3600,,0.08,1,False
bible-verses,bible verses about succeeding,3600,0,4.2,1,False
bible-verses,bible verses about grandparents,3600,0,0.08,1,False
bible-verses,bible verses about love 1 corinthians,3600,42,0.27,1,False
bible-verses,bible verses about the trinity of god,3600,31,0.89,1,False
bible-verses,bible verses about self worth,3600,0,4.46,1,True
bible-verses,bible verses about power of prayer,3600,0,1.68,1,False
bible-verses,bible verses about god is in control,3600,0,2.83,1,False
bible-verses,bible verses about love for others,3600,0,1.42,1,False
bible-verses,bible verses about the light of the world,3600,6,12.93,1,False
bible-verses,bible verses about encouraging others,3600,13,2.5,1,False
bible-verses,bible verses about self esteem,3600,0,4.46,1,False
bible-verses,bible verses about divorce,3600,7,1.43,1,False
bible-verses,verses about pride in the bible,3600,4,2,1,True
bible-verses,bible verses about salt and light,3600,11,0.35,1,False
bible-verses,bible verses about love each other,3600,6,1.42,1,False
bible-verses,bible verses about gossip,3600,0,0.02,1,False
blocker-commercial,spam blocker app iphone,3600,40,3.91,2,False
blocker-commercial,advertisement blocker app for android,3600,80,3.16,1,False
verse-display,iphone bible verse wallpaper,3600,0,1.29,6,False
blocker-commercial,screen time management app,3600,46,4.73,2,False
blocker-commercial,app to manage screen time,3600,47,4.73,3,False
prayers,morning offering prayer catholic,3600,13,0.1,6,False
prayers,morning prayer youtube,3600,4,5.2,3,False
prayers,roman catholic morning offering prayer,3600,23,0.1,1,False
prayers,orthodox christian morning prayer,3600,0,10.79,1,False
prayers,morning prayer orthodox church,3600,0,10.79,1,False
prayers,morning orthodox prayer,3600,0,10.79,3,False
prayers,morning prayer catholic daily offering,3600,10,0.1,1,False
prayers,morning offering prayer catholic church,3600,14,0.1,1,False
prayers,eastern orthodox morning prayer,3600,0,10.79,1,False
blocker-commercial,brick app blocker,2900,12,1.28,2,False
blocker-commercial,adguard ad blocker app,2900,80,0.07,1,False
blocker-commercial,spam blocker app android,2900,52,4.06,3,False
blocker-commercial,screen time app,2900,65,3.07,8,True
prayers,morning prayer bill winston,2900,2,0,2,False
prayers,divine office morning prayer today,2900,62,10.33,2,False
prayers,morning prayer by bill winston,2900,6,0,1,False
prayers,liturgy hours morning prayer today,2900,34,10.33,4,False
prayers,psalm 91 morning prayer,2900,1,1.8,1,False
prayers,psalms 91 morning prayer,2900,1,1.8,1,False
devotionals,utmost for his highest devotional,2900,23,0.63,5,False
devotionals,intouch devotional for today,2900,21,12.93,1,False
devotionals,david jeremiah daily devotional for today,2900,0,0.33,1,False
devotionals,morning devotional for today,2900,76,1.16,1,False
devotionals,devotional for couples,2900,0,0.86,2,False
devotionals,devotional for couple,2900,0,0.86,1,False
devotionals,intouch daily devotional for today,2900,22,12.93,1,False
devotionals,in touch devotional for today,2900,26,12.93,1,False
devotionals,in touch daily devotional for today,2900,18,12.93,1,False
blocker-commercial,iphone blocker app,2400,17,4.13,9,False
verse-display,cute bible verse wallpaper,2400,0,0.07,2,False
verse-display,bible verse wallpaper black,2400,0,0.02,5,False
verse-display,lock screen bible verse,2400,0,1.84,10,True
prayers,jewish prayer morning,2400,3,7.54,5,False
prayers,luther's morning prayer,2400,0,0.03,1,False
prayers,morning prayer god,2400,20,0.39,3,False
prayers,morning prayer hebrew,2400,0,7.54,2,False
prayers,morning inspirational prayer,2400,26,0.49,1,False
prayers,motivational morning prayer,2400,17,0.49,2,False
prayers,sunday morning prayer blessings,2400,0,0.35,3,False
prayers,sunday morning prayer blessing,2400,9,0.35,3,False
prayers,alcoholics anonymous morning prayer,2400,0,0.08,1,False
prayers,morning prayer judaism,2400,0,7.54,2,False
prayers,morning motivation prayer,2400,17,0.49,4,False
prayers,luther morning prayer,2400,0,0.03,1,False
prayers,morning aa prayer,2400,0,0.08,3,False
prayers,inspiring morning prayer,2400,17,0.49,1,False
prayers,morning inspiration prayer,2400,13,0.49,2,False
prayers,uplifting morning prayer,2400,8,0.49,2,False
devotionals,daily devotional for catholics,2400,56,3.69,1,False
devotionals,devotional for christmas,2400,0,1.3,1,False
devotionals,synonym for devotional,2400,0,0,1,False
devotionals,devotional for the day,2400,76,1.75,2,False
devotionals,daily devotional for prayer,2400,70,0.39,1,False
devotionals,daily devotional for catholic,2400,64,3.69,1,False
devotionals,catholic devotional for today,2400,64,3.69,1,False
blocker-commercial,app ad blocker iphone,1900,15,2.18,5,False
blocker-commercial,best free spam call blocker app for android,1900,68,3.04,3,False
verse-display,lock screen bible verse wallpaper,1900,0,0.02,2,False
christian-apps,christian meditation app,1900,38,3.84,6,False
christian-apps,salt christian dating app,1900,35,6.12,1,False
christian-apps,christian prayers app,1900,58,2.89,1,False
prayers,daily morning prayer,1900,26,8.05,1,False
prayers,good morning prayer for her,1900,0,0.1,1,False
prayers,blessing morning prayer,1900,20,0.13,2,False
prayers,blessings morning prayer,1900,26,0.13,2,False
prayers,daily morning prayer christian,1900,45,8.05,2,False
prayers,blessed morning prayer,1900,14,0.13,1,False
prayers,bless morning prayer,1900,34,0.13,1,False
devotionals,devotional for women book,1900,0,0.84,1,False
devotionals,another word for devotional,1900,0,0,1,False
devotionals,daily devotional books for women,1900,9,0.84,1,False
devotionals,my utmost for his highest devotional today,1900,24,2.51,1,False
devotionals,daily devotional book for women,1900,0,0.84,1,False
devotionals,open heaven devotional for today,1900,47,0,1,False
devotionals,open heaven daily devotional for today,1900,47,0,1,False
devotionals,open heavens devotional for today,1900,64,0,1,False
devotionals,open heavens daily devotional for today,1900,52,0,1,False
devotionals,devotional books for women,1900,0,0.84,1,False
blocker-commercial,youtube app ad blocker,1600,29,2.35,4,False
blocker-commercial,advertisement blocker app,1600,79,4.32,1,False
blocker-commercial,freedom app blocker,1600,23,1.26,2,False
blocker-commercial,ad blocker app,1600,54,4.32,13,False
blocker-commercial,iphone spam call blocker app,1600,29,2.23,4,False
verse-display,christian bible verse wallpaper,1600,0,0.08,5,False
verse-display,bible verse computer wallpaper,1600,0,0,4,False
verse-display,bible verse wallpaper desktop,1600,0,0,6,False
christian-apps,christian mingle app,1600,22,9.88,2,False
christian-apps,christian prayer app,1600,59,4.85,6,False
blocker-commercial,opal screen time app,1600,11,5.73,4,False
blocker-commercial,app for limiting screen time,1600,46,4.09,3,False
blocker-commercial,app limit screen time,1600,46,4.09,11,False
blocker-commercial,app that limits screen time,1600,48,4.09,1,False
blocker-commercial,app limits screen time,1600,46,4.09,4,False
prayers,gratitude prayer morning,1600,0,0.59,5,False
prayers,monday morning prayer blessings,1600,3,0.08,1,False
prayers,monday morning prayer blessing,1600,11,0.08,1,False
prayers,thursday morning blessing prayer,1600,0,0.02,1,False
devotionals,david jeremiah devotional for today,1600,5,0.28,1,False
devotionals,devotional for prayer,1600,34,4.01,1,False
devotionals,turning point david jeremiah daily devotional for today,1600,47,0.34,1,False
devotionals,our daily bread devotional for today audio,1600,59,6.49,1,False
devotionals,devotional bibles for women,1600,0,1.28,1,False
devotionals,catholic devotional for women,1600,5,0.95,1,False
devotionals,bible verse for devotional,1600,36,11.41,1,False
devotionals,charles stanley devotional for today,1600,37,14.34,1,False
devotionals,app for daily devotional,1600,55,3.08,1,False
blocker-commercial,time blocker app,1300,7,4.97,1,False
verse-display,pink bible verse wallpaper,1300,0,0.04,5,False
verse-display,bible verse phone wallpaper,1300,0,1.28,7,False
verse-display,aesthetic pink bible verse wallpaper,1300,0,0.02,1,False
addiction-guides,how to break phone addiction,1300,11,0.82,6,False
addiction-guides,how to stop phone addiction,1300,14,1.82,4,False
addiction-guides,cell phone addiction,1300,35,2.78,5,False
addiction-guides,mobile phone addiction,1300,45,2.78,5,False
blocker-commercial,screen time tracking app,1300,32,1.92,2,False
blocker-commercial,apple screen time parental control app,1300,68,2.19,1,False
devotionals,insight for living daily devotional,1300,42,29.77,1,False
devotionals,jesus calling devotional for today,1300,17,12.72,2,False
devotionals,daily devotional for hope,1300,26,5.43,1,False
devotionals,devotional for lent,1300,0,1.35,1,False
devotionals,daily devotional for lent,1300,10,1.35,1,False
blocker-commercial,website blocker app,1000,69,3.87,3,False
blocker-commercial,caller id blocker app,1000,68,1.83,1,False
blocker-commercial,phone blocker app,1000,62,3.94,2,False
blocker-commercial,robocalls blocker app,1000,80,3.46,1,False
blocker-commercial,auto blocker app,1000,0,5.93,2,False
blocker-commercial,robocall blocker app,1000,86,3.46,1,False
blocker-commercial,site blocker app,1000,76,3.87,1,False
blocker-commercial,web blocker app,1000,69,3.87,1,False
blocker-commercial,spam text blocker app,1000,41,2.96,1,False
blocker-commercial,hiya spam blocker app,1000,31,1.37,1,False
verse-display,girly bible verse wallpaper,1000,0,0.05,1,False
christian-apps,ark christian dating app,1000,10,3.49,1,False
christian-apps,christian hypnobirthing app,1000,5,1.34,1,False
blocker-commercial,iphone screen time app,1000,54,4.28,5,False
devotionals,joel osteen daily devotional for today,1000,23,0.68,1,False
devotionals,utmost for his highest daily devotional,1000,24,0.42,3,False
devotionals,daily devotional for couples,1000,0,1.14,1,False
devotionals,daily devotional books for men,1000,0,1.15,1,False
devotionals,devotional books for men,1000,0,0.85,1,False
devotionals,devotional for easter,1000,0,0.32,1,False
devotionals,devotional for marriage,1000,5,1.75,1,False
devotionals,biblical devotional for today,1000,62,4.43,1,False
devotionals,devotional book for men,1000,0,1.15,1,False
devotionals,daily devotional book for men,1000,0,1.15,1,False
devotionals,joel osteen devotional for today,1000,19,0.68,1,False
devotionals,devotional books for guys,1000,0,0.85,1,False
blocker-commercial,social media app blocker,880,61,4.06,2,False
blocker-commercial,android app blocker,880,61,4.23,3,False
verse-display,bible verse pink cross wallpaper,880,0,0,1,False
verse-display,aesthetic bible verse laptop wallpaper,880,0,0,2,False
verse-display,bible verse wallpaper 4k,880,0,0.94,1,False
blocker-commercial,screen time control app,880,47,3.06,10,False
blocker-commercial,app that controls screen time,880,55,3.27,1,False
blocker-commercial,screen time parental control app,880,68,4.71,2,False
blocker-commercial,app for controlling screen time,880,47,3.27,1,False
blocker-commercial,screen time unlock app,880,21,6.95,2,False
devotionals,today devotional for women,880,47,2.8,3,False
devotionals,insight for living devotional,880,42,0,1,False
devotionals,devotional for couples book,880,0,0.64,2,False
devotionals,devotional for teachers,880,0,0.57,1,False
devotionals,today's devotional for women,880,42,2.8,1,False
blocker-commercial,freedom website blocker app,720,36,0.01,1,False
verse-display,inspirational aesthetic bible verse wallpaper,720,0,0.13,1,False
verse-display,aesthetic bible verse wallpaper iphone,720,0,0,1,False
verse-display,pinterest bible verse wallpaper,720,0,0.2,2,False
verse-display,christmas wallpaper bible verse,720,0,0,4,False
verse-display,bible verse laptop wallpaper,720,0,28.31,3,False
addiction-guides,phone addiction symptoms,720,31,0.08,2,False
addiction-guides,help for phone addiction,720,16,5.35,4,False
blocker-commercial,screen time limiter app,720,46,3.44,1,False
blocker-commercial,screen time tracker app,720,19,3.42,1,False
devotionals,devotional for teenagers,720,,1.11,1,False
devotionals,oswald chambers devotional for today,720,30,6.46,1,False
devotionals,daily strength for women devotional,720,0,0.21,1,False
devotionals,turning point daily devotional for today,720,47,0.15,1,False
devotionals,devotional for families,720,6,0.82,1,False
devotionals,jesus calling devotional for women,720,25,0.23,1,False
devotionals,daily strength for women a 365 day devotional,720,0,1.49,2,False
devotionals,joyce meyer devotional for today,720,46,28.73,2,False
devotionals,devotional for family,720,6,0.82,1,False
devotionals,devotional readings for today,720,76,1.35,1,False
devotionals,devotional for teens,720,20,1.11,1,False
devotionals,daily strength for men devotional,720,6,0.34,1,False
devotionals,devotional for anxiety,720,0,1.94,1,False
devotionals,daily devotional reading for today,720,75,1.35,1,False
devotionals,devotional reading for today,720,76,1.35,1,False
blocker-commercial,pop-up blocker android app,590,57,1.18,5,False
blocker-commercial,ads app blocker,590,80,3.99,1,False
verse-display,lock screen bible verse black wallpaper,590,0,0,1,False
verse-display,cross wallpaper with bible verse,590,0,0,2,False
christian-apps,christian devotional app,590,46,1.43,2,False
christian-apps,christian movie app,590,55,5.5,3,False
christian-apps,christian streaming app,590,64,5.68,2,False
christian-apps,christian movies app,590,42,5.5,6,False
christian-apps,christian tv app,590,64,6.68,2,False
addiction-guides,smart phone addiction,590,50,1.45,1,False
blocker-commercial,screen time app for android,590,24,4.61,4,False
blocker-commercial,apple screen time app,590,60,1.91,2,False
devotionals,faith to faith devotional for today,590,4,2.26,1,False
devotionals,the word for today devotional,590,65,30.28,2,False
devotionals,christian devotional for women,590,12,2.15,1,False
devotionals,daily devotional for women online,590,42,5.47,2,False
devotionals,devotional for married couples,590,0,0.92,1,False
devotionals,devotional for thanksgiving day,590,0,29.53,1,False
devotionals,charles stanley daily devotional for today,590,45,0,1,False
devotionals,devotional books for families,590,0,0.72,1,False
devotionals,daily devotional for women christian,590,22,2.15,2,False
devotionals,billy graham daily devotional for today,590,3,2.33,1,False
devotionals,short devotional for today,590,62,21.39,1,False
devotionals,daily devotional for teens,590,37,0.61,1,False
devotionals,christian devotional for couples,590,0,1.84,1,False
devotionals,devotional for mothers,590,0,0.61,1,False
devotionals,devotional for women online,590,32,5.47,2,False
devotionals,devotional for mom,590,0,0.61,1,False
devotionals,greg laurie daily devotional for today,590,21,11.45,1,False
devotionals,devotional for thanksgiving,590,0,29.53,1,False
blocker-commercial,bloom app blocker,480,18,1.56,1,False
verse-display,lockscreen aesthetic bible verse wallpaper,480,0,0,1,False
verse-display,lock screen aesthetic bible verse wallpaper pink,480,0,0,1,False
verse-display,lock screen aesthetic bible verse wallpaper,480,0,0,1,False
verse-display,cute pink bible verse wallpaper,480,0,0.02,1,False
verse-display,bible verse background wallpaper,480,0,0.03,1,False
verse-display,how to add bible verse widget lock screen,480,5,1.8,2,False
christian-apps,abide christian meditation app,480,29,0.38,1,False
christian-apps,christian music app,480,12,1,7,False
addiction-guides,phone addiction treatment,480,27,9.13,2,False
addiction-guides,phone addiction therapy,480,1,9.13,2,False
addiction-guides,phone addiction blocker,480,10,0,1,False
addiction-guides,stop phone addiction,480,14,1.47,3,False
addiction-guides,phone addiction rehab,480,4,9.13,2,False
addiction-guides,breaking addiction to phone,480,36,1.47,2,False
addiction-guides,break addiction to phone,480,35,1.47,2,False
addiction-guides,quit phone addiction,480,16,1.47,1,False
addiction-guides,quitting phone addiction,480,44,1.47,1,False
blocker-commercial,screen time reducing app,480,38,5.26,4,False
blocker-commercial,screen time reduction app,480,17,5.26,2,False
blocker-commercial,screen time reduce app,480,47,5.26,5,False
blocker-commercial,app to track screen time,480,46,1.99,1,False
blocker-commercial,app that tracks screen time,480,46,1.99,1,False
devotionals,devotional for good friday,480,0,0,1,False
devotionals,online daily devotional for men,480,23,3.88,2,False
devotionals,devotional for love,480,0,14.59,1,False
devotionals,advent devotional for families,480,0,0,1,False
devotionals,devotional for men online,480,,3.88,1,False
devotionals,christian daily devotional for today,480,84,28.6,1,False
devotionals,devotional for new year,480,0,0,3,False
devotionals,christian devotional for today,480,76,28.6,2,False
devotionals,crosswalk devotional for today,480,68,0.97,1,False
devotionals,proverbs 31 devotional for today,480,25,4.89,1,False
devotionals,devotional prayer for today,480,75,2.61,1,False
devotionals,devotional for new years,480,0,0,1,False
devotionals,365 daily devotional for men,480,9,2.78,1,False
devotionals,devotional for youth,480,37,0.95,1,False
devotionals,devotional for women's group,480,0,12.23,1,False
devotionals,david jeremiah daily devotional strength for today,480,28,0.03,1,False
devotionals,365 day devotional for men,480,5,1.6,2,False
blocker-commercial,blue light blocker app,390,22,0.94,1,False
verse-display,bible verse jesus wallpaper aesthetic,390,0,0,1,False
verse-display,cute girly bible verse wallpaper,390,0,0.13,1,False
christian-apps,dating app for christian singles,390,58,5.54,4,False
addiction-guides,how to get rid of phone addiction,390,11,1.38,3,False
addiction-guides,phone addiction reddit,390,0,0,2,False
blocker-commercial,app for monitoring screen time,390,47,6.54,2,False
blocker-commercial,screen time manager app,390,21,5.81,1,False
blocker-commercial,app that monitors screen time,390,26,6.54,1,False
blocker-commercial,app to monitor screen time,390,32,6.54,3,False
devotionals,for such a time as this an emergency devotional,390,0,0.9,2,False
devotionals,devotional lessons for youth,390,2,2.06,1,False
devotionals,men's devotional for today,390,58,9.28,2,False
devotionals,jesus calling daily devotional for today,390,12,0.29,2,False
devotionals,christian daily devotional for men,390,28,1.51,1,False
devotionals,devotional for couples dating,390,0,0.51,2,False
devotionals,devotional for mother's day,390,0,0.34,1,False
devotionals,devotional for seniors,390,0,3.72,1,False
devotionals,devotional lesson for youth,390,0,2.06,1,False
devotionals,devotional for today rick warren,390,36,0.05,2,False
devotionals,mens devotional for today,390,58,9.28,1,False
devotionals,ideas for devotional,390,10,20.98,1,False
devotionals,sarah young jesus calling daily devotional for today,390,16,2.76,1,False
devotionals,christian devotional for men,390,0,1.51,1,False
devotionals,listen to our daily bread devotional for today,390,59,13.47,1,False
devotionals,truth for life devotional,390,11,1.06,1,False
blocker-commercial,scammer blocker app,320,55,3.9,1,False
blocker-commercial,opal app blocker,320,16,3.94,1,False
blocker-commercial,chrome ad blocker app,320,98,1.93,4,False
blocker-commercial,at&t spam blocker app,320,20,2.52,1,False
blocker-commercial,phone number blocker app,320,81,3.89,1,False
verse-display,floral bible verse wallpaper,320,0,0.02,1,False
verse-display,fall bible verse wallpaper,320,0,0,2,False
verse-display,aesthetic pink bible verse desktop wallpaper,320,0,0,1,False
verse-display,blue bible verse wallpaper,320,0,0.01,2,False
verse-display,light blue bible verse wallpaper,320,0,0.01,1,False
verse-display,motivational bible verse wallpaper,320,0,0.1,1,False
verse-display,aesthetic bible verse wallpaper black,320,0,0,1,False
verse-display,how to put bible verse on lock screen,320,4,2.09,1,False
christian-apps,christian social app,320,7,3.35,1,False
christian-apps,christian social media app,320,9,3.35,1,False
christian-apps,christian friends app,320,16,4.9,1,False
christian-apps,christian cupid app,320,2,1.73,1,False
christian-apps,christian friend app,320,24,4.9,1,False
addiction-guides,phone addiction purity test,320,1,26.27,1,False
devotionals,devotional for leaders,320,0,7.7,1,False
devotionals,devotional for church,320,76,0.4,1,False
devotionals,365-day devotional for women,320,6,0.85,2,False
devotionals,daily devotional for women proverbs 31,320,12,0.14,1,False
devotionals,devotional for moms and daughters,320,0,0.84,1,False
devotionals,devotional for communion,320,0,4.28,1,False
devotionals,devotional for forgiveness,320,0,7.32,1,False
devotionals,daily devotional for husband and wife,320,8,1.52,1,False
devotionals,devotional for worship leaders,320,0,3.27,1,False
blocker-commercial,call blocker blacklist app,260,29,0,1,False
blocker-commercial,screen time blocker app,260,44,2.91,2,False
blocker-commercial,wifi app blocker,260,12,2.43,2,False
blocker-commercial,number blocker app,260,36,4.38,1,False
blocker-commercial,distraction blocker app,260,69,1.47,1,False
blocker-commercial,camera blocker app,260,3,0,1,False
verse-display,aesthetic cross wallpaper with bible verse,260,0,0,1,False
verse-display,positive faith bible verse wallpaper,260,0,0.04,1,False
verse-display,aesthetic bible verse collage wallpaper laptop,260,0,0,1,False
verse-display,bible verse preppy wallpaper,260,0,0.01,3,False
verse-display,cute christmas bible verse wallpaper,260,0,0,1,False
verse-display,cute lock screen bible verse wallpaper,260,0,0,1,False
verse-display,lock screen pink bible verse wallpaper,260,0,0.01,1,False
verse-display,purple bible verse wallpaper,260,0,0,2,False
verse-display,coquette bible verse wallpaper,260,0,0.01,1,False
verse-display,bible verse lock screen widget,260,19,1.82,4,False
verse-display,how to add bible verse widget lock screen iphone,260,31,0.77,1,False
christian-apps,christian daily devotional app,260,46,1.67,2,False
christian-apps,cdff christian dating app,260,30,10.08,2,False
christian-apps,christian cafe dating app,260,8,9.06,1,False
christian-apps,christian standard bible app,260,19,0.59,1,False
addiction-guides,adhd phone addiction,260,3,22.3,2,False
addiction-guides,teenage phone addiction,260,11,4.39,1,False
addiction-guides,statistics on phone addiction,260,31,0.8,3,True
addiction-guides,does grayscale help phone addiction,260,19,0,1,False
addiction-guides,phone addiction memes,260,0,0,1,False
addiction-guides,phone addiction signs,260,14,5.05,2,False
addiction-guides,sign of phone addiction,260,13,5.05,1,False
addiction-guides,phone addiction meme,260,0,0,1,False
blocker-commercial,screen time management app for iphone,260,26,0,1,False
blocker-commercial,screen time blocking app,260,47,2.91,1,False
blocker-commercial,screen time block app,260,47,2.91,1,False
blocker-commercial,website blocker app android,210,62,2.03,2,False
blocker-commercial,focus website blocker app,210,63,0,1,False
blocker-commercial,beta blocker app,210,0,7.02,1,False
blocker-commercial,site blocker app for android,210,69,2.03,1,False
blocker-commercial,call and text blocker app,210,86,0,1,False
verse-display,aesthetic iphone blue bible verse wallpaper,210,0,0,1,False
verse-display,iphone lock screen bible verse wallpaper,210,0,0.5,1,False
verse-display,bible verse wallpaper philippians 4:13,210,0,0.01,2,False
verse-display,pink bible verse wallpaper pinterest,210,0,0,1,False
verse-display,pink bible verse wallpaper laptop,210,0,0,1,False
verse-display,inspirational bible verse wallpaper,210,0,0.14,1,False
verse-display,bible verse wallpaper ipad,210,0,0,2,False
verse-display,light pink bible verse wallpaper,210,0,0.02,1,False
christian-apps,higher bond christian dating app,210,0,2.55,1,False
christian-apps,is hallow app catholic or christian,210,7,1.99,2,False
addiction-guides,phone addiction art,210,0,0,1,False
addiction-guides,how to beat phone addiction,210,35,0.49,2,False
addiction-guides,how to get over phone addiction,210,35,2.22,2,False
addiction-guides,phone addiction artwork,210,0,0,1,False
blocker-commercial,how to remove app from screen time,210,0,0,2,False
blocker-commercial,ios screen time app,210,54,8.76,2,False
blocker-commercial,freedom screen time app,210,22,1.41,1,False
blocker-commercial,stayfree screen time app,210,38,1.29,1,False
blocker-commercial,ad blocker android youtube app,170,9,2.04,4,False
blocker-commercial,ipad app blocker,170,40,0,2,False
blocker-commercial,ios app blocker,170,19,3.76,1,False
blocker-commercial,best number blocker app for android,170,39,6.18,1,False
blocker-commercial,physical app blocker,170,23,3.59,1,False
blocker-commercial,verizon spam blocker app,170,35,3.94,1,False
blocker-commercial,ipad app ad blocker,170,44,8.84,1,False
verse-display,pink bible verse desktop wallpaper,170,0,0,1,False
verse-display,beach bible verse wallpaper,170,0,0.14,1,False
verse-display,soccer bible verse wallpaper,170,0,0,1,False
verse-display,bible verse collage wallpaper,170,0,0,1,False
verse-display,aesthetic bible verse desktop wallpaper,170,0,0,1,False
verse-display,iphone cross wallpaper with bible verse,170,0,0,1,False
verse-display,cute bible verse wallpaper for computer,170,0,0,1,False
verse-display,dark bible verse wallpaper iphone,170,0,0,1,False
verse-display,aura bible verse wallpaper,170,0,0,1,False
verse-display,bible verse lock screen black,170,0,0,1,False
verse-display,aesthetic bible verse lock screen,170,0,0,1,False
christian-apps,christian ai app,170,26,2.29,1,False
christian-apps,christian family church app,170,1,0,1,False
addiction-guides,cell phone addiction teens,170,25,4.63,2,False
addiction-guides,mobile phone addiction in teenagers,170,10,4.63,1,False
addiction-guides,phone addiction article,170,39,0.03,3,False
addiction-guides,cell phone addiction teenager,170,13,4.63,2,False
addiction-guides,mobile phone addiction in adolescence,170,22,4.63,1,False
addiction-guides,cell phone addiction teenagers,170,8,4.63,2,False
addiction-guides,phone addiction articles,170,39,0.03,3,False
addiction-guides,gambling addiction phone number,170,89,11.1,1,False
addiction-guides,mobile phone addiction treatment,170,21,8.97,1,False
addiction-guides,how to overcome phone addiction,170,38,0.11,1,False
addiction-guides,cell phone addiction therapy,170,0,8.97,1,False
addiction-guides,cell phone addiction treatment,170,8,8.97,2,False
addiction-guides,teenage cell phone addiction,170,12,4.63,1,False
addiction-guides,cell phone addiction rehab,170,0,8.97,2,False
blocker-commercial,screen time control app for iphone,170,25,0,2,False
blocker-commercial,att call blocker app,140,14,1.29,1,False
blocker-commercial,gambling blocker app,140,54,3.65,1,False
blocker-commercial,phone call blocker app,140,64,6.95,1,False
blocker-commercial,firewall app blocker,140,3,13.45,2,False
blocker-commercial,text message blocker app,140,52,3.56,1,False
blocker-commercial,best free spam call blocker app for android samsung,140,52,2.75,1,False
blocker-commercial,text blocker app,140,52,3.56,1,False
blocker-commercial,verizon call blocker app,140,37,3.64,1,False
blocker-commercial,spam text blocker app for iphone,140,6,4.59,1,False
verse-display,cute bible verse wallpaper aesthetic,140,22,0.02,1,False
verse-display,bible verse mac wallpaper,140,0,0,1,False
verse-display,pinterest aesthetic bible verse wallpaper,140,0,0,1,False
verse-display,jesus wallpaper bible verse,140,0,0,2,False
verse-display,hd wallpaper bible verse,140,0,0,4,False
verse-display,bible verse macbook wallpaper,140,0,12.41,2,False
verse-display,sunset bible verse wallpaper,140,0,0.02,1,False
verse-display,lock screen purple bible verse wallpaper,140,0,0,1,False
verse-display,summer bible verse wallpaper,140,0,0.1,1,False
verse-display,black and white bible verse wallpaper,140,0,0.09,2,False
verse-display,how to add bible verse widget lock screen android,140,5,2.33,1,False
verse-display,how to add a bible verse to your lock screen,140,4,2.31,1,False
christian-apps,christian radio app,140,12,0.78,1,False
christian-apps,christian news app,140,57,0,1,False
christian-apps,united christian broadcasters app,140,13,1.68,1,False
addiction-guides,how to quit phone addiction,140,22,0.09,1,False
addiction-guides,mobile phone addiction symptoms,140,35,0.53,2,False
addiction-guides,how to stop phone addiction for students,140,23,2.18,1,False
addiction-guides,psychological effects of cell phone addiction,140,45,0,1,False
addiction-guides,cell phone addiction symptoms,140,13,0.53,2,False
blocker-commercial,forest screen time app,140,29,0.4,1,False
blocker-commercial,qustodio screen time control app,140,29,0,1,False
blocker-commercial,ad blocker for spotify app,110,2,0,1,False
blocker-commercial,instagram app blocker,110,60,4.62,2,False
blocker-commercial,youtube app ad blocker iphone,110,21,0.65,1,False
blocker-commercial,download call blocker app,110,64,2.05,1,False
blocker-commercial,android sms blocker app,110,34,0,3,False
blocker-commercial,call control call blocker app,110,44,0,1,False
blocker-commercial,facebook ad blocker app,110,45,1.76,1,False
verse-display,inspirational cross with bible verse wallpaper,110,0,0.01,1,False
verse-display,bible verse wallpaper men,110,0,0.17,2,False
verse-display,aesthetic pinterest bible verse desktop wallpaper,110,0,0,1,False
verse-display,spring bible verse wallpaper,110,0,0,1,False
verse-display,pinterest bible verse laptop wallpaper,110,0,0,1,False
verse-display,pinterest minimalist bible verse wallpaper,110,0,0,1,False
verse-display,love bible verse wallpaper,110,0,0,2,False
verse-display,aesthetic christmas bible verse wallpaper,110,0,0,1,False
verse-display,minimalist bible verse wallpaper,110,0,0.15,1,False
verse-display,western bible verse wallpaper,110,0,0,1,False
verse-display,basketball bible verse wallpaper,110,0,0,1,False
verse-display,iphone aesthetic iphone bible verse wallpaper,110,0,0,1,False
verse-display,aesthetic bible verse wallpaper ipad,110,0,0,1,False
verse-display,wallpaper bible verse faith,110,0,0.06,2,False
verse-display,country bible verse wallpaper,110,0,0,1,False
verse-display,dark blue bible verse wallpaper,110,0,0,1,False
verse-display,cheetah print bible verse wallpaper,110,0,0,1,False
verse-display,hello kitty bible verse wallpaper,110,0,0,1,False
verse-display,aesthetic bible verse wallpaper purple,110,0,0,1,False
verse-display,winter bible verse wallpaper,110,0,0,1,False
verse-display,hot pink bible verse wallpaper,110,0,0,1,False
verse-display,pink bow wallpaper with bible verse,110,0,0,2,False
verse-display,lock screen faith bible verse wallpaper,110,0,0,1,False
verse-display,bible verse wallpaper 4k iphone,110,0,0,1,False
christian-apps,is hinge a christian dating app,110,6,6.67,1,False
christian-apps,christian dating app review,110,10,6.21,1,False
christian-apps,christian games app,110,18,2.72,2,False
christian-apps,most popular christian dating app,110,25,5.75,1,False
christian-apps,christian dating app reviews,110,10,6.21,3,False
christian-apps,christian gaming app,110,6,2.72,1,False
christian-apps,christian game app,110,6,2.72,1,False
addiction-guides,apps that help with phone addiction,110,0,3.74,1,False
addiction-guides,books about phone addiction,110,0,0.78,2,False
addiction-guides,how to cure phone addiction,110,13,2.71,1,False
addiction-guides,book about phone addiction,110,0,1.25,2,False
addiction-guides,phone addiction drawing,110,0,0,1,False
addiction-guides,addiction to phone games,110,15,0.09,3,False
addiction-guides,how to fix phone addiction,110,38,6.33,1,False
addiction-guides,cell phone game addiction,110,4,0.09,1,False
addiction-guides,phone addiction images,110,0,0,1,False
addiction-guides,phone addiction cartoon,110,0,0,1,False
blocker-commercial,screen time app limits not working,110,4,0,1,False
blocker-commercial,screen time app limit not working,110,4,0,1,False
blocker-commercial,app screen lock time password,110,9,0,2,False
blocker-commercial,how to hide an app from screen time,110,2,0,3,False
verse-display,football bible verse wallpaper,90,0,0,1,False
verse-display,aesthetic bible verse phone wallpaper,90,0,0,1,False
verse-display,encouraging bible verse wallpaper,90,0,0.2,1,False
verse-display,bible verse wallpaper 4k phone,90,0,1.1,1,False
verse-display,green bible verse wallpaper,90,0,0.03,1,False
verse-display,bible verse wallpaper john 3 16,90,0,0.02,2,False
verse-display,ocean bible verse wallpaper,90,0,0,1,False
verse-display,lock screen bible verse wallpaper phone,90,0,3.99,1,False
verse-display,bible verse iphone aesthetic cross wallpaper,90,0,0,1,False
verse-display,cute blue bible verse wallpaper,90,0,0,1,False
verse-display,beach sunset bible verse wallpaper,90,0,0,1,False
verse-display,flower bible verse wallpaper,90,0,0,1,False
verse-display,iphone bible verse jesus wallpaper,90,0,0,1,False
verse-display,apple watch bible verse wallpaper,90,0,1.15,1,False
verse-display,bible verse cute cross wallpaper,90,0,0,1,False
verse-display,bow wallpaper with bible verse,90,0,0.02,2,False
verse-display,cute fall bible verse wallpaper,90,0,0,1,False
verse-display,snoopy bible verse wallpaper,90,0,0,1,False
verse-display,red bible verse wallpaper,90,0,0.01,1,False
verse-display,pinterest aesthetic bible verse laptop wallpaper,90,0,0,1,False
verse-display,aesthetic green bible verse wallpaper,90,0,0.15,1,False
verse-display,how to get daily bible verse on lock screen,90,7,2.02,1,False
verse-display,bible verse lock screen iphone,90,6,0.35,1,False
verse-display,daily bible verse on lock screen,90,6,1.61,3,False
christian-apps,christian ringtones app,90,8,0.17,1,False
christian-apps,hallow christian app,90,29,3.64,2,False
christian-apps,ark christian dating app reviews,90,10,3.16,1,False
christian-apps,christian broadcasting network app,90,60,0,1,False
verse-display,christian wallpaper app for iphone,90,0,0,1,False
christian-apps,christian single dating app,90,57,10.75,1,False
christian-apps,christian ringtone app,90,8,0.17,1,False
christian-apps,christian fm app,90,10,0,1,False
christian-apps,christian bible study app,90,99,4.13,1,False
christian-apps,christian faith app,90,11,0,1,False
addiction-guides,cell phone addiction statistics,90,32,0.72,3,False
addiction-guides,phone addiction in teenagers,90,11,2.84,2,False
addiction-guides,phone addiction in teens,90,9,2.84,2,False
addiction-guides,how to reduce phone addiction,90,31,3.69,2,False
addiction-guides,phone addiction pictures,90,0,0,1,False
addiction-guides,phone addiction effects,90,40,29.4,2,False
addiction-guides,phone addiction facts,90,69,0,2,False
addiction-guides,how to break cell phone addiction,90,44,1.51,3,False
addiction-guides,phone addiction picture,90,0,0,1,False
addiction-guides,how to break phone addiction adhd,90,7,0.17,1,False
addiction-guides,mobile phone addiction statistics,90,44,0.72,1,False
addiction-guides,phone addiction gif,90,0,0,1,False
addiction-guides,how to end phone addiction,90,35,0.5,1,False
addiction-guides,how to deal with phone addiction,90,14,1.46,1,False
blocker-commercial,screen time labs app,90,64,0,1,False
blocker-commercial,bark screen time app,90,,1.49,1,False
blocker-commercial,screen time unlock app iphone,90,13,0,2,False
blocker-commercial,screen time remover app,90,5,0,1,False
blocker-commercial,exclude app from screen time,90,0,0,1,False
blocker-commercial,screen time remove app,90,0,0,2,False
verse-display,brown bible verse wallpaper,70,0,0.18,1,False
verse-display,minimalist wallpaper bible verse pink background,70,0,0,1,False
verse-display,pink bible verse wallpaper ipad,70,0,0,1,False
verse-display,bible verse wallpaper for chromebook,70,0,0,1,False
verse-display,pink bible verse wallpaper iphone,70,0,0,1,False
verse-display,aesthetic bible verse wallpaper blue,70,0,0,1,False
verse-display,bible verse wallpaper 4k black,70,0,0,1,False
verse-display,sunflower bible verse wallpaper,70,0,0.07,1,False
verse-display,white bible verse wallpaper,70,0,0,1,False
verse-display,app that shows bible verse on lock screen,70,11,1.58,1,False
verse-display,pinterest bible verse lock screen,70,0,0,1,False
christian-apps,christian sleep app,70,50,2.01,2,False
christian-apps,christian prayer reminder app,70,27,9.34,1,False
christian-apps,christian accountability app,70,0,4.44,1,False
christian-apps,christian chat app,70,24,9.38,1,False
christian-apps,mark wahlberg christian app,70,7,0.91,1,False
christian-apps,holman christian standard bible app,70,22,0.39,1,False
christian-apps,christian audio app,70,16,0,1,False
christian-apps,is there a christian dating app,70,53,6.04,1,False
christian-apps,christian cafe app,70,15,7.47,1,False
christian-apps,christian mingle app download,70,14,5.04,2,False
christian-apps,christian book reader app,70,0,0.75,1,False
addiction-guides,phone addiction quotes,70,0,0,3,False
addiction-guides,brick phone addiction,70,17,1.03,1,False
addiction-guides,phone addiction clipart,70,0,0,1,False
addiction-guides,phone addiction test,70,9,4.71,1,False
addiction-guides,solution to phone addiction,70,38,0,2,False
addiction-guides,phone addiction photos,70,0,0,1,False
addiction-guides,how to stop phone addiction reddit,70,0,0,1,False
addiction-guides,solutions to phone addiction,70,11,0,2,False
addiction-guides,lock box for phone addiction,70,0,0.96,1,False
addiction-guides,phone addiction photography,70,0,0,1,False
blocker-commercial,how to check app screen time,70,47,0,1,False
blocker-commercial,jolt screen time app,70,14,0,1,False
blocker-commercial,app to help limit screen time,70,8,5.62,1,False
verse-display,how to put bible verse on lock screen iphone,50,13,1.27,1,False
verse-display,inspirational bible verse lock screen,50,11,0.33,1,False
verse-display,iphone lock screen aesthetic bible verse wallpaper pink,50,0,0,1,False
christian-apps,is the angel app christian,50,21,0,1,False
christian-apps,grow christian social app,50,8,0,2,False
christian-apps,christian journaling app,50,3,0,1,False
christian-apps,is christian mingle a good dating app,50,25,3.75,1,False
christian-apps,christian music streaming app,50,9,0.46,1,False
christian-apps,christian science monitor app,50,4,0.17,1,False
christian-apps,k-love christian radio app,50,30,0.57,2,False
christian-apps,christian period tracker app,50,0,4.83,1,False
christian-apps,christian mindfulness app,50,30,2.95,1,False
christian-apps,christian books app,50,0,1.56,1,False
christian-apps,free christian audio books app,50,14,5.35,1,False
christian-apps,haven christian app,50,15,20.76,1,False
christian-apps,christian filipina app,50,12,12.66,1,False
christian-apps,christian book app,50,0,1.56,1,False
christian-apps,christian companion app,50,17,0,1,False
christian-apps,christian app org,50,16,18.68,1,False
christian-apps,daily christian prayer app,50,54,1.98,1,False
christian-apps,creed christian app,50,7,1.83,1,False
christian-apps,christian workout app,50,11,7.09,1,False
christian-apps,christian journal app,50,0,0,1,False
addiction-guides,how to combat phone addiction,50,38,1.01,1,False
addiction-guides,how does grayscale help phone addiction,50,20,0,1,False
addiction-guides,how to stop mobile phone addiction,50,36,0.38,2,False
addiction-guides,cell phone addiction facts,50,35,0,2,False
addiction-guides,phone addiction posters,50,0,0,1,False
addiction-guides,dopamine phone addiction,50,36,0,1,False
addiction-guides,mobile phone addiction facts,50,44,0,2,False
addiction-guides,overcoming phone addiction,50,36,1.53,1,False
addiction-guides,how to curb phone addiction,50,32,0.31,1,False
addiction-guides,cell phone addiction articles,50,41,0,2,False
addiction-guides,overcome phone addiction,50,32,1.53,1,False
addiction-guides,phone addiction teenager,50,14,1.99,1,False
addiction-guides,how to fight phone addiction,50,37,0.76,1,False
addiction-guides,phone gaming addiction,50,8,0.32,1,False
addiction-guides,how to break phone addiction reddit,50,0,0,1,False
addiction-guides,how to detox from phone addiction,50,41,0,1,False
addiction-guides,addiction phone number,50,46,18.28,1,False
addiction-guides,phone addiction poster,50,0,0,1,False
addiction-guides,phone addiction definition,50,32,0,2,False
addiction-guides,phone game addiction,50,9,0.32,1,False
addiction-guides,how to stop cell phone addiction,50,35,0.38,1,False
addiction-guides,how to help phone addiction,50,17,2.12,1,False
addiction-guides,what causes phone addiction,50,33,0,1,False
addiction-guides,why does grayscale help phone addiction,50,6,0,1,False
addiction-guides,severe phone addiction,50,22,0.57,1,False
addiction-guides,cell phone addiction article,50,41,0,1,False
blocker-commercial,app that makes you do push-ups for screen time,50,0,0,2,False
blocker-commercial,best screen time app reddit,50,0,7.52,1,False
blocker-commercial,ipad screen time app,50,62,2.76,3,False
blocker-commercial,best app for managing screen time,50,54,6.5,1,False
verse-display,how to put bible verse on lock screen android,40,5,1.73,1,False
verse-display,aesthetic pinterest bible verse lock screen,40,0,0,1,False
christian-apps,christian podcasts app,40,20,2.01,1,False
christian-apps,christian meet app,40,58,5.8,1,False
christian-apps,christian podcast app,40,45,2.01,1,False
christian-apps,christian community app,40,40,1.1,1,False
christian-apps,christian pregnancy app,40,10,3.76,1,False
christian-apps,christian tiktok app,40,0,6.39,1,False
christian-apps,christian videos app,40,37,4.12,1,False
christian-apps,is plenty of fish a christian dating app,40,24,0,1,False
christian-apps,pando christian app,40,4,0,1,False
christian-apps,christian fellowship app,40,0,1.05,1,False
christian-apps,christian video app,40,30,4.12,1,False
christian-apps,christian leaders institute app,40,19,0,1,False
addiction-guides,beat phone addiction,40,22,1.67,1,False
addiction-guides,cell phone addiction art,40,0,0,1,False
addiction-guides,mobile phone addiction test,40,7,4.48,1,False
addiction-guides,cell phone addiction signs,40,20,0.03,1,False
addiction-guides,studies on phone addiction,40,44,0,1,False
addiction-guides,gen z phone addiction,40,13,0,1,False
verse-display,lock screen time app,40,38,4.4,1,False
blocker-commercial,how to delete an app from screen time,40,1,0,1,False
blocker-commercial,app to limit screen time for adults,40,47,2.86,1,False
blocker-commercial,roots screen time app,40,6,0,1,False
blocker-commercial,turn off app and website activity screen time,40,8,0,1,False
blocker-commercial,screen time app for windows,40,25,2.7,1,False
blocker-commercial,how to exclude an app from screen time,40,0,0,1,False
blocker-commercial,how to see total screen time on an app,40,24,0,1,False
blocker-commercial,screen time lock app,40,46,4.4,2,False
blocker-commercial,how to check app screen time on samsung,40,9,0,1,False
blocker-commercial,apple screen time app for iphone,40,54,0,1,False
blocker-commercial,screen time app blocker iphone,40,18,3.6,1,False
verse-display,app to block screen time,40,47,3.98,1,False
verse-display,lock screen bible verse wallpaper pinterest,30,0,0,1,False
verse-display,how to add bible verse widget lock screen samsung,30,8,0,1,False
other,bible verse screen lock,30,,2,1,True
verse-display,how to add daily bible verse widget to lock screen,30,1,1.31,1,False
verse-display,bible verse lock screen android,30,,4.32,1,False
verse-display,bible verse of the day on lock screen,30,,1.59,1,False
christian-apps,christian budget app,30,4,3.9,1,False
christian-apps,christian instagram app,30,,1.44,1,False
christian-apps,best christian dating app reddit,30,0,0,1,False
christian-apps,christian single app,30,39,7.7,1,False
christian-apps,christian songs app,30,21,1.21,2,False
christian-apps,christian coloring app,30,6,0,1,False
christian-apps,christian guided meditation app,30,,4.7,2,False
christian-apps,christian karaoke app,30,0,1.71,1,False
christian-apps,christian financial credit union app,30,0,4.72,1,False
christian-apps,unchained app christian,30,,13.94,1,False
christian-apps,christian budgeting app,30,16,3.9,1,False
christian-apps,christian fitness app,30,,0,1,False
christian-apps,christian fasting app,30,18,4.47,1,False
christian-apps,salt christian dating app reviews,30,66,4.73,1,False
christian-apps,christian word ministries prayer book app,30,0,0,1,False
christian-apps,christian hymns app,30,,0,1,False
christian-apps,salt christian dating app review,30,66,4.73,1,False
christian-apps,christian couples app,30,24,0,1,False
christian-apps,christian weight loss app,30,12,14.92,2,False
christian-apps,app to make christian friends,30,24,23.45,1,False
christian-apps,upwards christian dating app,30,21,2.94,1,False
christian-apps,christian meditation app for sleep,30,57,1.58,1,False
christian-apps,app to meet christian friends,30,24,16.46,1,False
christian-apps,new christian dating app,30,58,3.44,1,False
christian-apps,orthodox christian app,30,,0,1,False
christian-apps,glorify christian app,30,54,2.83,1,False
christian-apps,app to find christian friends,30,24,1.51,1,False
christian-apps,christian song app,30,21,1.21,1,False
blocker-commercial,how to see total screen time on an app iphone,30,1,0,1,False
blocker-commercial,app that makes you exercise for screen time,30,,1.49,1,False
blocker-commercial,moment screen time app,30,1,0,1,False
blocker-commercial,does deleting an app remove it from screen time,30,0,0,1,False
blocker-commercial,bloom screen time app,30,,0,1,False
blocker-commercial,how to turn off app and website activity screen time,30,0,0,1,False
blocker-commercial,how to check app screen time on iphone,30,10,0,1,False
blocker-commercial,how to limit screen time on an app,30,46,0,1,False
blocker-commercial,freedom screen time control app,30,25,0,1,False
blocker-commercial,iphone app limit screen time,30,20,2.98,2,False
blocker-commercial,screen time bypass app,30,3,0,1,False
blocker-commercial,how to see app screen time on android,30,32,0,1,False
blocker-commercial,shift screen time app,30,,6.6,1,False
blocker-commercial,screen time app for mac,30,20,3.08,1,False
blocker-commercial,earn screen time app,30,22,2.06,1,False
blocker-commercial,jomo screen time app,30,,0,1,False
blocker-commercial,app to set screen time limits,30,65,5.18,1,False
blocker-commercial,how to remove an app from screen time usage,30,,0,1,False
blocker-commercial,fake screen time app,30,,0,1,False
blocker-commercial,hide app from screen time,30,7,0,1,False
