score,category,keyword,volume,kd,cpc,variants,covered
361.4,catholic,when does lent stop,60500,4,28.17,1,False
361.4,catholic,when does lent end,60500,4,28.17,2,False
361.4,catholic,when did lent end,60500,4,28.17,1,False
358.0,prayers,islamic prayer times for chicago,74000,0,11.08,1,False
338.5,other,pastors,74000,5,24.91,2,True
300.9,prayers,prayer time for nyc,74000,0,5.48,3,False
297.4,competitors,freedom music app,40500,0,2.27,1,False
280.4,catholic,when lent,49500,13,15.68,5,False
280.3,prayers,prayer times for houston,74000,0,3.46,2,False
275.3,prayers,prayer time for new york,40500,0,8.83,3,False
273.8,how-to-block,how to block someone on tiktok,90500,1,0.78,1,False
268.8,bible-verses,bible verse about encouragement,110000,0,2.34,2,True
268.8,bible-verses,bible verses about encouraging,110000,0,2.34,1,False
268.8,other,verse in the bible about encouragement,110000,0,2.34,2,True
268.8,bible-verses,bible verses on encouraging,110000,0,2.34,2,False
268.8,bible-verses,bible verses for encourage,110000,0,2.34,1,False
268.8,other,verses in the bible for encouragement,110000,0,2.34,2,False
268.8,bible-verses,bible verses on encouragement,110000,0,2.34,2,False
268.8,bible-verses,bible verse about encourage,110000,0,2.34,1,False
263.9,other,verses from the bible for encouragement,110000,0,1.86,1,False
261.2,catholic,lent soup recipes,110000,0,0.37,1,False
260.6,how-to-block,how to block someone on tik tok,90500,4,0.78,1,False
260.5,verse-display,christian computer wallpaper,49500,0,0.44,5,False
255.7,prayers,prayer time for muslims,450000,13,7.31,2,False
255.3,bible-verses,bible scripture about healing,90500,0,1.01,1,False
255.3,bible-verses,scripture about healing,90500,0,1.01,1,False
254.3,bible-verses,healing scriptures for healing,90500,0,0.92,2,False
252.7,prayers,prayers for healers,90500,0,0.76,1,False
251.0,other,verses from bible about strength,90500,3,1.82,3,False
251.0,bible-verses,bible verse about strength,90500,3,1.82,2,True
251.0,other,verses of the bible for strength,90500,3,1.82,2,False
251.0,other,verses from the bible for strength,90500,3,1.82,1,False
251.0,bible-verses,bible verses on strength,90500,3,1.82,3,False
250.2,prayers,prayer times for philadelphia,49500,0,2.99,1,False
250.2,prayers,islamic prayer times for philadelphia,49500,0,2.99,1,False
248.2,verse-display,wallpaper christian,49500,3,0.44,11,False
247.7,bible-verses,about love bible verse,165000,5,2.35,6,True
247.7,bible-verses,verses about love from the bible,165000,5,2.35,1,False
247.7,other,verses from bible about love,165000,5,2.35,3,False
247.7,bible-verses,bible verses about loving,165000,5,2.35,1,False
247.7,bible-verses,bible verses on loving,165000,5,2.35,1,False
247.7,bible-verses,verses on love from the bible,165000,5,2.35,1,False
247.7,other,verses from the bible on love,165000,5,2.35,1,False
247.7,other,verses in the bible on love,165000,5,2.35,1,False
247.4,how-to-block,how to turn off find my iphone,49500,4,1.9,2,False
247.4,how-to-block,how to turn off find my iphone from iphone,49500,4,1.9,1,False
247.3,bible-verses,quote about bible verses,60500,14,6.84,3,False
247.3,bible-verses,quotes on bible verses,60500,14,6.84,1,False
247.1,other,verse in the bible about healing,90500,2,1.01,5,True
246.1,prayers,time for maghrib prayer,49500,12,8.57,2,False
245.6,how-to-block,how to delete a slide in word,49500,0,0.08,1,False
243.9,bible-verses,scripture about encouragement,49500,0,2.31,1,False
243.9,bible-verses,scriptures for encouragement,49500,0,2.31,1,False
243.9,bible-verses,scriptures for encouraging,49500,0,2.31,1,False
243.7,audiences,homeschool-curriculum,74000,15,6.97,22,False
243.5,bible-verses,bible quotes about encouragement,110000,6,2.34,1,False
243.2,blocker-tools,how to block website iphone,27100,2,2.16,17,False
242.8,bible-verses,verses about strength from god,90500,5,1.82,1,False
241.6,how-to-block,how to delete a page word,49500,1,0.08,7,False
241.6,how-to-block,how to delete any page in word,49500,1,0.08,1,False
239.6,catholic,lent holiday,135000,24,10.69,4,False
239.5,bible-verses,bible verses for lovers,165000,7,2.35,1,False
239.3,blocker-tools,how to block website from iphone,27100,3,2.16,2,False
239.2,how-to-block,how to turn off iphone find my phone,49500,6,1.9,3,False
238.8,audiences,easy peasy all one homeschool,33100,8,15.11,5,False
237.0,bible-verses,bible verses about healers,49500,0,1.57,1,False
237.0,bible-verses,biblical verses about healing,49500,0,1.57,1,False
235.8,other,verses from the bible about anxiety,49500,0,1.44,1,False
235.8,bible-verses,bible verse about anxious,49500,0,1.44,2,False
235.8,bible-verses,bible verse about anxiety,49500,0,1.44,3,True
235.8,bible-verses,bible verses about anxiousness,49500,0,1.44,1,False
235.8,bible-verses,bible verses on anxiety,49500,0,1.44,3,False
235.8,bible-verses,bible scriptures for anxiety,49500,0,1.44,1,False
235.8,bible-verses,biblical scriptures for anxiety,49500,0,1.44,1,False
235.8,bible-verses,bible verses on nervousness,49500,0,1.44,1,False
235.8,bible-verses,biblical verses about anxiety,49500,0,1.44,1,False
233.8,how-to-block,how to delete instagram account,201000,9,0.22,6,False
233.8,how-to-block,how to delete an account from instagram,201000,9,0.22,1,False
233.4,how-to-other,how to remove block person in facebook,90500,3,0.01,1,False
233.3,bible-verses,bible quotes about healing,49500,1,1.57,1,False
233.0,prayers,night prayer,60500,4,0.37,14,True
232.3,bible-verses,bible scriptures for encouragement,49500,3,2.31,1,False
232.3,bible-verses,biblical scriptures for encouragement,49500,3,2.31,1,False
231.2,prayers,time for prayer,246000,17,6.52,13,False
231.2,prayers,timing for prayer,246000,17,6.52,3,False
231.1,how-to-block,how to turn off find my iphone on computer,49500,8,1.9,1,False
231.1,how-to-block,how to turn off find my iphone from computer,49500,8,1.9,1,False
230.6,other,verse in the bible about strength,90500,8,1.82,4,True
230.1,bible-verses,bible verses about friendship,49500,0,0.82,3,True
230.1,other,verse from the bible about friendship,49500,0,0.82,2,False
230.1,bible-verses,bible verse about a good friend,49500,0,0.82,2,False
230.1,other,verse of the bible about friendship,49500,0,0.82,3,True
230.1,bible-verses,verses about friendship from the bible,49500,0,0.82,1,False
230.1,bible-verses,bible verses on friend,49500,0,0.82,6,False
230.1,bible-verses,bible verses on friendship,49500,0,0.82,4,False
230.1,other,verses from the bible on friendship,49500,0,0.82,1,False
230.1,bible-verses,verses about friends,49500,0,0.82,1,False
230.1,bible-verses,biblical verses about friendship,49500,0,0.82,1,False
230.1,other,quotes from the bible about friendship,49500,0,0.82,1,False
230.1,bible-verses,bible quotes about friendship,49500,0,0.82,2,False
230.1,bible-verses,bible quotes about friends,49500,0,0.82,2,False
227.3,how-to-block,how to delete applications on iphone,33100,1,3.7,1,False
227.1,how-to-block,how to quit planet fitness membership,90500,15,2.23,1,False
227.0,prayers,divine chaplet,135000,6,0.56,2,False
226.4,bible-verses,bible verses about a friend,49500,1,0.82,1,False
226.4,other,verses in the bible about friends,49500,1,0.82,1,False
225.7,how-to-block,how to delete ig account,201000,11,0.22,2,False
224.9,how-to-other,how to find my iphone turn off,49500,4,1.9,5,False
224.5,how-to-other,how to force quit a mac,60500,6,0.29,16,False
224.3,how-to-block,how to stop snorers,49500,10,2.03,1,False
224.3,how-to-block,how to stop snoring,49500,10,2.03,3,False
224.3,how-to-block,how to quit snoring,49500,10,2.03,1,False
223.2,bible-verses,biblical verses about love,165000,11,2.35,1,False
219.4,prayers,mercy divine chaplet,135000,8,0.56,14,False
219.0,other,verse in the bible about peace,40500,0,2.12,2,False
219.0,bible-verses,verses about peace in the bible,40500,0,2.12,1,False
219.0,bible-verses,bible verses for peace,40500,0,2.12,3,False
219.0,bible-verses,bible scripture about peace,40500,0,2.12,1,False
218.7,bible-verses,biblical verses about strength,90500,11,1.82,1,False
218.1,catholic,how many days lent,27100,9,11.22,10,False
218.1,catholic,how long lent,27100,9,11.22,5,False
218.1,catholic,how many day in lent,27100,9,11.22,1,False
218.0,other,al pastors,201000,8,0.41,1,False
217.7,prayers,night time prayer,60500,8,0.37,5,False
217.7,prayers,prayer at night time,60500,8,0.37,1,False
217.7,prayers,pray night prayer,60500,8,0.37,1,False
216.1,prayers,prayer for the lord,246000,8,0.19,2,False
215.7,bible-verses,bible scriptures for healing,90500,10,1.01,3,False
215.7,how-to-block,how to stop unwanted calls on iphone,60500,18,2.39,1,False
215.4,prayers,prayer to st michael angel,135000,8,0.12,1,False
215.2,devotionals,intouch daily devotional,40500,19,11.96,1,False
213.6,prayers,prayer to me,246000,21,6.52,1,False
213.4,bible-verses,scriptures for anxiousness,40500,0,1.45,1,False
212.6,other,how how to delete instagram account,201000,9,0.22,1,False
211.9,blocker-tools,time blocker,74000,36,6.28,2,True
211.8,bible-verses,verses for healing in bible,90500,11,1.01,7,False
211.8,other,verses in the bible on healing,90500,11,1.01,3,False
211.4,prayers,morning prayer,110000,10,0.52,19,True
211.4,how-to-block,how to turn off locate my iphone,49500,13,1.9,1,False
211.3,bible-verses,bible verses on love,165000,14,2.35,4,False
210.9,bible-verses,bible scripture about strength,90500,13,1.82,1,False
210.9,bible-verses,biblical scriptures for strength,90500,13,1.82,1,False
210.7,verse-display,verse bible wallpaper,33100,0,0.17,12,True
210.7,verse-display,k-love bible verse of the day,22200,0,5.51,2,False
210.7,verse-display,k love verse of the day,22200,0,5.51,2,False
210.7,verse-display,klove bible verse of the day,22200,0,5.51,1,False
210.7,verse-display,klove verse of the day,22200,0,5.51,1,False
209.2,how-to-block,how to delete apps iphone,33100,6,3.7,9,False
208.6,prayers,rosary catholic prayer,60500,11,0.63,4,False
208.4,how-to-block,how to delete browser cache chrome,60500,16,0.54,3,False
207.3,how-to-block,how to block unsolicited calls on iphone,60500,20,2.39,1,False
207.0,other,quotes from the bible about strength,90500,14,1.82,2,False
205.6,prayers,hand for prayer,49500,5,0.07,2,False
204.9,bible-verses,bible scripture about friendship,49500,7,0.82,1,False
204.1,bible-verses,bible verses about verses,165000,18,3.47,1,False
204.1,bible-verses,verses on the bible,165000,18,3.47,4,False
203.9,how-to-block,how to delete iphone search history,74000,18,0.95,6,False
203.9,how-to-block,how to delete iphone website history,74000,18,0.95,2,False
203.9,how-to-block,how to delete browsing history on iphone,74000,18,0.95,2,False
203.9,how-to-other,how to to stop snoring,49500,10,2.03,1,False
203.8,other,verse in bible about forgiveness,33100,0,2.89,6,True
203.8,bible-verses,bible verse about forgiveness of sins,33100,0,2.89,2,False
203.8,other,verse from the bible about forgiveness,33100,0,2.89,2,False
203.8,bible-verses,bible verses on forgiveness,33100,0,2.89,3,False
203.8,bible-verses,bible verse about forgiveness of sin,33100,0,2.89,1,False
203.8,bible-verses,bible verses on forgiving,33100,0,2.89,1,False
203.8,other,verses in the bible on forgiveness,33100,0,2.89,1,False
203.5,bible-verses,bible quotes about love,165000,16,2.35,1,False
203.5,other,quotes from bible about love,165000,16,2.35,2,False
203.2,how-to-block,how to block unwanted calls from iphone,60500,21,2.39,1,False
203.2,how-to-block,how to block unwanted calls on iphone,60500,21,2.39,1,False
203.1,other,free phone,110000,21,5.01,4,False
203.0,catholic,how many days long is lent,27100,13,11.22,1,False
202.5,how-to-block,how to delete account telegram,33100,0,0.29,2,False
202.4,audiences,easy peasy homeschool,22200,6,15.01,2,False
202.1,how-to-other,how to force quit mac computer,60500,12,0.29,2,False
201.2,prayers,patrick mahomes asking for prayers,40500,0,0.0,1,False
200.6,bible-verses,bible verse about forgiveness,33100,1,2.89,5,True
200.6,bible-verses,biblical verses about forgiveness,33100,1,2.89,1,False
200.3,prayers,prayer times for los angeles,33100,0,2.42,1,False
200.1,how-to-block,how to delete cash app account,33100,0,0.0,3,False
199.9,how-to-block,how to delete iphone internet history,74000,19,0.95,2,False
198.8,how-to-block,how to turn off my phone,33100,2,0.63,4,False
198.6,bible-verses,quotation about bible verse,60500,25,6.84,1,False
196.7,other,verse from the bible about healing,49500,11,1.57,2,False
196.7,bible-verses,bible verse about healing,49500,11,1.57,3,True
196.7,other,verses from bible for healing,49500,11,1.57,3,False
196.7,bible-verses,verses on healing from the bible,49500,11,1.57,2,False
194.4,how-to-block,how to delete iphone cookies,49500,18,2.19,4,False
193.3,devotionals,daily devotional charles stanley,33100,19,11.72,3,False
192.1,how-to-block,how to delete your history on iphone,74000,21,0.95,1,False
192.0,prayers,emoji for prayers,40500,3,0.04,1,False
191.8,bible-verses,bible scriptures for strength,90500,18,1.82,1,False
191.5,how-to-block,how to block contact on iphone,40500,10,0.58,3,False
191.2,bible-verses,bible verse about inspiration,33100,4,2.92,2,False
191.2,bible-verses,bible verses on inspiration,33100,4,2.92,2,False
191.2,bible-verses,bible verses for health,33100,0,1.22,1,False
191.2,bible-verses,scripture verse about healing,33100,0,1.22,2,False
191.2,bible-verses,scriptures for healing from the bible,33100,0,1.22,1,False
191.0,how-to-block,how to turn off iphone location,27100,0,1.31,5,False
190.1,audiences,christian dior perfume men,33100,1,1.49,5,False
190.1,how-to-block,how to stop spotify premium,27100,5,3.35,1,False
189.9,prayers,prayer to protection,33100,0,1.05,3,True
189.9,prayers,prayer to protect,33100,0,1.05,1,False
189.5,how-to-block,how to stop nose from running,27100,0,1.12,2,False
189.5,audiences,power homeschool,18100,0,9.8,1,False
189.2,how-to-block,how to stop hiccups,74000,20,0.08,3,False
189.1,adult-blocking,covenant eyes inc,33100,25,2.35,1,False
189.1,adult-blocking,covenant eyes,33100,25,2.35,11,False
188.1,other,quotes from bible about healing,33100,1,1.22,2,False
188.0,how-to-block,how to block a website iphone,27100,3,2.16,5,False
187.2,bible-verses,bible verse about communion,33100,0,0.69,2,False
187.2,bible-verses,scripture about communion,33100,0,0.69,1,False
187.2,bible-verses,scriptures for communion,33100,0,0.69,1,False
187.2,bible-verses,bible scriptures for communion,33100,0,0.69,1,False
187.2,bible-verses,verses about communion,33100,0,0.69,1,False
186.1,other,verses from bible about faith,27100,2,4.03,3,False
186.1,other,verses in bible about faith,27100,2,4.03,6,True
186.1,bible-verses,about faith bible verse,27100,2,4.03,4,True
186.1,bible-verses,bible verses on faith,27100,2,4.03,3,False
186.1,other,verses in the bible on faith,27100,2,4.03,1,False
186.1,other,verses from the bible on faith,27100,2,4.03,1,False
185.9,how-to-block,how to delete from facebook account,201000,21,0.14,4,False
185.9,how-to-block,how to delete facebook account,201000,21,0.14,16,False
185.9,devotionals,daily devotional in touch,40500,26,11.89,2,False
184.4,how-to-block,how to delete iphone web history,74000,23,0.95,2,False
183.4,prayers,prayer for st anthony,33100,0,0.19,3,False
183.3,bible-study,bible for bible study,40500,16,4.9,10,False
183.2,bible-verses,background for bible verses,33100,0,0.17,2,False
183.0,prayers,prayer rosary,60500,18,0.63,28,False
183.0,prayers,prayerful rosary,60500,18,0.63,1,False
183.0,prayers,praying the rosary prayers,60500,18,0.63,1,False
182.7,prayers,prayer for saint michael,135000,17,0.12,3,False
182.5,prayers,glory to be prayer,33100,0,0.07,1,False
182.0,devotionals,today's devotional our daily bread,74000,28,6.16,1,False
181.5,other,passages from the bible about forgiveness,33100,7,2.89,1,False
181.3,how-to-block,how to delete chrome cache,60500,23,0.54,1,False
181.2,bible-verses,bible verses on communion,33100,2,0.69,2,False
181.1,prayers,prayer for tonight,60500,18,0.37,2,False
181.0,blocker-tools,how to block websites chromebook,14800,4,3.22,3,False
180.8,how-to-other,how to turn my phone off,33100,2,0.63,4,False
180.5,how-to-other,how to force quit on macbook,60500,18,0.29,3,False
179.4,prayers,prayer for hail mary,135000,18,0.14,1,False
179.0,prayers,for today prayer,74000,27,5.02,3,True
178.4,how-to-block,how to delete fb account,201000,23,0.14,4,False
178.0,audiences,christian dior fragrance men,33100,5,1.49,2,False
177.5,prayers,night time prayer christian,60500,19,0.37,2,False
177.3,devotionals,joyce meyer daily devotional,40500,25,9.5,4,False
177.1,catholic,lent,135000,33,7.36,7,False
176.8,prayers,prayer to heal,90500,20,0.76,1,False
176.8,how-to-block,how to delete internet history from iphone,74000,25,0.95,1,False
176.7,catholic,when does lent begin,90500,21,0.04,1,False
176.7,prayers,prayer for act of contrition,33100,2,0.08,1,False
176.4,how-to-block,how to turn off iphone,49500,19,0.24,6,False
175.8,how-to-block,how to stop an apple from turning brown,27100,2,0.06,1,False
175.7,how-to-block,how to block sites iphone,27100,7,2.16,7,False
175.3,bible-verses,bible scripture about forgiveness,33100,9,2.89,1,False
175.3,bible-verses,bible scriptures for forgiveness,33100,9,2.89,1,False
175.3,bible-verses,bible verses about forgiving,27100,0,1.56,1,False
175.0,prayers,prayer for healing,90500,20,0.5,7,True
175.0,catholic,last week of lent,33100,21,8.05,1,False
174.4,bible-verses,bible verses about consolation,27100,0,1.42,1,False
174.4,bible-verses,scripture about comfort,27100,0,1.42,1,False
174.4,bible-verses,scriptures for comfort,27100,0,1.42,1,False
174.4,bible-verses,bible scriptures for comfort,27100,0,1.42,1,False
174.4,bible-verses,bible quotes about comfort,27100,0,1.42,1,False
174.1,prayers,prayer to san miguel arcangel,40500,9,0.15,1,False
174.1,bible-verses,bible quotes about faith,27100,6,4.03,1,False
173.4,bible-verses,bible verse about lovely,165000,24,2.35,1,False
173.0,how-to-block,how to delete search history from iphone,74000,26,0.95,1,False
172.7,how-to-block,how to block a website from iphone,27100,8,2.16,1,False
172.4,other,verses from the bible about relationships,27100,0,1.13,1,False
172.4,other,verse in the bible about relationships,27100,0,1.13,2,True
172.4,bible-verses,bible verse about relationship,27100,0,1.13,7,True
172.4,bible-verses,bible verses on relationship,27100,0,1.13,4,False
172.4,bible-verses,biblical verses about relationships,27100,0,1.13,1,False
172.1,bible-verses,bible verse about matrimony,27100,0,1.09,2,False
172.1,bible-verses,bible verse about marriage,27100,0,1.09,4,True
172.1,audiences,verses from bible about marriage,27100,0,1.09,3,False
172.1,audiences,verse in bible about marriage,27100,0,1.09,6,True
172.1,bible-verses,bible verses on marriage,27100,0,1.09,6,False
172.1,audiences,verses from bible on marriage,27100,0,1.09,2,False
172.1,audiences,verses in the bible on marriage,27100,0,1.09,1,False
172.1,bible-verses,biblical verses about marriage,27100,0,1.09,1,False
172.0,how-to-other,how to to stop hiccups,74000,20,0.08,1,False
172.0,blocker-tools,how to block websites in chrome browser,14800,7,3.22,1,False
171.6,bible-verses,bible verses about comforting,27100,1,1.42,1,False
171.6,bible-verses,bible verse about comfort,27100,1,1.42,2,True
171.6,bible-verses,bible verses on comfort,27100,1,1.42,2,False
171.6,bible-verses,bible verses for comforting,27100,1,1.42,1,False
171.5,how-to-block,how to block iphone numbers,40500,16,0.58,6,False
171.5,how-to-block,how to block numbers from iphone,40500,16,0.58,1,False
171.3,how-to-block,how to stop private browsing,27100,6,1.06,1,False
171.2,prayers,prayer for day,74000,29,5.02,6,False
170.6,prayers,prayer at night,60500,21,0.37,2,False
170.5,bible-verses,scriptures for forgiveness,27100,4,2.53,1,False
170.0,bible-verses,bible verse about popularity,22200,0,3.38,2,False
170.0,bible-verses,bible verses on popularity,22200,0,3.38,1,False
169.4,bible-verses,bible quotes about marriage,27100,1,1.09,1,False
169.4,audiences,quotes from the bible about marriage,27100,1,1.09,1,False
169.0,how-to-other,how to facebook delete account,201000,21,0.14,4,False
169.0,other,delete facebook account how to,201000,21,0.14,4,False
169.0,prayers,prayer how to pray,18100,7,9.86,1,False
168.8,bible-verses,verses about comfort,27100,2,1.42,1,False
167.5,how-to-block,how to stop from snoring,49500,25,2.03,1,False
167.2,how-to-block,how to stop browning of apples,27100,5,0.06,1,False
167.1,how-to-block,how to stop apples from browning,27100,5,0.04,1,False
166.9,bible-verses,bible scripture about relationships,27100,2,1.13,1,False
165.9,how-to-block,how to stop itching down there immediately,22200,3,1.5,1,False
165.4,prayers,prayer for st michael,135000,22,0.12,3,False
165.3,bible-verses,biblical verses about faith,27100,9,4.03,1,False
165.1,devotionals,daily devotional by billy graham,14800,2,9.64,1,False
165.1,devotionals,daily devotional billy graham,14800,2,9.64,2,False
165.0,bible-verses,what does scripture say about cremation,27100,1,0.45,1,False
165.0,bible-verses,what does the bible say about cremation,27100,1,0.45,1,False
164.9,prayers,words to livin on a prayer,33100,6,0.02,1,False
164.6,prayers,jewish prayer for hanukkah,27100,0,0.0,1,False
163.9,audiences,passages about marriage in the bible,27100,3,1.09,2,False
163.9,how-to-block,how to turn off active status on instagram,22200,0,0.0,1,False
163.5,audiences,homeschool math curriculum,27100,9,3.72,8,False
163.3,bible-verses,bible quotes about motivation,33100,13,2.92,1,False
163.2,other,verse in the bible about thankfulness,22200,0,2.28,2,True
163.2,bible-verses,bible verse about thankfulness,22200,0,2.28,3,True
163.2,other,verses from the bible about thankfulness,22200,0,2.28,1,False
163.2,bible-verses,bible verse about being thankful,22200,0,2.28,2,False
163.2,bible-verses,bible verses on thankfulness,22200,0,2.28,3,False
163.2,bible-verses,bible verses for thanks,22200,0,2.28,1,False
163.2,bible-verses,bible verses for being thankful,22200,0,2.28,1,False
163.2,bible-verses,bible verse about thankful,22200,0,2.28,1,False
163.2,bible-verses,scripture about being thankful,22200,0,2.28,1,False
163.2,bible-verses,verses about thankfulness,22200,0,2.28,1,False
163.2,bible-verses,verses about being thankful,22200,0,2.28,1,False
163.2,bible-verses,bible quotes about thankful,22200,0,2.28,1,False
163.2,bible-verses,bible quotes about thanks,22200,0,2.28,1,False
163.2,bible-verses,bible quotes about thankfulness,22200,0,2.28,1,False
162.7,verse-display,verse of the day king james,22200,21,9.23,2,False
162.2,how-to-other,how to fb delete account,201000,23,0.14,1,False
162.0,prayers,prayer to saint michael archangel,135000,23,0.12,4,False
162.0,how-to-other,how to turn apple.watch off,33100,7,0.0,4,False
161.9,how-to-block,how to delete browser history on iphone,74000,29,0.95,1,False
161.9,bible-verses,bible quotes about bible,60500,34,6.84,1,False
161.7,how-to-block,how to delete application on mac,33100,14,0.69,2,False
161.3,prayers,pray morning prayer,110000,24,0.52,2,False
160.9,how-to-block,how to block sites from iphone,27100,12,2.16,1,False
160.8,prayers,prayer for st jude,27100,2,0.22,2,False
160.5,prayers,christian prayer for strength,40500,15,0.82,2,False
160.4,how-to-other,how to turn on off iphone,49500,19,0.24,3,False
159.9,how-to-other,how to turn location off iphone,27100,5,1.31,3,False
159.8,prayers,prayers for forgiveness of sins,18100,0,4.5,2,False
159.7,prayers,glory to father prayer,33100,8,0.07,5,False
159.2,prayers,prayer for strength,40500,15,0.62,4,True
158.7,how-to-block,how to delete an app macbook,33100,15,0.69,1,False
158.5,other,passages about anxiety in the bible,49500,22,1.44,1,False
158.4,catholic,lent rose,22200,0,0.3,1,False
158.2,blocker-tools,penne pomodoro,12100,2,1.47,1,False
157.5,how-to-other,how to prayer,18100,11,9.86,1,True
157.5,prayers,prayer how to,18100,11,9.86,10,True
157.3,prayers,prayer roman catholic,40500,16,0.8,3,False
157.2,how-to-block,how to turn off apple watch,33100,14,0.0,3,False
157.2,how-to-block,how to stop subscription on iphone,22200,19,8.24,3,False
156.6,how-to-block,how to delete a gmail address,33100,16,0.82,1,False
156.6,prayers,prayers for intercessors,14800,0,6.89,1,False
156.6,prayers,prayers for intercession,14800,0,6.89,1,False
156.6,prayers,intercessory prayer,14800,0,6.89,6,False
156.0,how-to-block,how to block on tiktok,22200,10,3.04,1,False
156.0,adult-blocking,porn blocker,9900,10,5.7,5,True
155.8,prayers,prayers for repentance,14800,0,6.73,1,False
155.8,prayers,prayer to repent,14800,0,6.73,2,False
155.7,catholic,when does lent start,90500,27,0.04,2,False
155.5,how-to-block,how to stop cough,40500,21,0.58,2,False
155.4,bible-verses,bible verses on guarding your heart,14800,4,8.72,1,False
155.2,other,verse from the bible about life,18100,0,3.68,2,False
155.2,bible-verses,bible verse about life,18100,0,3.68,2,False
155.2,bible-verses,bible verses on life,18100,0,3.68,2,False
155.2,other,verse bible about life,18100,0,3.68,3,False
155.2,bible-verses,bible scripture about life,18100,0,3.68,1,False
155.2,bible-verses,scriptures for life,18100,0,3.68,1,False
155.2,bible-verses,bible quotes about life,18100,0,3.68,1,False
155.2,bible-verses,bible passages about life,18100,0,3.68,1,False
154.7,prayers,prayer to forgiveness,18100,2,4.5,2,True
154.7,prayers,prayer to forgive,18100,2,4.5,1,False
154.6,prayers,morning prayer christianity,110000,26,0.52,1,False
154.6,prayers,morning prayer christian,110000,26,0.52,2,True
154.6,how-to-block,how to turn off ipad,33100,15,0.04,3,False
154.6,blocker-tools,how to block websites from chrome,14800,13,3.22,2,False
154.6,blocker-tools,how to block websites chrome,14800,13,3.22,12,False
154.4,how-to-block,how to turn off private browser on iphone,22200,6,0.97,1,False
153.9,bible-verses,bible scriptures for faith,27100,13,4.03,1,False
153.5,how-to-block,how to turn off active status on ig,22200,4,0.0,1,False
153.0,how-to-block,how to block someone on fb,27100,10,0.0,3,False
153.0,prayers,chaplet st michael,22200,0,0.65,6,False
152.8,how-to-block,how to stop coughing,40500,22,0.65,1,False
152.8,how-to-block,how to stop location on iphone,27100,13,1.31,1,False
152.5,bible-verses,scripture about faith,18100,1,3.64,1,False
152.5,bible-verses,scriptures for faith,18100,1,3.64,1,False
152.3,how-to-block,how to block a phone on iphone,40500,22,0.58,1,False
152.3,how-to-block,how to block no on iphone,40500,22,0.58,1,False
152.2,how-to-block,how to block web pages on iphone,27100,15,2.16,1,False
152.1,prayers,prayer to michael archangel,135000,26,0.12,6,False
152.1,audiences,christian dior sauvage cologne for men,40500,20,1.93,1,False
151.8,how-to-block,how to turn off dnd on iphone,27100,13,1.14,1,False
151.6,prayers,st jude novena,18100,4,4.86,6,False
151.6,prayers,st jude's novena,18100,4,4.86,1,False
151.2,adult-blocking,how to quit porn,8100,0,2.88,1,False
150.9,how-to-block,how to delete browser cookies on iphone,49500,30,2.19,1,False
150.9,how-to-block,how to stop a runny nose,27100,13,0.99,2,False
150.9,how-to-block,how to stop flowing nose,27100,13,0.99,1,False
150.9,how-to-block,how to stop drippy nose,27100,13,0.99,1,False
150.7,how-to-block,how to stop diarrhea,49500,27,0.45,2,False
150.7,how-to-block,how to reduce diarrhea,49500,27,0.45,1,False
150.7,other,verse in the bible about christmas,18100,0,2.88,2,False
150.7,bible-verses,bible verse about xmas,18100,0,2.88,2,False
150.7,other,verses from the bible about christmas,18100,0,2.88,1,False
150.7,bible-verses,bible verses for xmas,18100,0,2.88,1,False
150.7,other,verses in the bible for christmas,18100,0,2.88,1,False
150.7,bible-verses,bible verses on christmas,18100,0,2.88,2,False
150.7,bible-verses,bible verse about christmas,18100,0,2.88,1,False
150.7,bible-verses,scripture about christmas,18100,0,2.88,1,False
150.7,bible-verses,scripture verses about christmas,18100,0,2.88,1,False
150.7,bible-verses,scriptures for xmas,18100,0,2.88,1,False
150.7,bible-verses,scriptures for christmas,18100,0,2.88,1,False
150.5,blocker-tools,how to block websites from safari,9900,0,1.93,1,False
150.5,blocker-tools,how to block websites safari,9900,0,1.93,10,False
150.1,other,verses in bible about hope,18100,0,2.77,2,True
150.1,bible-verses,bible verse about hope,18100,0,2.77,2,True
150.1,bible-verses,bible verses on hope,18100,0,2.77,3,False
150.1,bible-verses,bible quotes about hope,18100,0,2.77,1,False
149.9,prayers,prayer for guardian angel,22200,0,0.14,4,False
149.5,bible-verses,scripture about nephilim,22200,6,2.58,1,False
149.2,how-to-block,how to block mobile numbers on iphone,40500,23,0.58,1,False
149.0,how-to-block,how to delete history from safari,49500,28,0.71,1,False
149.0,how-to-block,how to delete safari history,49500,28,0.71,1,False
149.0,how-to-block,how to delete search history in safari,49500,28,0.71,2,False
149.0,how-to-block,how to turn off iphone do not disturb,27100,14,1.14,2,False
148.9,how-to-block,how to turn off smoke alarm,18100,0,0.14,2,False
148.9,how-to-block,how to turn off fire alarm,18100,0,0.14,3,False
148.9,how-to-block,how to turn off fire detector,18100,0,0.14,1,False
148.8,catholic,significance of lent,22200,21,9.28,1,False
148.6,prayers,prayers during the rosary,40500,19,0.83,1,False
148.4,prayers,time for maghrib prayer today,33100,29,9.86,2,False
148.4,how-to-block,how to turn off liquid glass,22200,6,0.0,1,False
148.0,how-to-block,how to turn off read receipts iphone,18100,0,0.0,2,False
148.0,how-to-block,how to turn off vibration on iphone,18100,0,0.0,1,False
148.0,how-to-block,how to turn off vibrate on iphone,18100,0,0.0,1,False
148.0,how-to-block,how to turn off touchscreen on chromebook,18100,0,0.0,1,False
148.0,how-to-block,how to turn off caps lock on chromebook,18100,0,0.0,1,False
147.6,how-to-block,how to block someone facebook,27100,12,0.0,3,False
147.6,how-to-block,how to block someone from facebook,27100,12,0.0,1,False
147.6,how-to-block,how to block people from facebook,27100,12,0.0,1,False
146.6,how-to-block,how to stop snore,49500,31,2.03,1,False
146.6,other,facebook how to block someone,27100,7,0.0,1,False
146.2,how-to-block,how to stop nasal drip,18100,3,0.89,2,False
145.8,other,how much to reduce breast,12100,0,7.82,1,False
145.7,other,fb how to delete account,201000,28,0.14,1,False
145.6,prayers,prayer for thanksgiving,22200,10,3.75,3,False
145.6,prayers,prayer for thanksgiving day,22200,10,3.75,3,False
145.5,prayers,prayer to st michael archangel,135000,28,0.12,4,False
144.9,prayers,islamic time for prayer,450000,39,7.31,10,False
144.8,bible-verses,bible verses about fruit of the holy spirit,33100,15,0.77,3,False
144.8,bible-verses,bible verse about fruit of the spirit,33100,15,0.77,8,False
144.8,bible-verses,bible verses on fruit of the spirit,33100,15,0.77,4,False
144.7,prayers,prayers for forgiveness christian,18100,6,4.5,2,False
144.2,other,what does it say about cremation in the bible,27100,9,0.45,1,False
144.1,other,fb how to block someone,27100,8,0.0,1,False
143.8,prayers,night prayer christian,60500,29,0.37,2,False
143.7,how-to-block,how to stop bleeding nose,40500,24,0.17,4,False
143.7,how-to-block,how to stop bleeding from nose,40500,24,0.17,2,False
143.7,how-to-block,how to stop s bloody nose,40500,24,0.17,1,False
143.7,how-to-block,how to stop nasal bleeding,40500,24,0.17,1,False
143.7,how-to-block,how to stop a nose bleed,40500,24,0.17,2,False
143.7,how-to-block,how to stop a nosebleed,40500,24,0.17,1,False
143.6,bible-verses,scripture about anxious,18100,0,1.62,1,False
143.6,bible-verses,verses about anxiousness,18100,0,1.62,1,False
143.6,bible-verses,bible quotes about anxiety,18100,0,1.62,1,False
143.6,audiences,time for learning homeschool curriculum,9900,0,10.63,1,False
143.4,audiences,homeschool resource,301000,38,6.19,3,False
143.2,prayers,prayer before bed,27100,9,0.28,3,True
143.2,prayers,st michael's chaplet,22200,4,0.63,1,False
143.0,how-to-block,how to reduce cortisol,40500,26,1.1,1,False
142.2,audiences,khan academy homeschool,18100,5,3.53,4,False
142.0,prayers,prayer for jesus,22200,12,4.06,2,False
141.8,catholic,lent en espanol,8100,0,17.55,1,False
141.8,catholic,lent holiday in spanish,8100,0,17.55,1,False
141.5,bible-verses,bible verse about praying,18100,0,1.24,1,False
141.3,adult-blocking,how to stop porn addiction,18100,27,3.81,3,False
141.3,adult-blocking,how to stop pornography addiction,18100,27,3.81,1,False
141.3,adult-blocking,how to quit a porn addiction,18100,27,3.81,1,False
141.3,adult-blocking,how to break porn addiction,18100,27,3.81,2,False
141.3,audiences,time4learning homeschool curriculum,9900,1,10.63,1,False
141.2,how-to-block,how to delete an app mac,33100,21,0.69,1,False
141.2,bible-verses,scripture about prayer,18100,0,1.18,2,False
141.2,bible-verses,scripture about how to pray,18100,0,1.18,2,False
141.2,bible-verses,scriptures for prayer,18100,0,1.18,3,False
141.1,prayers,prayer schedule for muslims,450000,40,7.31,1,False
140.7,how-to-block,how to stop epistaxis,40500,25,0.17,1,False
140.6,bible-verses,bible passages about hope,18100,4,2.77,1,False
140.5,how-to-other,how to turn ipad off,33100,15,0.04,5,False
140.5,blocker-tools,pomodoro pizza,9900,4,1.85,2,False
139.8,devotionals,daily devotional for women,18100,4,2.62,6,True
139.6,prayers,prayers for anxiety,18100,6,3.49,1,True
139.5,bible-verses,bible verses about grieving,18100,0,0.89,1,False
139.5,bible-verses,bible verse about grief,18100,0,0.89,2,True
139.5,bible-verses,bible verses on grieving,18100,0,0.89,3,False
139.5,bible-verses,bible verses on grief,18100,0,0.89,2,False
139.5,bible-verses,scripture about grief,18100,0,0.89,1,False
139.5,bible-verses,scriptures for those grieving,18100,0,0.89,1,False
139.5,bible-verses,bible scriptures for grief,18100,0,0.89,1,False
139.5,bible-verses,bible scriptures for grieving,18100,0,0.89,1,False
139.5,bible-verses,biblical scriptures for grieving,18100,0,0.89,1,False
139.5,bible-verses,bible quotes about grief,18100,0,0.89,1,False
139.5,audiences,christian louboutin shoes men,18100,0,0.88,4,False
139.5,audiences,christian louboutin men dress shoes,18100,0,0.88,3,False
139.5,audiences,christian louboutin slippers men,18100,0,0.88,1,False
139.4,bible-verses,bible verses for thanksgiving day,18100,0,0.87,1,False
139.4,bible-verses,bible verses on give thanks,18100,0,0.87,1,False
139.4,how-to-block,how to turn off smoke detector,18100,4,0.14,3,False
139.3,blocker-tools,chicken pomodoro,9900,0,0.0,2,False
139.2,how-to-block,how to turn off pop up blocker,27100,18,1.34,2,False
139.1,how-to-block,how to stop vikkal,74000,34,0.08,1,False
139.1,how-to-block,how to turn off do not disturb,27100,17,0.84,1,False
139.0,prayers,prayer for serenity,201000,30,0.1,3,True
139.0,how-to-block,how to turn off private browsing iphone,22200,12,0.97,5,False
139.0,prayers,songs for prayers,12100,0,6.32,1,False
138.9,how-to-other,how to to stop coughing,40500,22,0.65,1,False
138.9,bible-verses,scripture about praying,18100,1,1.18,1,False
138.6,bible-verses,bible verses on strength in hard times,14800,0,3.34,2,False
138.6,bible-verses,bible verse about strength in hard times,14800,0,3.34,1,False
138.6,bible-verses,scripture about strength in hard times,14800,0,3.34,1,False
138.6,bible-verses,bible passages about strength in hard times,14800,0,3.34,1,False
138.6,verse-display,bible verse of the day about strength,9900,4,7.04,1,False
138.4,prayers,rosary divine mercy,135000,31,0.56,3,False
138.2,bible-verses,scriptures for peace,40500,25,2.12,1,False
138.2,bible-verses,bible quotes about peace,40500,25,2.12,1,False
137.7,addiction,screen free digital camera,12100,0,1.04,2,False
137.4,how-to-block,how to stop eye twitch,18100,5,0.18,4,False
137.4,how-to-block,how to stop twitchy eye,18100,5,0.18,1,False
137.4,how-to-block,how to stop eye from twitching,18100,5,0.18,3,False
137.4,how-to-block,how to stop eye tics,18100,5,0.18,1,False
137.4,how-to-block,how to stop twitching eye,18100,5,0.18,5,False
137.4,how-to-block,how to stop a twitchy eyelid,18100,5,0.18,1,False
137.2,how-to-other,how to to stop a runny nose,27100,13,0.99,1,False
137.1,how-to-other,how to pray rosary prayer,74000,32,0.89,3,False
137.1,how-to-other,how to say a rosary prayer,74000,32,0.89,3,False
137.1,how-to-other,how to pray holy rosary,74000,32,0.89,3,False
137.0,how-to-other,how to to stop diarrhea,49500,27,0.45,1,False
137.0,prayers,verses from the bible about prayer,18100,2,1.24,1,False
137.0,prayers,verses in the bible about prayer,18100,2,1.24,1,True
137.0,prayers,verses in the bible on prayer,18100,2,1.24,1,False
136.8,bible-verses,scripture about anxiety,18100,3,1.62,1,False
136.8,bible-verses,scriptures for anxiety,18100,3,1.62,1,False
136.7,bible-verses,scripture how to pray,18100,2,1.18,3,False
136.7,prayers,novena saint jude,18100,10,4.86,3,False
136.7,how-to-block,how to stop post nasal drip,18100,7,0.89,3,False
136.5,other,pop up blocker how to turn off,27100,14,1.34,1,False
136.5,prayers,prayer when anxious,18100,4,1.99,1,False
136.1,prayers,st michael rosary chaplet,22200,7,0.63,1,False
136.1,prayers,saint michael the archangel chaplet,22200,7,0.63,3,False
136.1,bible-verses,bible verse about motherhood,18100,0,0.28,2,False
136.1,other,verse from the bible about mothers,18100,0,0.28,2,False
136.1,bible-verses,bible verse about moms,18100,0,0.28,2,False
136.1,bible-verses,bible verse about mother,18100,0,0.28,6,False
136.1,bible-verses,bible verse about mom,18100,0,0.28,2,False
136.1,bible-verses,bible verses on moms,18100,0,0.28,2,False
136.1,bible-verses,bible verses on mom,18100,0,0.28,3,False
136.1,bible-verses,bible verses on mother,18100,0,0.28,5,False
136.1,bible-verses,bible verses on motherhood,18100,0,0.28,2,False
136.1,other,verse about mothers in the bible,18100,0,0.28,2,False
135.9,how-to-block,how to delete browser history safari,49500,32,0.71,2,False
135.9,how-to-block,how to delete browsing history safari,49500,32,0.71,2,False
135.7,catholic,when lent over,27100,20,2.93,4,False
135.6,prayers,christian rosary prayer,60500,32,0.63,2,False
135.6,prayers,now lay me down to sleep prayer,18100,0,0.19,4,False
135.6,prayers,now u lay me down to sleep prayer,18100,0,0.19,1,False
135.6,prayers,now they lay me down to sleep prayer,18100,0,0.19,1,False
135.4,blocker-tools,spaghettoni pomodoro,12100,8,0.12,1,False
135.3,how-to-other,how to turn smoke alarm off,18100,0,0.14,1,False
135.0,bible-verses,bible verse about thanksgiving day,18100,2,0.87,2,False
135.0,bible-verses,bible verses for thanksgiving holiday,18100,2,0.87,1,False
135.0,blocker-tools,spaghetti pomodoro,12100,8,0.04,1,False
135.0,other,quotes about easter from the bible,8100,0,12.48,2,False
134.8,how-to-block,how to turn off smoke detector alarm,18100,6,0.14,1,False
134.8,how-to-block,how to turn off iphone torch,14800,0,0.17,2,False
134.8,how-to-block,how to turn off flashlight iphone,14800,0,0.17,5,False
134.7,bible-verses,scripture about god's love,14800,0,2.57,1,False
134.5,how-to-other,how to turn iphone vibrate off,18100,0,0.0,2,False
134.5,how-to-other,how to turn vibration off on iphone,18100,0,0.0,2,False
134.2,how-to-other,how to i block someone on facebook,27100,12,0.0,1,False
133.9,how-to-other,how to turn dnd off,27100,14,0.84,1,False
133.8,how-to-other,how to use rosary,74000,33,0.89,4,False
133.8,how-to-block,how to turn off sticky keys,14800,0,0.0,1,False
133.7,audiences,christian counselling marriage,9900,5,11.01,4,False
133.4,how-to-block,how to quit netflix,22200,17,2.31,1,False
133.2,bible-verses,scripture about trusting god,14800,0,2.27,1,False
132.8,prayers,seven sorrows chaplet,18100,4,1.28,3,False
132.8,catholic,lent spanish,8100,4,17.55,2,False
132.7,parental,app parental control,40500,44,6.78,18,False
132.7,parental,parental control application,40500,44,6.78,2,False
132.5,bible-verses,bible verses about pray,18100,4,1.24,2,False
132.5,bible-verses,bible verses on pray,18100,4,1.24,5,False
132.2,how-to-block,how to block unknown numbers from iphone,18100,10,1.37,1,False
132.2,how-to-block,how to block unknown numbers on iphone,18100,10,1.37,2,False
132.1,adult-blocking,accountable2you,12100,15,0.93,4,False
131.9,prayers,s t jude novena,18100,12,4.86,1,False
131.9,blocker-tools,pasta pomodoro,14800,16,0.57,2,False
131.5,how-to-block,how to turn off private browsing mode on iphone,22200,15,0.97,1,False
131.5,bible-verses,trust on the lord bible verses,14800,0,1.95,3,False
131.5,bible-verses,trust on god bible verses,14800,0,1.95,3,False
131.5,bible-verses,bible verses for trusting god,14800,0,1.95,2,False
131.5,bible-verses,bible verse about trusting in god,14800,0,1.95,1,False
131.5,bible-verses,bible quotes about trusting god,14800,0,1.95,1,False
131.4,other,verse in the bible about salvation,14800,0,1.92,1,True
131.4,bible-verses,bible scriptures for salvation,14800,0,1.92,1,False
131.4,bible-verses,scriptures for salvation,14800,0,1.92,1,False
131.4,bible-verses,bible passages about salvation,14800,0,1.92,1,False
131.3,bible-verses,bible verses on gratitude,14800,0,1.9,2,False
131.3,bible-verses,scripture about gratitude,14800,0,1.9,1,False
131.3,bible-verses,bible quotes about gratitude,14800,0,1.9,1,False
130.9,how-to-block,how to quit ecig,22200,27,7.72,1,False
130.8,prayers,prayer for bedtime,27100,14,0.28,2,False
130.8,bible-verses,bible verses on perseverance,14800,0,1.8,2,False
130.8,bible-verses,bible quotes about perseverance,14800,0,1.8,1,False
130.6,other,nose bleeding how to stop,40500,24,0.17,2,False
130.6,bible-verses,scriptures for thankfulness,22200,13,2.28,1,False
130.6,audiences,easy peasy all in one homeschool curriculum,22200,9,0.47,2,False
130.6,bible-verses,bible verses on giving thanks,18100,4,0.87,1,False
130.5,prayers,prayer for saint jude,27100,14,0.22,2,False
130.5,how-to-block,how to stop eyelid twitching,18100,8,0.18,1,False
130.5,how-to-block,how to stop an eyelid from twitching,18100,8,0.18,1,False
130.3,other,verses in the bible about protection,18100,4,0.82,1,False
130.3,other,verses in the bible for protection,18100,4,0.82,1,False
130.3,bible-verses,bible verses on protection,18100,4,0.82,2,False
130.3,bible-verses,bible verse about protection,18100,4,0.82,1,False
130.3,bible-verses,bible verse about protecting,18100,4,0.82,1,False
130.2,prayers,prayers for anxiousness,18100,10,3.49,1,False
130.0,bible-verses,scripture about strength and healing,14800,0,1.64,1,False
130.0,bible-verses,scriptures for strength and healing,14800,0,1.64,2,False
130.0,bible-verses,bible scriptures for healing and strength,14800,0,1.64,2,False
129.8,how-to-block,how to reduce size of a pdf,22200,20,3.17,1,False
129.8,how-to-block,how to block unknown callers on iphone,18100,11,1.37,1,False
129.5,how-to-block,how to turn off ai on google,27100,23,2.08,2,False
129.5,other,verses in the bible for depression,14800,0,1.54,1,False
129.5,bible-verses,bible verses on depression,14800,0,1.54,3,False
129.5,bible-verses,bible verses for the depressed,14800,0,1.54,1,False
129.5,bible-verses,bible verse about depression,14800,0,1.54,1,True
129.5,bible-verses,biblical scriptures for depression,14800,0,1.54,1,False
129.5,bible-verses,bible scriptures for depression,14800,0,1.54,1,False
129.5,bible-verses,scriptures for depression,14800,0,1.54,1,False
129.5,bible-verses,bible quotes about depression,14800,0,1.54,1,False
129.3,how-to-block,how to block a person on facebook,27100,19,0.0,1,False
129.3,bible-verses,bible verses on salvation,14800,1,1.92,3,False
129.0,how-to-other,how to turn the pop up blocker off,27100,17,1.34,1,False
128.9,bible-verses,bible verses on death,14800,0,1.42,3,False
128.9,bible-verses,bible verses for dying,14800,0,1.42,1,False
128.9,bible-verses,bible verses for the dead,14800,0,1.42,1,False
128.9,other,verse of the bible about death,14800,0,1.42,2,True
128.9,other,verse from the bible about death,14800,0,1.42,1,False
128.9,bible-verses,bible verse about dying,14800,0,1.42,1,False
128.9,other,quotes from the bible about death,14800,0,1.42,1,False
128.9,bible-verses,bible quotes about death,14800,0,1.42,1,False
128.9,other,quotes in the bible about death,14800,0,1.42,1,False
128.9,bible-verses,bible passages about death,14800,0,1.42,1,False
128.7,addiction,free phone free,110000,47,5.01,2,False
128.4,platform,mac how to delete apps,33100,21,0.69,1,False
128.4,prayers,prayer for bed,27100,15,0.28,2,False
128.4,prayers,prayer before bedtime,27100,15,0.28,2,False
128.3,audiences,homeschool texas,9900,9,23.71,4,False
128.2,bible-verses,scripture about thankfulness,22200,14,2.28,1,False
127.9,other,epistaxis how to stop,40500,25,0.17,1,False
127.9,other,bloody nose how to stop,40500,25,0.17,1,False
127.9,bible-verses,bible quotes about healing and strength,14800,1,1.64,2,False
127.5,how-to-block,how to block unknown calls iphone,18100,12,1.37,2,False
127.5,bible-verses,bible verses on patience,14800,0,1.15,2,False
127.5,bible-verses,bible verses on being patient,14800,0,1.15,1,False
127.5,bible-verses,bible quotes about patience,14800,0,1.15,1,False
127.3,prayers,prayers for families,14800,5,3.27,2,False
127.2,how-to-block,how to reduce pdf document file size,22200,21,3.17,3,False
127.2,bible-verses,bible verse about salvation,14800,2,1.92,1,True
126.9,prayers,st michael archangel chaplet,22200,11,0.63,4,False
126.6,blocker-tools,pomodoro timer,90500,48,1.23,6,False
126.6,blocker-tools,pomodoro effect timer,90500,48,1.23,1,False
126.6,bible-verses,scripture about tattoos,14800,0,0.98,1,False
126.5,prayers,healing prayers for strength,18100,7,1.34,3,False
126.3,other,verse in the bible about thanksgiving,18100,6,0.87,2,False
126.3,bible-verses,bible verses on thanksgiving,18100,6,0.87,3,False
126.3,bible-verses,bible verse about thanksgiving,18100,6,0.87,1,False
126.3,other,verses in the bible on thanksgiving,18100,6,0.87,1,False
126.3,bible-verses,bible passages about thanksgiving,18100,6,0.87,1,False
126.2,how-to-block,how to turn off iphone passcode,14800,4,0.16,3,False
126.2,bible-verses,bible verses on god love,12100,0,3.54,5,False
126.2,bible-verses,bible verses on god's love,12100,0,3.54,1,False
126.2,bible-verses,bible verses on loving god,12100,0,3.54,1,False
126.2,bible-verses,bible quotes about god love,12100,0,3.54,3,False
126.2,bible-verses,bible quotes about god's love,12100,0,3.54,1,False
125.9,catholic,examination of conscience,27100,19,0.49,6,False
125.8,bible-verses,bible verse about repentance,14800,0,0.82,1,True
125.8,bible-verses,scripture about repentance,14800,0,0.82,1,False
125.8,bible-verses,scriptures for repentance,14800,0,0.82,1,False
125.8,bible-verses,verses on repentance in the bible,14800,0,0.82,1,False
125.5,bible-verses,bible quotes about strength in hard times,14800,6,3.34,1,False
125.4,prayers,divine mercy prayer chaplet,49500,32,1.07,15,False
125.2,prayers,prayer to family,14800,6,3.27,4,False
125.1,bible-verses,scripture about salvation,14800,3,1.92,1,False
125.0,bible-verses,bible verses for childrens,14800,0,0.65,1,False
124.9,how-to-other,how to pray prayer,18100,23,9.86,2,False
124.9,prayers,evening prayer,14800,0,0.64,7,True
124.5,prayers,prayer to saint francis,22200,11,0.16,2,False
124.5,prayers,divine mercy novena,14800,4,2.22,6,False
124.4,how-to-other,how to lead the rosary,74000,36,0.89,1,False
124.4,bible-verses,bible quotes about easter,8100,5,12.48,1,False
124.3,prayers,prayer to jabez,14800,0,0.53,1,False
124.2,bible-verses,bible quotes about loving god,12100,1,3.54,1,False
124.1,bible-verses,bible verses for graduates,14800,0,0.49,2,False
124.1,bible-verses,bible verses for birth,14800,0,0.48,1,False
124.1,other,verses from bible for birthday,14800,0,0.48,1,False
124.1,bible-verses,bible verses on birthday,14800,0,0.48,6,False
124.1,bible-verses,bible verses on graduation,14800,0,0.49,2,False
124.1,bible-verses,bible verse about birthday,14800,0,0.48,1,False
124.1,bible-verses,bible verse about graduation,14800,0,0.49,1,False
124.1,bible-verses,biblical scriptures for graduates,14800,0,0.49,1,False
124.1,bible-verses,bible scriptures for graduates,14800,0,0.49,1,False
124.1,bible-verses,scriptures for graduation,14800,0,0.49,1,False
124.1,bible-verses,scriptures for graduates,14800,0,0.49,2,False
123.9,other,passages about faith in the bible,27100,24,4.03,1,False
123.9,prayers,prayers for husband,14800,0,0.45,6,False
123.9,prayers,prayers to pray for my husband,14800,0,0.45,2,False
123.9,prayers,prayers for my spouse,14800,0,0.45,1,False
123.4,prayers,st.joseph novena,9900,7,9.44,6,False
123.4,prayers,st joseph's novena,9900,7,9.44,1,False
123.0,prayers,prayer to st padre pio,14800,0,0.27,1,False
122.7,prayers,prayer for contrition,33100,22,0.08,1,False
122.5,prayers,archangel michael chaplet,22200,13,0.65,1,False
122.5,how-to-other,how to turn iphone flashlight off,14800,0,0.17,2,False
122.5,how-to-other,how to turn torch off on iphone,14800,0,0.17,1,False
122.4,prayers,st michael the archangel chaplet prayer,22200,13,0.63,1,False
122.4,prayers,saint michael's chaplet,22200,13,0.63,1,False
122.4,prayers,saint michael chaplet,22200,13,0.63,3,False
122.4,prayers,prayer before meal,14800,0,0.15,8,False
122.4,prayers,prayer to saint anthony,14800,0,0.14,1,False
122.4,prayers,christian prayer before meal,14800,0,0.15,3,False
122.4,prayers,prayer before eating,14800,0,0.15,2,False
122.4,prayers,prayer before you eat,14800,0,0.15,1,False
122.2,prayers,song prayer to st francis,22200,12,0.16,1,False
122.0,blocker-tools,linguine pomodoro,14800,20,0.57,1,False
121.9,other,inspirational quotes about bible,12100,7,5.86,2,False
121.9,audiences,christian music artists women,6600,0,26.85,2,False
121.7,other,what does god say about suicide in the bible,14800,0,0.0,1,False
121.7,how-to-other,how to force quit windows,14800,0,0.0,2,False
121.7,how-to-other,how to turn sticky keys off,14800,0,0.0,1,False
121.6,how-to-block,how to delete page break in word,12100,0,0.12,1,False
121.5,prayers,prayers for sinners,18100,8,0.76,1,False
121.3,how-to-block,how to delete section break in word,12100,0,0.06,2,False
121.2,how-to-block,how to stop kidney stones,33100,28,0.59,1,False
121.2,parental,how to turn off parental control on iphone,5400,2,7.44,1,False
121.1,prayers,prayer for daily,40500,29,0.99,6,False
121.0,bible-verses,scripture about peace,40500,31,2.12,1,False
121.0,how-to-block,how to delete account gmail,33100,28,0.55,5,False
121.0,how-to-block,how to reduce 10 pounds in a month,18100,22,5.2,1,False
120.6,how-to-block,how to stop unknown calls iphone,18100,15,1.37,2,False
120.6,bible-verses,scripture about the promises of god,12100,0,2.32,1,False
120.5,bible-verses,bible scripture about perseverance,14800,5,1.8,1,False
120.5,prayers,prayer before food,14800,1,0.15,2,False
120.5,prayers,prayer before eating meal,14800,1,0.15,3,False
120.4,prayers,prayer for our father who art in heaven,201000,36,0.1,1,False
120.1,audiences,homeschool hubs,14800,23,13.79,1,False
120.1,audiences,homeschool hub,14800,23,13.79,1,False
119.8,how-to-block,how to delete web browser cache,49500,38,1.25,1,False
119.6,prayers,prayers for miracle,12100,0,2.1,3,False
119.3,how-to-block,how to quit spotify premium,27100,29,3.35,1,False
119.3,bible-verses,bible verse about jesus wept,14800,7,2.44,1,False
119.2,how-to-block,how to turn off read receipts,14800,7,0.0,1,False
118.9,how-to-block,how to stop restless legs immediately,22200,20,0.88,1,False
118.9,how-to-block,how to stop restless leg immediately,22200,20,0.88,1,False
118.8,how-to-block,how to stop subscription,22200,36,11.54,3,False
118.4,bible-verses,bible scripture about love,12100,0,1.84,1,False
118.4,bible-verses,scripture from bible about love,12100,0,1.84,1,False
118.4,bible-verses,bible scriptures for love,12100,0,1.84,1,False
118.4,other,quotes from the bible about peace,12100,0,1.84,1,False
118.3,how-to-block,how to reduce 10 pounds in a week,14800,18,5.15,1,False
118.3,how-to-block,how to block safari websites,9900,0,1.93,1,False
117.9,bible-verses,bible scriptures for hope,18100,14,2.77,1,False
117.8,verse-display,bible scripture verse of the day,550000,55,13.22,1,False
117.7,catholic,catholic bible,74000,40,0.86,29,False
117.6,bible-verses,scripture about deborah,14800,5,1.19,1,False
117.5,prayers,catholic prayer,40500,30,0.8,15,False
117.3,bible-verses,bible verses on anger,12100,0,1.6,2,False
117.3,bible-verses,bible quotes about anger,12100,0,1.6,1,False
117.0,bible-verses,scriptures for trusting god,12100,0,1.53,2,False
116.8,blocker-tools,pazzo pomodoro,8100,7,0.99,1,False
116.7,bible-verses,bible scripture about thanksgiving,14800,6,1.42,1,False
116.7,bible-verses,scripture about thanksgiving,14800,6,1.42,1,False
116.7,bible-verses,bible scriptures for thanksgiving,14800,6,1.42,1,False
116.7,bible-verses,scriptures for thanksgiving,14800,6,1.42,1,False
116.6,bible-verses,bible verses on worry,12100,0,1.45,2,False
116.6,bible-verses,bible verses on worries,12100,0,1.45,2,False
116.6,bible-verses,bible verses on worrying,12100,0,1.45,2,False
116.6,bible-verses,scriptures for easter,12100,0,1.43,1,False
116.6,bible-verses,scriptures for resurrection sunday,12100,0,1.43,1,False
116.6,bible-verses,scriptures for easter sunday,12100,0,1.43,1,False
116.6,bible-verses,bible scriptures for easter,12100,0,1.43,1,False
116.6,bible-verses,bible verses on easter,12100,0,1.43,1,False
116.6,bible-verses,bible quotes about worry,12100,0,1.45,1,False
116.6,bible-verses,bible passages about easter,12100,0,1.43,1,False
116.4,prayers,novena surrender,27100,24,2.32,4,False
116.4,prayers,surrendering novena,27100,24,2.32,1,False
116.1,how-to-block,how to block calls from unknown numbers iphone,18100,17,1.37,1,False
115.9,prayers,divine chaplet song,14800,3,0.0,2,False
115.9,prayers,divine mercy chaplet song,14800,3,0.0,8,False
115.7,verse-display,king james version bible verse of the day,27100,34,4.51,2,False
115.7,bible-verses,scripture about gifts of the spirit,9900,5,6.29,1,False
115.6,prayers,prayer to st francis,22200,15,0.16,2,False
115.5,other,study tools for bible,60500,41,2.32,3,False
115.5,bible-verses,bible quotes about protection,18100,11,0.82,1,False
115.5,how-to-block,how to stop a toothache pain fast,14800,14,2.37,1,False
115.2,prayers,how is the rosary prayed,74000,39,0.89,1,False
115.2,blocker-tools,pomodoro method,22200,40,6.01,2,False
115.2,prayers,prayer to saint padre pio,14800,4,0.27,1,False
115.2,audiences,online homeschool course,14800,25,18.68,3,False
115.2,audiences,online schools homeschool,14800,25,18.68,3,False
115.2,how-to-block,how to quit watching ponography,9900,8,4.86,1,False
115.1,how-to-block,how to reduce cough at night,12100,4,0.37,1,False
114.8,other,screen-free digital camera,12100,0,1.04,2,False
114.7,prayers,pray how to,18100,27,9.86,1,False
114.7,how-to-other,how to pray,18100,27,9.86,1,False
114.7,how-to-other,how to turn passcode off iphone,14800,4,0.16,2,False
114.7,bible-verses,scriptures for love,12100,2,1.84,1,False
114.7,blocker-tools,how to block apps iphone,5400,0,2.75,16,False
114.7,blocker-tools,pomodoro rosso new york,5400,0,2.75,1,False
114.6,prayers,lay me down to sleep prayer,18100,10,0.19,2,False
114.6,how-to-block,how to reduce cortisol level,18100,17,1.03,3,False
114.5,parental,bark app,14800,23,2.39,11,False
114.4,bible-verses,bible scriptures for graduation,14800,5,0.49,1,False
114.4,prayers,prayers for prayer beads,12100,0,0.95,1,False
114.3,prayers,roman catholic morning prayer,22200,18,1.29,1,False
114.3,catholic,lent meaning,22200,33,9.28,4,False
114.3,bible-verses,bible quotes about joy,12100,0,0.94,1,False
114.3,bible-study,bible study on women,12100,0,0.93,7,False
114.1,how-to-block,how to stop the itching from mosquito bites,14800,10,0.22,1,False
114.1,other,quotes about easter in the bible,8100,10,12.48,1,False
114.0,how-to-block,how to stop dripping nose,27100,27,0.99,1,False
114.0,bible-verses,biblical verses about christmas,18100,16,2.88,1,False
114.0,how-to-other,how to turn read receipts off,14800,4,0.0,1,False
113.9,how-to-block,how to block anonymous calls iphone,18100,18,1.37,2,False
113.8,prayers,chaplet of divine mercy rosary,49500,36,1.07,2,False
113.8,bible-verses,bible verses on humility,12100,0,0.82,3,False
113.5,bible-verses,bible verses on family,12100,0,0.76,3,False
113.5,bible-verses,bible verses on family life,12100,0,0.76,1,False
113.3,verse-display,scripture verse of the day kjv,22200,37,9.23,1,False
113.3,audiences,homeschool co-ops near me,8100,0,6.22,2,False
113.3,audiences,homeschool co op near me,8100,0,6.22,3,False
113.2,prayers,bible how to pray verse,18100,13,1.24,1,False
113.1,addiction,how to stop addiction to ponography,18100,27,3.81,1,False
112.9,bible-verses,bible quotes about worrying,12100,2,1.45,1,False
112.8,bible-verses,scripture about death,14800,8,1.42,1,False
112.8,bible-verses,scriptures for death,14800,8,1.42,1,False
112.7,bible-verses,scripture about friendship,12100,0,0.6,1,False
112.7,bible-verses,scriptures for friendship,12100,0,0.6,2,False
112.5,prayers,before i lay me down to sleep prayer,18100,11,0.19,1,False
112.5,competitors,cold turkey,12100,24,4.21,4,False
112.4,bible-verses,bible verses for kindergarteners,12100,0,0.52,1,False
112.3,how-to-other,how to break fever,18100,12,0.59,2,False
112.3,audiences,abeka homeschool program,9900,0,3.08,1,False
112.2,how-to-other,how to turn do not disturb off,27100,23,0.84,1,False
112.2,competitors,hallow app,22200,35,2.66,15,False
112.2,prayers,pray divine chaplet,14800,6,0.44,1,False
111.7,bible-verses,biblical scriptures for marriage,12100,2,1.17,1,False
111.7,other,quotes from bible about family,12100,1,0.76,2,False
111.6,prayers,prayers to pray for healing,90500,40,0.76,1,False
111.6,bible-verses,bible verses on lust,12100,0,0.36,1,False
111.6,prayers,padre pio prayers for healing,12100,0,0.36,1,False
111.4,catholic,what bible does catholic church use,12100,6,1.56,2,False
111.3,addiction,government phone free,165000,49,2.69,2,False
111.3,other,ice blocker app,27100,22,0.15,1,False
111.3,bible-verses,scripture about depression,14800,9,1.54,1,False
111.2,bible-verses,bible verse about prayer,18100,14,1.24,4,True
111.2,bible-verses,what does scripture say about marriage,9900,0,2.83,2,False
111.2,christian-apps,christian apparel men,6600,0,2.27,3,False
111.1,prayers,prayer to holy spirit,12100,0,0.25,4,False
111.0,bible-verses,scripture about friends,12100,1,0.6,1,False
111.0,verse-display,bible verse of the day strength,9900,9,3.07,2,False
110.5,prayers,i pray the lord my soul to keep prayer,18100,12,0.19,1,False
110.5,how-to-other,how to undo page break in word,12100,0,0.12,1,False
110.5,how-to-other,how to remove page break from word,12100,0,0.12,2,False
110.3,how-to-other,how to remove section break in word,12100,0,0.06,2,False
110.2,bible-verses,bible verses on mother's day,12100,0,0.04,2,False
110.2,bible-verses,bible passages about righteousness,5400,0,16.33,1,False
110.2,prayers,wed morning prayer,5400,0,21.31,1,False
110.2,prayers,morning prayer wednesday,5400,0,21.31,5,False
110.1,blocker-tools,soya pomodoro miami,4400,0,4.45,3,False
110.1,blocker-tools,soya y pomodoro miami,4400,0,4.45,1,False
109.8,other,verse in the bible about strength and healing,14800,10,1.64,1,False
109.7,how-to-block,how to reduce mb of pdf,22200,28,3.17,1,False
109.5,bible-verses,bible quotes about thanksgiving,18100,14,0.87,1,False
109.5,parental,how to add parental control on iphone,8100,11,3.07,1,False
109.4,bible-verses,bible passages about love,165000,43,2.35,1,False
109.3,how-to-block,how to turn off private browsing,27100,29,1.06,2,False
109.3,prayers,7 sorrows chaplet,18100,15,1.28,1,False
109.2,how-to-other,how to prayer the holy rosary,74000,41,0.89,1,False
109.2,how-to-other,how to pray a rosary,74000,41,0.89,20,False
109.2,prayers,how pray rosary,74000,41,0.89,15,False
109.2,how-to-other,how do we pray the rosary,74000,41,0.89,1,False
109.2,how-to-other,how to say a rosary,74000,41,0.89,1,False
109.2,bible-verses,bible verse about iron sharpens iron,18100,14,0.8,1,False
109.2,blocker-tools,productivity app,14800,37,8.23,7,False
109.2,other,life app study bible,14800,8,0.61,1,False
109.2,bible-verses,bible scriptures for friends,12100,2,0.6,1,False
109.2,blocker-tools,pomodoro rosso restaurant,5400,3,2.75,1,False
109.2,blocker-tools,pomodoro rosso nyc,5400,3,2.75,1,False
109.0,bible-verses,scripture about god's faithfulness,6600,0,8.2,1,False
108.9,bible-verses,bible scripture about death,14800,10,1.42,1,False
108.9,audiences,christian marriage counselor near me,8100,4,7.01,2,False
108.9,bible-verses,scripture about trusting god in hard times,6600,0,8.18,1,False
108.8,how-to-block,how to reduce ldl cholesterol,49500,43,2.23,2,False
108.8,bible-study,bible study for ladies,12100,3,0.93,1,False
108.5,prayers,when is maghrib prayer today,6600,7,14.69,1,False
108.2,bible-verses,bible quotes about inspiration,12100,8,2.98,1,False
108.1,prayers,good night prayer,14800,8,0.36,4,False
107.5,prayers,prayer to heal a friend,12100,2,0.23,1,False
107.4,prayers,prayers for salvation,12100,5,1.43,1,False
107.4,blocker-tools,pomodoro rosso,5400,4,2.75,1,False
107.0,bible-verses,bible verses on prayer,18100,16,1.24,3,False
107.0,prayers,prayers for request,18100,26,6.91,5,False
106.9,prayers,nice morning prayer,18100,14,0.27,1,False
106.9,audiences,christian tee shirts men,9900,0,1.79,2,False
106.9,audiences,christian tshirt for men,9900,0,1.79,1,False
106.9,audiences,christian tees for men,9900,0,1.79,1,False
106.9,audiences,christian t shirt men,9900,0,1.79,8,False
106.7,blocker-tools,pomodoro durham,5400,0,0.88,1,False
106.6,how-to-block,how to stop nose running,27100,30,0.99,1,False
106.4,other,passages in the bible about love,165000,44,2.35,2,False
106.3,prayers,time for subuh prayer,60500,43,1.59,1,False
106.3,audiences,christian dior bags for women,12100,4,0.76,1,False
106.2,adult-blocking,truple,5400,4,0.68,3,False
106.1,how-to-other,how to force quit applications in mac,18100,14,0.1,3,False
106.0,blocker-tools,how to block websites from your phone,4400,0,3.4,1,False
105.9,bible-verses,bible verse about strength and healing,14800,12,1.64,2,False
105.9,prayers,prayer to holy ghost,12100,3,0.25,2,False
105.9,audiences,christian dior shoes women,12100,4,0.67,3,False
105.6,bible-verses,scripture about wisdom,9900,0,1.48,1,False
105.6,bible-verses,bible scriptures for wisdom,9900,0,1.48,1,False
105.6,bible-verses,verses on wisdom in bible,9900,0,1.48,1,False
105.6,parental,how to turn off parental control,6600,0,0.0,3,False
105.6,parental,how to switch off parental control,6600,0,0.0,1,False
105.5,bible-verses,bible verses on loving your neighbor,12100,4,0.57,1,False
105.2,bible-verses,bible verse about iron sharpening iron,18100,16,0.8,1,False
104.9,bible-verses,prayer for healing scriptures,9900,0,1.3,8,False
104.9,bible-verses,praying for healing scriptures,9900,0,1.3,2,False
104.9,bible-verses,scriptures to pray for healing,9900,0,1.3,1,False
104.8,bible-verses,bible quotes about wrath,9900,0,1.27,1,False
104.7,audiences,young women christian association,60500,53,10.35,1,False
104.6,other,what does the christian bible say about suicide,14800,9,0.0,1,False
104.6,catholic,catholic bible which version,12100,9,1.28,1,False
104.6,bible-verses,scripture about holy ghost,9900,0,1.23,1,False
104.4,devotionals,in touch ministries daily devotional,9900,20,16.32,1,False
104.2,how-to-other,how to forcefully quit application on mac,18100,15,0.1,1,False
104.2,audiences,time4learning homeschool program,8100,0,3.8,1,False
104.1,bible-verses,scriptures for hope,12100,9,2.4,1,False
104.1,blocker-tools,pomodoro trattoria los angeles ca,5400,2,1.08,1,False
104.1,blocker-tools,pomodoro trattoria,5400,2,1.08,1,False
104.1,blocker-tools,pomodoro trattoria los angeles,5400,2,1.08,1,False
104.0,bible-verses,scripture about morning,8100,0,3.74,1,False
103.9,bible-verses,bible passages about friendship,12100,5,0.6,1,False
103.9,catholic,what bible do catholic churches use,12100,10,1.56,1,False
103.9,bible-verses,scriptures for wisdom,9900,1,1.48,1,False
103.8,blocker-tools,pomodoro cafe,5400,10,4.66,1,False
103.7,verse-display,jesus christian wallpaper,8100,0,0.05,3,False
103.6,bible-verses,what does scripture say about tattoos,18100,17,0.91,2,False
103.6,other,what does the holy bible say about tattoos,18100,17,0.91,1,False
103.6,bible-verses,what does the bible say about tattoos,18100,17,0.91,2,False
103.6,other,what does the the bible say about tattoos,18100,17,0.91,3,False
103.6,how-to-other,how to remove page break word,12100,4,0.12,5,False
103.6,bible-study,books on bible study,9900,0,0.99,6,False
103.5,christian-apps,top bible app,5400,0,3.04,1,False
103.3,bible-verses,what does the bible say about abortion,9900,5,3.05,2,False
103.2,bible-verses,bible verses on healing prayer,9900,1,1.3,1,False
103.0,blocker-tools,chrome site blocker extension,8100,16,1.94,7,False
102.9,parental,parental control roblox,18100,32,2.17,3,False
102.9,catholic,lent 2026 dates,9900,1,0.03,1,False
102.8,parental,bark parental control app,9900,18,2.21,3,False
102.7,audiences,sunglasses women christian dior,9900,0,0.78,2,False
102.6,bible-verses,scriptures for funerals,9900,0,0.76,1,False
102.6,bible-verses,verses on baptism in the bible,9900,0,0.75,1,False
102.5,audiences,christian dior wallet men,9900,0,0.73,3,False
102.3,prayers,novena,18100,20,2.08,4,False
102.3,bible-verses,bible scriptures for wedding,9900,0,0.68,2,False
102.1,other,app control parental,40500,44,6.78,4,False
102.1,bible-verses,scriptures for friends,12100,6,0.6,1,False
102.0,bible-verses,bible quotes about being patient,14800,13,1.15,1,False
102.0,audiences,kindergarten curriculum homeschool,6600,0,6.14,1,False
102.0,blocker-tools,pomodoro café,5400,11,4.66,1,False
101.7,how-to-block,how to reduce cortisol naturally,14800,17,0.58,1,False
101.6,addiction,doomscrolling,33100,41,1.99,2,True
101.5,prayers,prayer to travel safe,9900,0,0.49,1,False
101.3,bible-verses,scripture about holy spirit,9900,2,1.23,2,False
101.3,bible-verses,scriptures for holy spirit,9900,2,1.23,1,False
101.2,other,pastors appreciation day,9900,0,0.42,2,False
101.0,prayers,prayer to st michael's,22200,22,0.22,1,False
101.0,bible-verses,bible passages about marriage,12100,8,1.17,1,False
101.0,bible-verses,scriptures for athletes,9900,0,0.37,1,False
101.0,bible-verses,bible scriptures for athletes,9900,0,0.37,1,False
101.0,bible-verses,bible quotes about athletes,9900,0,0.37,1,False
101.0,blocker-tools,site blocker for chrome,8100,20,3.49,5,False
100.8,audiences,study bible for women,9900,1,0.72,2,False
100.8,other,study bible for woman,9900,1,0.72,1,False
100.7,bible-verses,scripture about beauty,9900,0,0.3,1,False
100.7,bible-verses,scripture verses about beauty,9900,0,0.28,1,False
100.7,bible-verses,bible verses on beauty,9900,0,0.28,1,False
100.7,bible-verses,bible quotes about beauty,9900,0,0.28,1,False
100.7,prayers,prayer to protect from evil,8100,0,2.86,1,False
100.6,prayers,healing prayers for friend,12100,6,0.23,10,False
100.5,how-to-other,how to pray a rosary catholic,74000,44,0.89,6,False
100.5,bible-verses,scripture about discipline,8100,0,2.79,1,False
100.4,prayers,our father prayer roman catholic,9900,0,0.22,1,False
100.3,catholic,what bible roman catholic use,12100,12,1.56,4,False
100.2,other,reading the bible in a year plan,22200,27,2.71,6,False
100.0,prayers,prayer to archangel raphael,9900,0,0.12,4,False
100.0,prayers,prayer to saint raphael archangel,9900,0,0.12,2,False
100.0,prayers,prayer to friend,9900,0,0.13,3,False
100.0,prayers,prayer to saint raphael,9900,0,0.12,1,False
100.0,audiences,christian tattoo men,9900,0,0.12,5,False
99.7,audiences,women christian louboutin shoes,12100,8,0.85,4,False
99.7,prayers,catholic prayer dead,8100,0,2.59,5,False
99.7,prayers,prayer for the departed catholic,8100,0,2.59,2,False
99.5,bible-verses,bible quotes about tattoos,9900,1,0.39,1,False
99.5,audiences,homeschool diploma lawsuit pennsylvania,9900,0,0.0,1,False
99.5,audiences,christian counseling marriage,9900,21,11.01,12,False
99.4,verse-display,verse of the day about strength,9900,22,7.04,1,False
99.4,verse-display,verse of the day strength,9900,22,7.04,1,False
99.3,bible-verses,scriptures for thanksgiving day,14800,15,1.42,1,False
99.1,how-to-block,how to block no,22200,29,1.1,2,False
99.0,audiences,what does it say in the bible about marriage,9900,7,2.83,1,False
98.9,other,ldl cholesterol how to reduce,49500,43,2.23,1,False
98.7,bible-verses,scripture about patience,8100,0,2.31,1,False
98.5,how-to-block,how to block unsolicited calls,90500,51,3.47,1,False
98.5,how-to-block,how to stop spamming calls,90500,51,3.47,1,False
98.5,how-to-block,how to stop unsolicited calls,90500,51,3.47,1,False
98.5,how-to-block,how to stop unsolicited phone calls,90500,51,3.47,1,False
98.4,prayers,prayer to st raphael archangel,9900,1,0.12,2,False
98.3,bible-verses,bible verses on healing and strength,14800,16,1.64,4,False
98.3,how-to-block,how to reduce coughing at night,12100,13,0.37,1,False
98.2,prayers,prayer when sick,12100,9,0.92,1,False
98.1,other,what does god say about divorce in the bible,12100,12,2.27,1,False
98.0,catholic,catholic study bible nab,8100,0,0.89,1,False
97.8,how-to-block,how to reduce pdf file size,22200,33,3.17,15,False
97.7,how-to-block,how to block unwanted phone calls on iphone,60500,50,2.39,1,False
97.7,how-to-block,how to stop unwanted phone calls on iphone,60500,,2.39,1,False
97.7,platform,add on blocker chrome,27100,33,3.04,1,False
97.6,verse-display,christian wallpaper iphone,6600,0,1.06,7,False
97.4,prayers,prayers for peace,18100,20,0.82,1,True
97.4,catholic,catholic translation bible,12100,13,1.28,8,False
97.4,prayers,good evening prayer,9900,2,0.26,2,False
97.3,bible-verses,scripture about iron sharpens iron,18100,20,0.8,1,False
97.2,bible-verses,scripture about healing the sick,8100,0,1.91,1,False
97.2,bible-verses,healing bible scriptures for sick,8100,0,1.91,1,False
97.2,bible-verses,scriptures for healing sickness,8100,0,1.91,1,False
97.2,bible-verses,scriptures for healing the sick,8100,0,1.91,1,False
97.1,blocker-tools,soya e pomodoro,4400,0,1.1,1,False
97.1,blocker-tools,soya y pomodoro,4400,0,1.1,1,False
97.1,blocker-tools,soya pomodoro,4400,0,1.1,3,False
97.1,blocker-tools,soya and pomodoro restaurant,4400,0,1.1,1,False
97.1,blocker-tools,soya pomodoro restaurant miami,4400,0,1.1,1,False
97.1,blocker-tools,soya e pomodoro miami,4400,0,1.1,1,False
97.0,prayers,night time prayer catholic,9900,3,0.56,2,False
97.0,devotionals,daily bible devotional for men,9900,9,3.21,1,False
97.0,devotionals,men daily devotional,9900,9,3.21,3,True
97.0,devotionals,men's devotional daily,9900,9,3.21,2,False
97.0,prayers,prayer for tonight catholic,9900,3,0.56,1,False
96.9,how-to-block,how to block numbers,22200,30,1.1,1,False
96.9,how-to-other,how to break up someone,12100,8,0.17,3,False
96.8,bible-verses,what does the bible say about love,8100,0,1.82,1,False
96.8,bible-verses,what does the bible say about lovers,8100,0,1.82,1,False
96.8,bible-verses,what does the bible say about loving,8100,0,1.82,1,False
96.6,bible-verses,scripture about loving god,8100,0,1.77,1,False
96.6,bible-verses,love for god scriptures,8100,0,1.77,2,False
96.5,bible-verses,scriptures for fear,8100,0,1.74,1,False
96.4,verse-display,daily bible verse,135000,56,6.54,24,True
96.4,bible-verses,scripture about fasting,9900,4,0.81,1,False
96.4,bible-verses,scriptures for fasting,9900,4,0.81,1,False
96.4,bible-verses,scripture about love,8100,2,2.56,1,False
96.3,bible-verses,bible verses on tattoos,9900,3,0.39,1,False
96.3,audiences,mormon church leaders,4400,2,12.07,3,False
96.1,parental,how to put parental control on iphone,8100,18,3.07,3,False
95.9,how-to-block,how to stop hulu subscription,18100,29,2.91,1,False
95.9,audiences,christian dior bag for women,12100,10,0.76,1,False
95.8,prayers,prayer when fasting,8100,6,4.2,1,False
95.8,prayers,gratitude prayer to god,6600,6,7.24,1,False
95.7,other,free google phone lookup,165000,47,1.9,3,False
95.7,how-to-block,how to reduce cholesterol naturally,27100,34,0.67,3,False
95.6,bible-verses,what does the bible say about suicide,14800,14,0.0,1,False
95.6,other,what does the holy bible say about suicide,14800,14,0.0,1,False
95.5,parental,how to disable parental control,5400,0,0.0,1,False
95.5,parental,how do you remove parental control,5400,0,0.0,1,False
95.4,prayers,night catholic prayer,9900,4,0.56,9,False
95.4,prayers,prayer at night catholic,9900,4,0.56,2,False
95.4,prayers,nightly catholic prayer,9900,4,0.56,1,False
95.3,how-to-block,how to stop cortisol,18100,26,1.03,1,False
95.3,prayers,perpetual help novena,5400,0,7.13,4,False
95.3,prayers,lady of perpetual help novena,5400,0,7.13,2,False
95.3,prayers,our lady perpetual help novena,5400,0,7.13,2,False
95.2,other,study guide for bible,27100,31,1.13,4,False
95.2,bible-study,study guide for bible study,27100,31,1.13,1,False
95.2,how-to-block,how to reduce blood pressure high,18100,27,1.55,3,False
95.2,prayers,good night time prayer,14800,15,0.36,2,False
95.1,bible-verses,bible quotes about loving your neighbor,12100,10,0.57,1,False
95.0,devotionals,daily devotional jesus calling,22200,26,0.78,4,False
95.0,devotionals,jesus calling daily devotional book,22200,26,0.78,1,False
94.8,catholic,giving up something for lent,8100,0,0.07,1,False
94.8,catholic,giving up stuff for lent,8100,0,0.07,1,False
94.8,catholic,things to give up on lent,8100,0,0.07,2,False
94.8,catholic,give up stuff for lent,8100,0,0.07,1,False
94.7,how-to-block,how to reduce elevated blood pressure,18100,27,1.4,1,False
94.6,prayers,novena miraculous medal,4400,0,10.22,4,False
94.6,prayers,immaculate medal novena,4400,0,10.22,1,False
94.5,how-to-other,how to break high fever,18100,21,0.59,2,False
94.4,prayers,prayer to st joseph,12100,10,0.38,1,False
94.3,how-to-other,how to get over w break up,9900,6,1.11,1,False
94.3,bible-verses,scripture about money,6600,0,3.86,1,False
94.3,bible-verses,bible quotes about money,6600,0,3.86,1,False
94.3,other,quotes from the bible about money,6600,0,3.86,1,False
94.2,bible-verses,scripture about joy,8100,0,1.12,1,False
94.2,bible-verses,scriptures for joy,8100,0,1.12,1,False
94.2,other,what does it say in the bible about drinking,8100,0,1.12,2,False
94.2,bible-study,soap method for bible study,8100,0,1.12,1,False
94.2,prayers,short prayer for today,6600,10,8.95,1,False
94.1,parental,aura parental control app,3600,9,9.68,1,False
94.0,bible-verses,scripture about working hard,8100,0,1.08,1,False
94.0,bible-verses,bible scripture about patience,8100,3,2.31,1,False
94.0,bible-verses,bible scriptures for broken heart,8100,0,1.06,1,False
94.0,bible-verses,bible quotes about heartbreak,8100,0,1.06,1,False
93.8,devotionals,daily devotional by joyce meyer,12100,25,8.43,2,False
93.8,devotionals,daily devotional from joyce meyer,12100,25,8.43,1,False
93.8,how-to-block,how to turn off browser pop up blocker on chrome,9900,11,0.79,1,False
93.8,prayers,novena mother perpetual help,5400,1,7.13,7,False
93.8,prayers,our lady of perpetual help prayer novena,5400,1,7.13,1,False
93.7,bible-verses,what does scripture say about love,8100,2,1.82,2,False
93.6,catholic,catholic study bible ignatius,12100,15,1.23,3,False
93.6,competitors,cold turkey blocker,4400,7,4.16,1,False
93.5,competitors,opal app,6600,18,4.1,6,False
93.5,competitors,opal mobile app,6600,18,4.1,1,False
93.3,bible-verses,scripture about hope,12100,15,2.4,1,False
93.3,devotionals,joyce meyer daily devotional today,5400,6,9.65,3,False
93.2,bible-verses,scripture about spiritual warfare,8100,0,0.85,1,False
93.2,bible-verses,scriptures for spiritual battle,8100,0,0.85,2,False
93.2,bible-verses,bible scriptures for couples,8100,0,0.86,1,False
93.1,prayers,prayers for sick,12100,12,0.92,3,False
93.1,prayers,prayers for sickness,12100,12,0.92,1,False
93.1,prayers,prayers to pray for the sick,12100,12,0.92,1,False
93.0,prayers,catholic prayer book,8100,0,0.8,6,False
93.0,blocker-tools,chrome website blocker,8100,24,3.49,4,False
93.0,bible-verses,bible quotes about forgiveness of others,6600,0,3.48,1,False
92.9,bible-verses,what does the bible say about forgiveness,8100,6,3.35,1,False
92.9,bible-verses,bible quotes about love and strength,6600,5,5.8,2,False
92.8,other,free government phone,165000,49,2.69,5,False
92.8,prayers,prayer short,6600,0,3.42,2,False
92.8,prayers,christian prayer short,6600,0,3.42,2,False
92.7,catholic,what is lent ash wednesday,60500,50,2.22,2,False
92.7,bible-verses,what does the bible say about drinking liquor,8100,1,1.12,1,False
92.7,bible-verses,what does the bible say about consuming alcohol,8100,1,1.12,1,False
92.7,other,what does it say in the bible about drinking alcohol,8100,1,1.12,1,False
92.7,bible-verses,what does the bible say about drinking alcohol,8100,1,1.12,2,False
92.5,prayers,morning prayer today,22200,29,1.76,7,False
92.5,prayers,catholic our father prayer,9900,5,0.22,6,False
92.5,prayers,54 day novena rosary,5400,0,6.2,4,False
92.5,prayers,rosary novena 54 days,5400,0,6.2,1,False
92.3,blocker-tools,safari website blocker,3600,0,2.36,3,False
92.3,blocker-tools,site blocker safari,3600,0,2.36,3,False
92.0,how-to-other,how to say holy rosary,74000,47,0.89,2,False
92.0,bible-verses,bible quotes about passing away,14800,19,1.42,1,False
91.9,bible-verses,scripture about fear,8100,3,1.74,1,False
91.8,other,free phone by government,165000,49,2.42,1,False
91.7,platform,advertisement blocker chrome,27100,35,2.63,1,False
91.7,bible-verses,bible quotes about couples,8100,1,0.86,1,False
91.6,prayers,good night christian prayer,14800,17,0.36,3,False
91.6,bible-verses,bible passages about tattoos,9900,6,0.39,1,False
91.6,bible-verses,scripture about loneliness,6600,0,3.05,1,False
91.5,audiences,abeka homeschool books,9900,12,3.08,1,False
91.5,bible-verses,bible scripture about forgiving others,6600,1,3.48,1,False
91.5,blocker-tools,il pomodoro,4400,4,1.23,1,False
91.3,prayers,divine mercy chaplet youtube,12100,11,0.0,7,False
91.3,prayers,divine chaplet youtube,12100,11,0.0,1,False
91.3,bible-verses,bible quotes about dads,8100,0,0.34,1,False
91.3,devotionals,pastor david jeremiah daily devotional,8100,0,0.35,1,False
91.3,devotionals,daily devotional by david jeremiah,8100,0,0.35,1,False
91.3,audiences,gather round homeschool,8100,0,0.36,1,False
91.3,audiences,gathered round homeschool,8100,0,0.36,1,False
91.3,bible-verses,what does the bible say about sex,4400,1,9.56,1,False
91.3,bible-verses,what does the bible say about sexual intercourse,4400,1,9.56,1,False
91.2,other,free std screen,33100,43,5.56,1,False
91.2,prayers,what are the prayer times for today,22200,40,9.26,1,False
91.2,bible-verses,what does the bible say about alcohol,8100,2,1.12,1,False
91.2,bible-verses,what does the bible say about alcohol consumption,8100,2,1.12,1,False
91.1,bible-verses,what does scripture say about divorce,12100,16,2.27,1,False
91.1,other,what does the holy bible say about divorce,12100,16,2.27,1,False
91.1,bible-verses,what does the bible say about divorce,12100,16,2.27,1,False
91.1,how-to-other,how to get over break up,9900,8,1.11,3,False
91.1,how-to-other,how to get over from break up,9900,8,1.11,2,False
91.1,other,break up how to get over,9900,8,1.11,1,False
91.1,bible-verses,scripture about unity,8100,0,0.3,1,False
91.1,bible-verses,bible scripture about unity,8100,0,0.3,1,False
91.1,bible-verses,scriptures for unity,8100,0,0.3,1,False
91.1,bible-verses,bible scriptures for unity,8100,0,0.3,1,False
91.1,bible-verses,bible quotes about sports,8100,0,0.3,1,False
91.1,bible-verses,bible quotes about unity,8100,0,0.3,1,False
91.0,prayers,pray the rosary prayers,60500,47,0.63,1,False
91.0,audiences,christian dior women perfume,12100,14,1.28,3,False
91.0,blocker-tools,site blocker iphone,5400,13,2.52,3,False
90.8,audiences,math programs for homeschool,27100,37,3.72,1,False
90.8,bible-verses,bible quotes about father,8100,0,0.2,2,False
90.8,bible-verses,bible quotes about fatherhood,8100,0,0.2,1,False
90.8,other,quotes from the bible about fathers,8100,0,0.2,1,False
90.8,prayers,our mother of perpetual help novena,5400,3,7.13,3,False
90.7,verse-display,kjv verse of the day,14800,33,5.52,2,False
90.7,how-to-other,how to break puppy from biting,9900,9,1.43,1,False
90.7,prayers,prayer for before surgery,8100,0,0.19,5,False
90.5,how-to-other,how to pray god,6600,6,5.52,9,False
90.5,how-to-other,how do we pray to god,6600,6,5.52,2,False
90.5,prayers,how pray to god,6600,6,5.52,2,False
90.5,verse-display,random verse of the day,5400,19,53.72,1,False
90.4,competitors,cold turkey block,4400,9,4.16,1,False
90.3,blocker-tools,pomodoro pasta recipes,5400,8,0.07,3,False
90.2,prayers,prayer journal,9900,8,0.86,9,False
90.2,prayers,before meal prayer catholic,8100,0,0.06,8,False
90.2,prayers,catholic prayer before you eat,8100,0,0.06,1,False
90.2,prayers,prayer before eating catholic,8100,0,0.06,2,False
90.2,prayers,roman catholic prayer before meals,8100,0,0.06,1,False
90.1,audiences,monarch homeschool,8100,7,2.99,2,False
90.1,how-to-block,how to block iphone apps,5400,0,2.75,1,False
90.0,bible-verses,verses on fasting in the bible,9900,8,0.81,1,False
90.0,bible-verses,what does scripture say about gambling,8100,0,0.0,2,False
90.0,bible-verses,bible quotes about good friday,8100,0,0.0,1,False
90.0,prayers,novena a san judas tadeo,8100,0,0.0,1,False
89.8,other,what does it say about forgiveness in the bible,8100,8,3.35,1,False
89.7,bible-verses,what does the bible say about drinking,8100,3,1.12,1,False
89.6,other,looking up phone numbers for free,165000,,2.61,1,False
89.5,prayers,read the rosary,40500,41,0.83,1,False
89.5,how-to-block,how to reduce your ldl,33100,43,2.37,1,False
89.3,prayers,prayer to thank god,6600,10,7.24,4,False
89.3,audiences,kindergarten homeschool programs,6600,8,6.14,1,False
89.1,prayers,bible prayers for healing and strength,14800,21,1.64,1,False
89.1,prayers,roman catholic night prayer,9900,8,0.56,1,False
89.1,other,pastors daughters,8100,3,0.95,1,False
88.9,how-to-other,how to pdf file reduce size,22200,33,3.17,2,False
88.9,audiences,christian attire men,6600,0,2.27,1,False
88.9,audiences,christian wear for men,6600,0,2.27,1,False
88.9,audiences,christian clothing men,6600,0,2.27,2,False
88.8,prayers,catholic prayer deceased,8100,7,2.59,4,False
88.7,other,verse bible about love,165000,,2.35,9,True
88.7,bible-verses,bible verses for today kjv,22200,41,9.23,1,False
88.7,prayers,prayer catholic morning,22200,30,1.29,16,False
88.7,parental,how to set parental control on iphone,8100,22,3.07,1,False
88.6,audiences,homeschool picker,8100,1,0.0,2,False
88.5,catholic,roman catholic devotion,12100,18,1.27,1,False
88.5,bible-verses,bible quotes about stress,6600,0,2.13,1,False
88.4,how-to-block,how to reduce fever,12100,20,1.06,3,False
88.3,bible-verses,bible scriptures for a funeral,9900,9,0.76,2,False
88.0,bible-verses,scriptures for heartbreak,8100,4,1.06,1,False
88.0,bible-verses,bible quotes about broken heart,8100,4,1.06,2,False
88.0,bible-verses,bible quotes about women,6600,0,1.99,1,False
87.9,blocker-tools,how block websites,6600,21,3.05,13,False
87.8,prayers,prayers for saint joseph,12100,14,0.38,1,False
87.8,prayers,monday morning prayer,6600,1,2.37,5,False
87.7,adult-blocking,internet accountability software,2400,8,8.73,4,False
87.6,addiction,phone free lookup,165000,56,2.61,2,False
87.6,prayers,nighttime prayer catholic,9900,9,0.56,2,False
87.6,bible-verses,scripture about working,6600,0,1.89,1,False
87.6,bible-verses,scripture about works,6600,0,1.89,1,False
87.6,bible-verses,bible quotes about work,6600,0,1.89,1,False
87.5,how-to-other,how to break puppy of biting,9900,11,1.43,1,False
87.5,bible-verses,scripture about fornication,6600,0,1.86,1,False
87.5,catholic,what version of the bible do catholic churches use,6600,1,1.03,1,False
87.5,catholic,what bible version do roman catholic use,6600,1,1.03,1,False
87.4,adult-blocking,what does the bible say about porn,2900,0,1.98,1,False
87.3,catholic,things to sacrifice for lent,8100,5,0.07,1,False
87.2,prayers,short powerful morning prayer,8100,11,4.02,1,False
87.1,bible-verses,what does the bible say about gambling,8100,2,0.0,1,False
87.1,bible-verses,bible quotes about new year,6600,0,1.74,2,False
87.0,prayers,prayer catholic church,40500,42,0.8,8,False
87.0,how-to-other,how to naturally reduce cholesterol,27100,34,0.67,1,False
87.0,prayers,orthodox christian morning prayer,3600,0,10.79,1,False
87.0,prayers,morning prayer orthodox church,3600,0,10.79,1,False
87.0,prayers,morning orthodox prayer,3600,0,10.79,2,False
87.0,prayers,eastern orthodox morning prayer,3600,0,10.79,1,False
86.9,bible-verses,bible quotes about fear and anxiety,6600,0,1.67,1,False
86.9,blocker-tools,pomodoro restaurant durham,5400,12,0.88,1,False
86.9,blocker-tools,pomodoro italian kitchen durham,5400,12,0.88,1,False
86.9,blocker-tools,pomodoro italian kitchen,5400,12,0.88,1,False
86.9,bible-verses,what does the bible say about intercourse,4400,4,9.56,1,False
86.8,how-to-block,how to reduce sinus pressure,40500,46,1.21,1,False
86.8,bible-verses,scripture about confidence,6600,2,2.49,1,False
86.8,bible-study,bible study for small group,4400,0,7.39,2,False
86.7,how-to-block,how to reduce cholesterol in 7 days,27100,40,2.02,1,False
86.7,other,cortisol how to reduce,18100,26,1.03,1,False
86.7,prayers,short prayer for healing and recovery for someone,9900,11,1.21,1,False
86.7,prayers,morning prayer friday,5400,2,5.24,5,False
86.6,how-to-block,how to reduce fever temperature,12100,21,1.06,1,False
86.6,bible-verses,bible scriptures for inspiration,9900,14,2.58,1,False
86.5,prayers,holy rosary how to pray,74000,49,0.89,1,False
86.5,how-to-other,how to recite the rosary,74000,49,0.89,1,False
86.5,how-to-block,how to reduce diastolic blood pressure,14800,27,1.68,2,False
86.4,bible-verses,scripture about happiness,6600,0,1.52,1,False
86.4,bible-verses,bible quotes about happiness,6600,0,1.52,1,False
86.4,blocker-tools,how to block websites on phone,4400,12,3.4,4,False
86.3,bible-verses,scripture about marriage and love,8100,5,0.98,2,False
86.3,audiences,quotes from the bible about love and marriage,8100,5,0.98,1,False
86.3,bible-verses,bible passages about love and marriage,8100,5,0.98,1,False
86.3,parental,parental control computer software,6600,21,4.61,1,False
86.2,prayers,prayer for thanks to the lord,6600,12,7.24,1,False
86.2,competitors,cold turkey meaning,6600,14,0.0,1,False
86.1,blocker-tools,digital wellbeing,9900,29,1.65,7,False
86.1,parental,qustodio parental control app,8100,32,8.73,1,False
86.1,bible-verses,scripture verse about family,6600,0,1.43,2,False
86.1,bible-verses,bible quotes about bravery,6600,0,1.45,1,False
85.9,addiction,reverse search phone free,74000,56,2.1,1,False
85.8,catholic,give up something for lent,8100,6,0.07,1,False
85.7,bible-verses,bible passages about forgiving others,6600,5,3.48,1,False
85.7,bible-verses,bible passages about the birth of jesus,3600,3,12.09,2,False
85.6,platform,block chrome websites,8100,11,3.49,1,False
85.6,how-to-other,how to calculate limit,4400,9,18.68,2,False
85.5,how-to-block,how to reduce swollen feet,12100,21,0.72,1,False
85.3,devotionals,morning devotional for men,9900,16,3.21,1,True
85.3,how-to-other,how to turn pop up blocker off chrome,9900,11,0.79,4,False
85.2,bible-verses,bible scripture about speaking in tongues,6600,0,1.16,1,False
85.1,bible-verses,scripture about discernment,6600,0,1.14,1,False
85.1,bible-verses,bible quotes about discernment,6600,0,1.14,1,False
85.1,prayers,prayer to my son,6600,0,1.15,1,False
85.0,how-to-block,how to stop bloody noses,14800,25,0.16,1,False
84.9,how-to-block,how to delete google accounts,33100,44,1.75,2,False
84.8,bible-verses,scripture about worry,6600,0,1.05,1,False
84.7,other,quotes in bible about family,6600,1,1.43,1,False
84.7,devotionals,daily devotional booklet,6600,0,1.02,2,False
84.5,audiences,christian dior sunglasses men,6600,0,0.95,1,False
84.5,audiences,christian dior sunglass men,6600,0,0.95,1,False
84.3,how-to-block,how to reduce triglycerides,9900,19,1.9,1,False
84.3,other,best bible for study,6600,0,0.9,2,False
84.3,audiences,christian dior sneakers men,6600,0,0.89,1,False
84.3,blocker-tools,capellini pomodoro,3600,0,0.09,1,False
84.1,catholic,lent fasting,8100,7,0.0,4,False
84.0,prayers,prayer good morning,18100,26,0.27,6,False
84.0,prayers,good morning christian prayer,18100,26,0.27,2,False
84.0,devotionals,joel osteen daily devotional,12100,22,3.28,4,False
84.0,devotionals,daily devotional by joel osteen,12100,22,3.28,1,False
84.0,devotionals,joel osteen ministries daily devotional,12100,22,3.28,1,False
84.0,devotionals,pastor joel osteen daily devotional,12100,22,3.28,1,False
84.0,audiences,christian dior men shoes,6600,0,0.81,3,False
83.9,how-to-block,how to block a contact,22200,36,1.1,1,False
83.8,how-to-other,how to read rosary,74000,50,0.89,2,False
83.8,prayers,saint joseph novena,9900,27,9.44,2,False
83.8,how-to-other,how to undo pop up blocker on chrome,9900,12,0.79,1,False
83.7,how-to-other,how to rosary prayer,74000,,0.85,4,False
83.6,how-to-block,how to quit ipad apps,8100,10,0.0,2,False
83.5,verse-display,verse of the day inspirational,9900,35,10.89,2,False
83.5,verse-display,inspiration verse of the day,9900,35,10.89,1,False
83.5,verse-display,inspiring verse of the day,9900,35,10.89,2,False
83.4,catholic,devotion catholic,12100,21,1.27,5,False
83.4,verse-display,cute christian wallpaper,5400,1,0.06,2,False
83.3,devotionals,daily devotional by max lucado,6600,5,2.71,1,False
83.2,prayers,prayer to saint anthony for lost things,6600,0,0.57,1,False
83.2,prayers,prayer to st anthony lost items,6600,0,0.57,1,False
83.2,prayers,prayer to st anthony to find lost things,6600,0,0.57,1,False
83.2,prayers,prayer for lost things to st anthony,6600,0,0.59,1,False
83.2,prayers,islamic how to pray,5400,14,10.57,1,False
83.1,blocker-tools,pomodoro pizza bristol ri,2900,0,2.45,1,False
83.1,blocker-tools,pomodoro restaurant bristol ri,2900,0,2.45,1,False
83.1,blocker-tools,pomodoro pizzeria bristol,2900,0,2.45,1,False
83.1,blocker-tools,pomodoro bristol ri,2900,0,2.45,1,False
83.1,blocker-tools,pomodoro bristol rhode island,2900,0,2.45,1,False
83.1,blocker-tools,pomodoro pizzeria bristol ri,2900,0,2.45,1,False
82.9,prayers,reciting rosary,60500,50,0.63,1,False
82.9,prayers,recite rosary,60500,50,0.63,1,False
82.9,how-to-block,how to stop hiccups in newborns,14800,26,0.08,1,False
82.9,audiences,christian dior wallet women,6600,0,0.49,2,False
82.7,bible-verses,bible quotes about sleep,6600,0,0.42,1,False
82.7,prayers,prayer sunday morning,6600,0,0.42,9,False
82.6,catholic,lent ash wednesday meaning,33100,,7.44,2,False
82.6,bible-verses,what does the bible say about marriage,9900,17,2.83,1,False
82.6,audiences,what does the holy bible say about marriage,9900,17,2.83,1,False
82.6,bible-verses,don t worry about tomorrow scripture,8100,21,8.11,2,False
82.6,catholic,can you eat chicken during lent,6600,2,0.0,1,False
82.6,how-to-other,how to break a firestick jailbreak,5400,0,2.99,2,False
82.5,bible-verses,bible quotes about kindness,6600,0,0.37,1,False
82.3,bible-verses,scripture about marriage,6600,2,1.11,1,False
82.2,bible-verses,bible quotes about good friends,6600,1,0.68,1,False
82.1,bible-verses,bible scripture about faith,6600,10,4.7,1,False
82.0,how-to-block,how to reduce swelling feet,12100,23,0.72,4,False
82.0,how-to-block,how to reduce swell in feet,12100,23,0.72,1,False
82.0,bible-verses,bible scripture about love and marriage,8100,8,0.98,1,False
82.0,bible-verses,bible quotes about strength,6600,5,2.3,1,False
82.0,prayers,prayer to a father,6600,0,0.22,1,False
81.9,prayers,rosary,165000,51,1.14,3,False
81.8,bible-verses,scripture about flowers,6600,0,0.17,1,False
81.8,bible-verses,bible quotes about death of loved ones,6600,2,0.95,1,False
81.8,bible-verses,bible quotes about flowers,6600,0,0.17,1,False
81.8,prayers,catholic prayer to saint michael the archangel,6600,0,0.16,1,False
81.7,how-to-block,how to reduce inflammation.in the body,14800,29,1.34,4,False
81.7,how-to-block,how to reduce inflammation inside the body,14800,29,1.34,1,False
81.7,how-to-other,how to break a baseball glove,6600,0,0.14,6,False
81.7,blocker-tools,how to block websites on mobile,4400,15,3.4,1,False
81.6,bible-verses,bible scriptures for fear,8100,10,1.74,1,False
81.5,how-to-block,how to reduce the belly fat fast,27100,43,2.56,1,False
81.5,prayers,praying divine mercy chaplet,14800,23,0.44,1,False
81.5,how-to-other,how to determine infinite limit,8100,6,0.0,3,False
81.5,bible-verses,scripture about lying,6600,0,0.09,1,False
81.3,bible-verses,scripture about self control,6600,0,0.02,2,False
81.2,platform,remove pop up blocker from chrome,8100,8,0.74,1,False
81.1,bible-verses,bible verses for gratefulness,14800,26,1.9,1,False
81.1,bible-verses,bible verses on thankfulness and gratitude,14800,26,1.9,1,False
81.0,how-to-block,how to delete a page from a document in word,49500,,0.08,1,False
80.9,how-to-block,how to quit planet fitness,8100,17,2.41,1,False
80.9,devotionals,today's daily devotional joyce meyer,5400,14,9.65,1,False
80.6,bible-verses,scripture about healing kjv,6600,5,1.86,1,False
80.4,bible-verses,bible quotes about loved ones dying,6600,3,0.95,1,False
80.2,bible-verses,bible quotes about lying,6600,1,0.09,1,False
80.1,catholic,catholic bible version,12100,23,1.28,14,False
80.1,prayers,prayer when travelling,6600,1,0.05,1,False
80.1,prayers,prayer when traveling,6600,1,0.05,1,False
80.0,how-to-other,how to pray to god christian,6600,13,5.52,1,False
79.8,platform,deactivate pop up blocker chrome,8100,9,0.74,1,False
79.8,audiences,preschool program homeschool,6600,9,3.42,1,False
79.6,prayers,st therese novena,6600,3,0.69,4,False
79.6,verse-display,air 1 verse of the day,2900,0,6.83,1,False
79.6,verse-display,air1 verse of the day,2900,0,6.83,1,False
79.6,verse-display,airone verse of the day,2900,0,6.83,1,False
79.5,bible-verses,bible passages about trusting god,14800,27,1.95,1,False
79.5,prayers,international house of prayer app,6600,4,1.07,1,False
79.4,prayers,prayer before operation,8100,8,0.19,2,False
79.4,bible-verses,scripture about worrying,6600,4,1.05,1,False
79.3,bible-verses,scripture about protection,6600,3,0.59,1,False
79.1,bible-verses,marriage bible quotes about love,8100,10,0.98,3,False
79.1,how-to-other,how to break in a baseball mitt,6600,2,0.14,1,False
78.9,prayers,my father prayer catholic,9900,14,0.22,1,False
78.8,how-to-other,how to fever reduce,12100,21,1.06,1,False
78.8,bible-verses,scriptures for good friday,8100,8,0.0,1,False
78.7,bible-verses,bible scriptures for spiritual warfare,8100,10,0.85,1,False
78.7,blocker-tools,how to block websites ipad,2400,0,3.53,3,False
78.7,blocker-tools,how to block websites from ipad,2400,0,3.53,1,False
78.6,how-to-other,how to naturally reduce cortisol,14800,25,0.58,1,False
78.6,bible-verses,bible passages about hard times,5400,0,1.66,1,False
78.5,addiction,video gaming addiction lawsuit,1900,0,13.55,1,False
78.4,other,creatinine level how to reduce,12100,21,0.94,1,False
78.4,catholic,catholic study bible,8100,13,0.89,4,False
78.3,bible-verses,what does the bible say about homosexually,22200,35,1.13,1,False
78.3,other,what does the christian bible say about homosexuality,22200,35,1.13,1,False
78.3,bible-verses,what does the bible say about homosexuality,22200,35,1.13,1,False
78.2,prayers,daily prayer for christian,40500,46,0.99,5,False
78.2,bible-verses,scriptures for palm sunday,9900,14,0.0,1,False
78.2,blocker-tools,pasta pomodoro sewell new jersey,2900,0,0.88,1,False
78.2,blocker-tools,pasta pomodoro sewell nj,2900,0,0.88,1,False
78.1,devotionals,our daily bread devotional reading,74000,59,7.88,1,False
78.1,prayers,prayers for the bible,12100,21,0.84,1,False
78.1,parental,iphone parental control,9900,34,4.17,46,False
78.1,audiences,marriage christian counseling near me,8100,22,7.01,2,False
78.1,prayers,novena mary undoer of knots,5400,0,1.52,4,False
78.1,adult-blocking,accountability partner,1900,8,8.76,8,False
78.0,other,app productivity,14800,37,8.23,5,False
78.0,bible-verses,scriptures for lovers,12100,23,1.84,1,False
78.0,other,what does bible say about the antichrist,5400,1,1.89,1,False
78.0,bible-verses,what does the bible say about antichrist,5400,1,1.89,2,False
78.0,audiences,youth ministry group games,5400,0,1.49,2,False
77.9,catholic,what bible version does the catholic church use,6600,8,1.03,2,False
77.8,prayers,prayer to the dead,8100,10,0.56,1,False
77.8,other,spiritual discipline,5400,7,4.52,5,False
77.7,prayers,pray the catholic rosary,40500,46,0.83,3,False
77.5,catholic,catholic bible how many books,9900,17,0.0,19,False
77.5,how-to-other,how to make tomato concentrate,9900,15,0.26,1,False
77.4,catholic,catholic lent,6600,10,1.76,10,False
77.4,catholic,what giving up for lent,5400,0,0.07,3,False
77.4,catholic,what give up for lent,5400,0,0.07,3,False
77.4,audiences,christian presents for women,5400,0,1.28,1,False
77.4,audiences,christian gift women,5400,0,1.28,3,False
77.3,prayers,prayer before meal time,14800,25,0.15,1,False
77.3,catholic,st michael lent,5400,0,0.03,1,False
77.2,verse-display,free screen wallpaper computer,9900,29,4.0,2,False
77.2,bible-verses,verses about how to pray,5400,0,1.22,1,False
77.2,prayers,verse about how to pray,5400,0,1.22,1,False
77.2,catholic,ashley lent levinson,5400,0,0.0,1,False
77.0,platform,pop up blocker disable chrome,8100,11,0.74,8,False
76.8,bible-verses,bible passages about the bible,22200,43,6.42,1,False
76.7,blocker-tools,pomodoro method timer,90500,62,1.23,1,False
76.7,verse-display,aesthetic bible verse wallpaper,4400,0,0.13,4,True
76.6,devotionals,upper room devotional for today,12100,32,6.98,2,False
76.5,bible-verses,bible quotes about death of loved one,6600,6,0.95,1,False
76.5,audiences,study bible for men,5400,0,0.98,1,False
76.3,other,google free phone search,165000,54,1.9,1,False
76.3,audiences,christian shirt men,9900,19,1.79,6,False
76.3,prayers,islamic prayer how to pray,5400,8,4.47,1,False
76.2,catholic,examination of conscience catholic,9900,19,0.51,2,False
76.2,catholic,roman catholic examination of conscience,9900,19,0.51,1,False
76.0,how-to-block,how to turn off pop up blocker chrome,9900,22,0.79,5,False
76.0,how-to-block,how to disable pop up blocker in chrome browser,9900,22,0.79,1,False
75.8,devotionals,david jeremiah turning point daily devotional,8100,11,0.35,1,False
75.8,bible-verses,scripture about divorce,6600,7,1.15,1,False
75.8,adult-blocking,accountability software,2400,16,8.73,5,False
75.7,prayers,saint therese novena,6600,6,0.69,1,False
75.7,other,pastors definition,4400,5,5.74,1,False
75.4,prayers,reading the rosary,40500,47,0.83,1,False
75.4,audiences,niv study bible for women,5400,0,0.62,1,False
75.3,prayers,thursday prayer morning,5400,0,0.59,6,False
75.2,bible-verses,bible verse quotes about strength,6600,10,2.3,1,False
75.0,devotionals,daily devotional max lucado,6600,11,2.71,2,False
75.0,devotionals,women's daily devotional,5400,4,2.14,2,False
75.0,how-to-other,how to pray istikhara prayer,3600,0,6.0,1,False
74.9,bible-verses,bible scripture about the rapture,6600,7,0.85,1,False
74.7,bible-verses,biblical scripture about love,12100,25,1.84,1,False
74.7,audiences,what does god say about marriage in the bible,9900,22,2.83,1,False
74.7,other,what does it say in the bible about love,8100,15,1.82,1,False
74.5,catholic,lent season,8100,14,0.09,1,False
74.5,addiction,bible passages about addiction,5400,13,1.34,1,False
74.5,bible-verses,bible passages about moms,5400,0,0.32,1,False
74.5,how-to-other,how to pray islamic prayer,5400,6,2.86,1,False
74.4,platform,ad blocker chrome ext,12100,26,2.28,1,False
74.4,how-to-block,how to disable pop up blocker chrome,9900,23,0.79,11,False
74.4,audiences,women christian conference,2900,5,28.03,3,False
74.3,prayers,prayer to heal sickness,6600,7,0.66,1,False
74.2,audiences,online homeschool class,14800,43,26.98,1,False
74.2,catholic,lent rules,8100,14,0.0,3,False
74.0,bible-verses,scripture quotes about family,6600,9,1.43,1,False
74.0,platform,mac how to force quit,6600,6,0.12,1,False
73.9,devotionals,devotional our daily bread,74000,59,6.16,4,False
73.9,devotionals,daily devotional odb,74000,59,6.16,2,False
73.9,addiction,dopamine detox,18100,41,1.57,10,False
73.8,audiences,lds church leaders,4400,17,12.07,4,False
73.7,how-to-block,how to reduce diastolic pressure,14800,34,1.68,1,False
73.6,prayers,saint andrew christmas novena,5400,0,0.03,1,False
73.6,catholic,saint michael's lent,5400,3,0.03,1,False
73.5,prayers,novena de aguinaldos colombia,5400,0,0.0,1,False
73.5,prayers,prayer before bible reading,2400,0,13.55,3,False
73.5,bible-verses,prayer before reading scripture,2400,0,13.55,1,False
73.5,prayers,prayer to pray before reading the bible,2400,0,13.55,1,False
73.4,audiences,homeschool,33100,56,19.24,2,False
73.4,other,capital one how to increase credit limit,3600,12,13.57,1,False
73.3,verse-display,verse of the day kjv bible,22200,52,9.23,3,False
73.2,bible-study,yearly reading plan bible,12100,27,2.43,2,False
73.2,other,bible reading yearly plan,12100,27,2.43,1,False
72.9,how-to-other,how to break with someone,12100,23,0.17,1,False
72.8,bible-verses,bible passages about forgiveness,4400,6,5.09,1,False
72.7,verse-display,iphone bible verse wallpaper,3600,0,1.29,6,True
72.7,verse-display,christian phone wallpaper,3600,0,1.29,4,False
72.6,bible-verses,bible passages about joy,8100,15,1.12,1,False
72.5,audiences,christian clothes men,6600,12,2.27,2,False
72.3,bible-verses,what does the bible say about tithing,5400,4,1.19,1,False
72.3,other,pastors of megachurches,5400,1,0.0,1,False
72.3,other,cash app borrow limit,2400,1,21.73,1,False
72.3,other,cash app borrowing limit,2400,1,21.73,1,False
72.2,blocker-tools,pomodoro technique for adhd,3600,9,0.0,1,False
72.0,other,pastors in spanish,2400,0,11.26,1,False
71.9,catholic,catholic bible edition,12100,28,1.28,2,False
71.9,prayers,a prayer before dawn film,8100,14,0.39,1,False
71.9,prayers,anglican chaplet,5400,3,0.66,1,False
71.8,other,websites to block,5400,8,2.78,1,False
71.6,other,reverse phone directory free,74000,56,2.1,2,False
71.6,prayers,powerful night prayer,8100,15,0.75,1,False
71.6,other,how long does it take to quit a habit,5400,3,0.56,1,False
71.6,other,how long does.it take to break a habit,5400,3,0.56,2,False
71.6,verse-display,christian desktop wallpaper,2900,0,3.74,5,False
71.6,verse-display,background wallpaper christian,2900,0,3.74,4,False
71.6,verse-display,christian wallpaper for pc,2900,0,3.74,1,False
71.5,prayers,prayer to sleep,8100,18,2.18,1,False
71.5,how-to-other,how to force quit,5400,2,0.11,2,False
71.5,bible-verses,what does the bible say about a woman preacher,4400,2,2.71,1,False
71.4,how-to-other,how to pray istikhara,3600,3,6.0,1,False
71.3,other,reverse phone lookup free,90500,56,2.0,5,False
71.1,devotionals,devotional daily bread,74000,60,6.16,5,False
71.1,bible-verses,bible passages about self worth,3600,0,4.46,1,False
70.9,verse-display,verse of the day king james version,22200,53,9.23,2,False
70.9,other,niv study bible for teens,4400,0,1.67,1,False
70.8,prayers,st peregrine novena,4400,0,1.62,4,False
70.8,prayers,saint peregrine novena,4400,0,1.62,1,False
70.7,audiences,christian t shirt women,4400,0,1.57,8,False
70.7,audiences,women christian tee shirts,4400,0,1.57,3,False
70.7,audiences,christian tees women,4400,0,1.57,2,False
70.7,audiences,women christian shirts,4400,0,1.57,3,False
70.7,bible-study,365 day bible reading plan pdf free,3600,14,14.08,3,False
70.5,how-to-other,how do i disable pop up blocker chrome,9900,21,0.79,2,False
70.5,competitors,freedom wifi app,2400,4,3.3,1,False
70.4,addiction,doomscrolling meaning,9900,29,0.49,2,False
70.3,prayers,application for prayer times,33100,47,1.62,1,False
70.1,prayers,praying rosary,60500,55,0.63,8,False
69.9,other,quotes in bible about strength,6600,14,2.3,5,False
69.9,catholic,lent fasting ash wednesday,5400,6,0.0,1,False
69.9,adult-blocking,apps that block porn,2400,18,7.37,2,False
69.7,platform,add ad blocker chrome,14800,35,3.38,1,False
69.7,bible-verses,bible scripture about marriage,12100,27,1.17,1,False
69.7,bible-verses,bible scriptures for marriage,12100,27,1.17,3,False
69.6,addiction,social media addiction,8100,41,14.25,13,True
69.6,addiction,social media as an addiction,8100,41,14.25,1,False
69.5,how-to-block,how to stop diarrhoea,49500,55,0.45,1,False
69.5,bible-verses,what does the bible say about lust,4400,0,1.16,1,False
69.5,bible-verses,what does the bible say about lusting,4400,0,1.16,1,False
69.5,bible-study,bible study for couple,4400,0,1.14,2,False
69.5,other,study bible for couples,4400,0,1.14,1,False
69.4,audiences,men christian louboutin sneakers,4400,0,1.1,4,False
69.3,audiences,homeschool abeka curriculum,9900,26,3.08,5,False
69.2,how-to-block,how to reduce sciatica pain,22200,43,0.91,1,False
69.2,how-to-block,how to reduce water weight,14800,36,1.34,1,False
69.2,bible-verses,what does the bible say about condemning others,4400,4,2.71,1,False
69.2,verse-display,aesthetic christian wallpaper,3600,0,0.07,3,False
69.1,bible-verses,scripture about zacchaeus,6600,13,1.5,1,False
69.1,how-to-block,how to block the websites,6600,21,3.05,1,False
69.0,prayers,the mercy chaplet,6600,11,0.57,1,False
69.0,prayers,family morning prayer,5400,5,0.48,4,False
69.0,bible-verses,what does the bible say about israel,4400,0,0.97,1,False
69.0,bible-verses,what does the bible say about the state of israel,4400,0,0.97,1,False
69.0,bible-verses,bible passages about heaven,3600,0,3.6,1,False
68.9,bible-verses,what does scripture say about forgiveness,8100,22,3.35,1,False
68.9,how-to-block,how to quit coughing,8100,21,0.37,1,False
68.8,other,megachurch pastors,5400,4,0.0,1,False
68.8,other,mega churches pastors,5400,4,0.0,1,False
68.7,audiences,christian dior shirt men,4400,0,0.86,3,False
68.6,bible-verses,what does the bible say about masterbation,14800,32,1.08,1,False
68.6,christian-apps,christian meditation,3600,12,2.93,11,True
68.4,prayers,morning prayer youtube,3600,4,5.2,3,False
68.4,other,what does god say about money in the bible,2900,0,6.47,1,False
68.3,audiences,youth ministry game,5400,8,1.49,4,False
68.3,prayers,istikhara how to pray,4400,6,3.27,1,False
68.3,how-to-other,how to improve credit limit,3600,15,11.44,1,False
68.3,how-to-other,how to credit limit increase,3600,15,11.44,11,False
68.3,how-to-other,how to up your credit limit,3600,15,11.44,1,False
68.2,how-to-block,how to quit breastfeeding,9900,26,0.21,1,False
68.1,platform,screen time iphone,8100,22,3.02,6,False
68.0,prayers,morning tuesday prayer,5400,5,0.11,4,False
68.0,bible-verses,what does the bible say about women preachers,4400,5,2.71,1,False
67.9,bible-verses,what does the bible say about israelites,4400,1,0.97,1,False
67.9,how-to-other,how to pray istikhara namaz,3600,6,6.0,1,False
67.8,platform,chrome pop-up blocker,12100,31,2.79,6,False
67.8,platform,pop blocker chrome,12100,31,2.79,2,False
67.8,platform,popup blocker in chrome,12100,31,2.79,1,False
67.8,how-to-block,how to quit drinking liquor,8100,33,7.19,1,False
67.7,how-to-block,how to reduce the hypertension,18100,41,1.55,1,False
67.7,prayers,morning offering prayer,6600,11,0.09,2,False
67.7,bible-verses,what does the bible say about gossipers,4400,3,1.72,1,False
67.7,bible-verses,what does the bible say about gossiping,4400,3,1.72,1,False
67.6,bible-verses,verses on how to pray,5400,8,1.22,1,False
67.5,platform,ad blocker extensions chrome,14800,34,1.88,6,False
67.5,platform,chrome disable popup blocker,8100,18,0.74,2,False
67.4,bible-verses,what does the bible say about dying,3600,0,2.94,1,False
67.4,other,what does bible say about the dead,3600,0,2.94,1,False
67.4,blocker-tools,how to block websites in android phone,1900,3,3.85,1,False
67.3,how-to-block,how to reduce sciatic pain,22200,44,0.91,1,False
67.3,catholic,what bible translation does catholic church use,6600,16,1.03,2,False
67.3,devotionals,quiet time,4400,0,0.34,4,False
67.3,other,cold cuts turkey,4400,0,0.34,2,False
67.3,bible-verses,what does the bible say about worrying,3600,3,4.27,1,False
67.3,bible-verses,bible passages about stewardship,3600,8,6.74,1,False
67.2,prayers,prayer novena,5400,18,6.16,5,False
67.2,prayers,praying novena,5400,18,6.16,2,False
67.1,catholic,lent fasting rules,5400,15,3.07,5,False
67.0,audiences,youth pastors,2900,11,58.42,1,True
66.9,how-to-other,how to break pdf page,6600,16,2.12,2,False
66.7,how-to-block,how to reduce anxiety instantly,9900,32,3.1,1,False
66.7,how-to-block,how to reduce anxiety fast,9900,32,3.1,1,False
66.7,how-to-block,how to reduce anxiety immediately,9900,32,3.1,1,False
66.5,how-to-block,how to reduce bloating,18100,41,1.1,2,False
66.5,how-to-block,how to reduce bloat,18100,41,1.1,1,False
66.5,prayers,st andrew novena,4400,0,0.05,4,False
66.5,prayers,st andrew's novena,4400,0,0.05,1,False
66.4,audiences,homeschool program,27100,56,17.73,13,False
66.4,audiences,homeschool programming,27100,56,17.73,1,False
66.4,prayers,tahajjud prayer how to pray,4400,0,0.03,1,False
66.3,addiction,nomophobia,12100,35,0.0,2,False
66.3,bible-verses,bible passages about truth,4400,2,0.78,1,False
66.3,how-to-other,how to find limit,4400,0,0.0,3,False
66.3,other,how long does a wrist break take to heal,4400,0,0.0,1,False
66.3,other,mean pastors,4400,0,0.0,1,False
66.2,how-to-block,how to quit procrastinating,9900,30,1.69,1,False
66.2,how-to-block,how to quit procrastination,9900,30,1.69,1,False
66.2,prayers,powerful night time prayer,8100,19,0.75,1,False
66.2,prayers,powerful nighttime prayer,8100,19,0.75,1,False
66.2,platform,chrome avoid pop up blocker,8100,19,0.74,1,False
66.1,prayers,our father who art in heaven prayer catholic,9900,23,0.22,3,False
66.1,other,what does god say about forgiveness in the bible,8100,24,3.35,1,False
66.1,how-to-block,how to turn off focus on iphone,4400,6,0.0,1,False
65.9,other,block safari websites,3600,0,2.36,1,False
65.8,audiences,christian marriage counselor,9900,39,11.01,10,False
65.8,catholic,fast for lent rules,5400,16,3.07,1,False
65.8,other,web camera filter,2900,12,14.21,1,False
65.7,bible-verses,what does the bible say about judging other people,4400,7,2.71,1,False
65.7,bible-verses,what does the bible say about judgement of others,4400,7,2.71,1,False
65.7,bible-verses,what does the bible say about women preaching,4400,7,2.71,1,False
65.7,bible-verses,what does the bible say about judging other,4400,7,2.71,2,False
65.7,verse-display,free christmas screen wallpaper,3600,3,0.0,1,False
65.7,prayers,prayer compass app,3600,9,6.56,1,False
65.4,other,counseling pastors,1900,0,13.08,1,False
65.3,other,pastors meaning,4400,1,0.0,1,False
65.2,devotionals,devotional on proverbs 31,5400,9,0.75,1,False
65.2,other,how long does a clavicle break take to heal,4400,2,0.38,1,False
65.2,other,what does god say about pride in the bible,3600,0,2.08,1,False
65.2,bible-verses,what does the bible say about pride,3600,0,2.08,1,False
65.1,platform,ad blocker for chrome browser,27100,48,3.04,2,False
65.1,devotionals,devotional for women,9900,27,1.99,2,True
65.1,prayers,saint therese of lisieux novena,4400,5,1.56,1,False
65.0,how-to-block,how to reduce hypertension instantly,9900,31,1.81,1,False
65.0,bible-study,bible reading plan chronological,8100,23,2.34,6,False
65.0,how-to-other,how to pray in tongues,2900,0,4.95,1,False
64.9,verse-display,verse of the day from bible,550000,69,13.22,3,False
64.9,verse-display,bible verse of the day,550000,69,13.22,18,False
64.9,verse-display,biblical verse of the day,550000,69,13.22,1,False
64.9,verse-display,gods verse of the day,550000,69,13.22,1,False
64.9,how-to-block,how to quit thinking about something,2900,1,2.71,1,False
64.8,audiences,christian hoodie men,3600,0,1.9,4,False
64.8,verse-display,air one verse of the day,2900,12,6.83,2,False
64.8,bible-verses,bible passages about advent,2400,2,8.78,1,False
64.8,competitors,screenzen,2400,7,2.43,3,False
64.7,blocker-tools,brick app blocker,2900,12,1.28,2,False
64.6,bible-verses,bible passages about nature,4400,2,0.14,1,False
64.5,how-to-other,how to check screen time on iphone,5400,13,2.34,5,False
64.4,prayers,st andrew christmas novena,5400,8,0.03,5,False
64.4,other,what does it say in the bible about baptism,2900,6,7.68,1,False
64.4,competitors,hallow app controversy,1900,6,5.0,1,False
64.3,other,quotes about bible love,6600,16,1.09,5,False
64.3,bible-verses,bible passages about revenge,4400,2,0.02,1,False
64.3,how-to-other,how to pray tahajjud prayer,4400,2,0.03,1,False
64.1,prayers,verse how to pray,5400,11,1.22,1,False
64.1,other,cold cut turkey,4400,3,0.34,1,False
64.1,verse-display,laptop christian wallpaper,1900,0,6.7,4,False
64.0,bible-verses,what does the bible say about sex outside of marriage,3600,2,2.45,1,False
64.0,how-to-block,how to quit being lazy,2900,2,2.77,1,False
63.9,verse-display,inspiring bible verse of the day,9900,45,10.89,2,False
63.9,verse-display,motivational bible verse of the day,9900,45,10.89,1,False
63.9,christian-apps,best christian bible app,5400,26,3.04,2,True
63.8,bible-verses,bible verses for the day kjv,22200,52,9.23,1,False
63.7,other,reverse phone book lookup free,90500,59,2.0,3,False
63.7,audiences,men christian dior cologne,33100,,1.49,1,False
63.7,how-to-block,how to stop leg cramps instantly,27100,49,0.78,1,False
63.7,how-to-block,how to stop leg cramps immediately,27100,49,0.78,2,False
63.7,prayers,prayer of the divine chaplet,14800,34,0.44,1,False
63.7,other,what does god say about love in the bible,8100,23,1.82,1,False
63.6,prayers,divine mercy chaplet pdf,4400,4,0.56,2,False
63.6,bible-verses,what does the bible say about speaking in tongues,3600,0,1.46,1,False
63.5,blocker-tools,pomodoro time management,18100,51,1.35,2,False
63.5,catholic,lent restrictions,8100,22,0.0,1,False
63.5,bible-verses,what does the bible say about gossip,4400,3,0.12,2,False
63.5,bible-verses,what does the bible say about hell,3600,0,1.38,1,False
63.5,bible-verses,bible passages about loving others,3600,0,1.42,1,False
63.5,audiences,christian bracelet men,3600,0,1.41,5,False
63.5,audiences,christian wristbands for men,3600,0,1.41,1,False
63.5,audiences,christian wrist bands for men,3600,0,1.41,1,False
63.3,other,el pastors,33100,,1.33,1,False
63.2,other,wedding pastors,6600,22,3.78,1,False
63.1,how-to-other,how to break soul tie,3600,0,1.23,2,False
63.1,how-to-other,how to break soul ties,3600,0,1.23,1,False
63.0,prayers,short prayer of the day,6600,30,8.95,2,False
62.9,prayers,novena st therese of lisieux,4400,7,1.56,2,False
62.9,bible-verses,bible passages about anxiety,3600,0,1.17,1,False
62.8,bible-verses,what does the bible say about anger,3600,2,1.96,1,False
62.8,bible-verses,what does the bible say about swear words,3600,0,1.12,1,False
62.8,bible-verses,what does the bible say about cursing,3600,0,1.12,1,False
62.8,bible-verses,what does the bible say about profanity,3600,0,1.12,1,False
62.8,bible-verses,what does the bible say about wrath,3600,2,1.96,1,False
62.7,bible-verses,bible passages about evangelization,2900,6,6.87,1,False
62.5,prayers,prayer before going to sleep,3600,0,1.02,1,False
62.5,prayers,prayer before go to sleep,3600,0,1.02,1,False
62.2,prayers,divine mercy chaplet pray,14800,35,0.44,5,False
62.2,catholic,lent fast,8100,23,0.0,3,False
62.2,how-to-other,how to pray divine mercy rosary,5400,11,0.47,2,False
62.2,how-to-other,how to pray the divine mercy chaplet prayer,5400,11,0.47,1,False
62.2,how-to-other,how to prayer the divine mercy chaplet,5400,11,0.47,1,False
62.2,other,study bible for beginners,3600,0,0.86,2,False
62.2,bible-verses,bible verses to memorize,3600,5,2.99,5,False
62.2,how-to-other,how to pray salat al-istikhara,3600,11,6.0,2,False
62.1,addiction,phone free reverse lookup,90500,64,2.0,2,False
62.1,bible-verses,what does the bible say about scripture,4400,4,0.0,1,False
62.1,how-to-other,how to determine a limit,4400,4,0.0,1,False
62.0,bible-verses,what does the bible say about mortality,3600,5,2.94,1,False
62.0,bible-verses,what does the bible say about death,3600,5,2.94,1,False
62.0,audiences,christian louboutin boots women,3600,0,0.79,3,False
62.0,verse-display,cross christian wallpaper,2900,0,0.03,4,False
62.0,verse-display,christian crosses wallpaper,2900,0,0.03,1,False
61.9,prayers,prayer to francis of assisi,6600,16,0.16,1,False
61.9,bible-verses,what does the bible say about sex before marriage,3600,4,2.45,1,False
61.9,prayers,prayer before confession,3600,0,0.78,2,False
61.9,verse-display,christmas wallpaper christian,2900,0,0.0,6,False
61.9,verse-display,christian xmas wallpaper,2900,0,0.0,1,False
61.8,how-to-other,how to make break,33100,,0.73,1,False
61.8,bible-verses,what does the bible say about swearing on the bible,3600,1,1.12,1,False
61.8,prayers,family night prayer,3600,0,0.72,4,False
61.8,prayers,family prayer at night,3600,0,0.72,1,False
61.7,devotionals,book daily devotional,6600,18,1.02,3,False
61.7,parental,ipad parental control,6600,34,3.26,11,False
61.7,devotionals,morning devotional for women,5400,15,2.14,2,True
61.6,verse-display,scripture verse of the day,550000,70,13.22,2,False
61.6,verse-display,verse of the day,450000,70,13.83,4,False
61.6,other,hypertension how to reduce,18100,41,1.55,1,False
61.6,platform,chrome browser pop up blocker,12100,35,2.79,2,False
61.4,how-to-block,how to reduce period cramp,12100,37,1.52,3,False
61.3,blocker-tools,restaurant pomodoro,3600,22,2.05,3,False
61.3,audiences,christian dior men bags,3600,0,0.53,1,False
61.3,audiences,christian dior men bag,3600,0,0.53,1,False
61.3,how-to-other,how to pray rosary pdf,2900,0,3.32,2,False
61.2,other,can females be pastors,4400,10,2.19,2,False
61.2,competitors,quit drinking alcohol cold turkey,1600,0,3.2,1,False
61.1,audiences,church pastors,2900,16,27.65,3,False
61.0,prayers,novena sacred heart of jesus,6600,18,0.77,8,False
60.8,prayers,pray novena,5400,23,6.16,5,False
60.7,blocker-tools,pomodoro,165000,69,3.68,7,False
60.7,how-to-block,how to reduce bodily inflammation,12100,37,1.23,1,False
60.7,prayers,catholic st michael prayer,6600,17,0.16,4,False
60.7,verse-display,lock screen bible verse,2400,0,1.84,7,True
60.7,competitors,wood forest bank app,2400,12,3.04,1,False
60.6,blocker-tools,how to block websites in chrome mobile,1600,2,2.84,2,False
60.5,prayers,islamic prayer app,12100,33,1.04,2,False
60.5,bible-verses,what does the bible say about witchcraft,3600,0,0.21,1,False
60.5,prayers,powerful of prayer,3600,10,4.63,5,False
60.4,bible-verses,what does the bible say about fasting,5400,24,6.58,1,False
60.3,catholic,lent catholic religion,6600,23,1.76,2,False
60.3,prayers,powerful good morning prayer,4400,6,0.09,2,False
60.2,bible-verses,what does the bible say about a woman preaching,4400,12,2.71,1,False
60.2,prayers,christian prayer before exam,2900,0,2.83,1,False
60.2,prayers,before exam prayer,2900,0,2.83,6,False
60.2,prayers,prayer before test,2900,0,2.83,5,False
60.2,prayers,prayer before examination,2900,0,2.83,2,False
60.2,prayers,prayer to pray before a test,2900,0,2.83,1,False
60.1,how-to-other,how to start pray,4400,27,20.49,2,False
60.1,audiences,can women.be pastors,4400,11,2.19,3,False
60.1,bible-verses,what does the bible say about aliens,3600,0,0.04,1,False
60.1,bible-verses,what does the bible say about alien life,3600,0,0.04,1,False
60.1,prayers,simple prayer before meal,3600,0,0.04,2,False
60.1,prayers,simple prayer before eating,3600,0,0.04,1,False
60.1,other,how much would it cost to break a lease,3600,0,0.03,1,False
60.1,other,how much does it cost to break a lease,3600,0,0.03,1,False
60.0,prayers,acronym on how to pray,3600,0,0.0,2,False
60.0,prayers,taraweeh how to pray,3600,0,0.0,1,False
60.0,how-to-other,how to add section break in word,3600,0,0.0,2,False
60.0,how-to-other,how to insert section break in word,3600,0,0.0,2,False
60.0,how-to-other,how to set page break in excel,3600,0,0.0,1,False
60.0,how-to-other,how to insert page break in excel,3600,0,0.0,2,False
60.0,how-to-other,how to break into a combination lock,3600,0,0.0,1,False
60.0,how-to-other,how to break a combination lock,3600,0,0.0,1,False
60.0,how-to-other,how to make page break in excel,3600,0,0.0,1,False
60.0,how-to-other,how to add page break in excel,3600,0,0.0,1,False
60.0,how-to-other,how to put a page break in excel,3600,0,0.0,1,False
60.0,other,meditation spiritual growth,2900,0,2.76,4,False
60.0,bible-verses,bible verse on study,2400,0,5.39,6,False
60.0,bible-study,verse for bible study,2400,0,5.39,1,False
59.8,platform,chrome pop up blocker turn off,8100,24,0.74,8,False
59.7,other,free computer screen backgrounds,9900,34,4.0,2,False
59.7,other,focus how to,8100,27,2.33,6,False
59.7,blocker-tools,app blocker iphone,2400,17,4.13,2,True
59.6,how-to-block,how to quit biting your fingernails,6600,23,0.3,1,False
59.6,how-to-block,how to quit nail biting,6600,23,0.3,2,False
59.6,how-to-block,how to quit nail biting habit,6600,23,0.3,1,False
59.6,bible-verses,what does the bible say about witches,3600,1,0.21,1,False
59.4,bible-verses,scripture about grace,6600,19,0.6,1,False
59.2,how-to-block,how to reduce kidney stones,33100,54,0.59,1,False
59.1,bible-verses,powerful verses on prayer,3600,5,1.68,1,False
59.0,other,reverse phone for free,74000,61,2.1,1,False
59.0,platform,free android screen saver,5400,15,1.01,1,False
59.0,how-to-block,how to quit yawning,5400,22,2.07,1,False
59.0,other,christian pastors,5400,24,5.89,1,False
58.9,devotionals,daily devotional david jeremiah,8100,24,0.35,2,False
58.8,devotionals,in touch daily devotional for today,2900,18,12.93,1,False
58.7,addiction,addiction phone,8100,38,4.01,9,True
58.7,how-to-other,how to break up with someone who you love,3600,2,0.24,2,False
58.7,prayers,prayer when depressed,2900,6,4.87,1,False
58.6,how-to-block,how to quit in smoking,9900,38,3.63,4,False
58.6,prayers,prayer hail mary catholic,8100,24,0.23,5,False
58.6,prayers,roman catholic hail mary prayer,8100,24,0.23,2,False
58.5,bible-study,bible study guide for beginners,3600,4,0.96,2,False
58.5,other,study guide for the bible for beginners,3600,4,0.96,1,False
58.5,competitors,hallow app cost,1600,3,3.28,2,False
58.2,bible-study,bible study topics,3600,9,3.08,8,False
58.2,other,study bible topics,3600,9,3.08,8,False
58.2,other,study the bible by topics,3600,9,3.08,1,False
58.2,bible-study,biblical bible study topics,3600,9,3.08,1,False
58.2,bible-study,bible study by topics,3600,9,3.08,1,False
58.2,bible-study,topics about bible study,3600,9,3.08,1,False
58.2,prayers,closing prayer for bible study,2900,0,1.96,1,False
58.1,how-to-other,how to pray tahajjud,4400,8,0.03,2,False
58.1,other,christmas screen backgrounds free,3600,2,0.0,1,False
58.0,how-to-block,how to reduce anxiety,9900,37,2.63,2,False
58.0,how-to-other,how to solve limit,4400,8,0.0,1,False
57.9,how-to-other,how to immediately stop leg cramps,27100,49,0.78,1,False
57.9,bible-study,bible study book for women,3600,4,0.71,2,False
57.9,addiction,how to quit addiction,3600,28,8.67,3,False
57.8,how-to-other,how to prayer god,6600,29,5.52,1,False
57.8,how-to-block,how to quit stuttering,2900,11,4.23,1,False
57.7,prayers,a prayer before dawn,8100,25,0.39,1,False
57.7,prayers,powerful night prayer for family,5400,15,0.46,1,False
57.6,bible-verses,what does the bible say about worry,3600,12,4.27,1,False
57.6,bible-study,bible study for men,2900,0,1.68,1,False
57.6,blocker-tools,opal screen time app,1600,11,5.73,2,False
57.4,platform,block iphone apps,2400,0,4.13,1,False
57.3,audiences,christian gift men,2900,0,1.55,4,False
57.3,catholic,bulldog catholic examination of conscience,1600,1,9.25,2,False
57.3,competitors,quitting alcohol cold turkey,1600,4,3.2,1,False
57.3,competitors,stopping alcohol cold turkey,1600,4,3.2,1,False
57.2,prayers,buddhism how to pray,2900,0,1.49,1,False
57.2,audiences,christian hat for men,2900,0,1.47,1,False
57.2,audiences,christian caps for men,2900,0,1.47,1,False
57.2,audiences,christian hats for men,2900,0,1.47,1,False
57.0,blocker-tools,how to bypass site blocker,1900,16,5.63,3,False
56.9,other,what does it say in the bible about swearing,3600,6,1.12,1,False
56.9,audiences,christian marriage song,2900,0,1.37,5,False
56.9,competitors,cold turkey 1971,2400,9,0.0,1,False
56.9,competitors,cold turkey film,2400,9,0.0,1,False
56.9,addiction,gaming addiction lawsuit,1000,0,15.61,3,False
56.8,audiences,christian dior sauvage men,5400,18,1.5,2,False
56.8,devotionals,joyce meyer's daily devotional,3600,25,12.42,1,False
56.8,bible-study,memory verses,2900,0,1.31,2,False
56.8,bible-verses,what does the bible say about how to pray,2900,5,3.49,1,False
56.7,prayers,st andrew xmas novena,5400,15,0.03,1,False
56.7,prayers,st andrew's christmas novena,5400,15,0.03,1,False
56.7,bible-study,bible study for catholic,4400,13,1.65,3,False
56.7,devotionals,devotional for men,4400,12,1.19,1,False
56.7,addiction,how to break addiction,3600,29,8.67,3,False
56.7,audiences,christian podcast for women,2400,0,3.8,3,False
56.6,other,reverse phone numbers search free,74000,62,2.1,1,False
56.5,other,pastors appreciation gifts,2900,0,1.19,3,False
56.5,verse-display,cute bible verse wallpaper,2400,0,0.07,1,True
56.5,adult-blocking,porn blocker iphone,1000,0,4.6,2,False
56.4,bible-verses,bible verse about day,450000,69,13.73,4,False
56.4,bible-verses,bible verse about days,450000,69,13.73,2,False
56.4,bible-verses,bible verses for day,450000,69,13.73,4,False
56.4,blocker-tools,technique pomodoro,49500,69,4.32,8,False
56.4,bible-study,bible year reading plan,12100,38,2.43,14,False
56.4,how-to-other,how to break a habit of biting nails,6600,21,0.3,2,False
56.4,verse-display,bible verse wallpaper black,2400,0,0.02,2,True
56.3,verse-display,cool christian background wallpaper,2400,0,0.0,1,False
56.3,verse-display,cool christian wallpaper,2400,0,0.0,1,False
56.2,how-to-block,how to reduce ldl cholesterol naturally,14800,43,0.77,1,False
56.2,how-to-other,how to break a combo lock,3600,4,0.0,1,False
56.1,audiences,curriculum preschool homeschool,6600,27,3.42,1,False
56.0,how-to-other,how to find limit calculus,4400,10,0.0,5,False
56.0,bible-verses,bible passages about forgiving yourself,2400,0,3.44,1,False
55.9,other,meditation as a christian,3600,11,2.93,1,False
55.9,bible-verses,bible passages about eternal life,2900,0,0.93,1,False
55.8,other,what does bible say about the rapture,3600,8,1.49,1,False
55.8,bible-verses,what does the bible say about rapture,3600,8,1.49,2,False
55.8,other,bible journals for study,2900,0,0.87,1,False
55.8,bible-study,journal for bible study,2900,0,0.87,2,False
55.8,devotionals,devotional for couple,2900,0,0.86,2,False
55.7,bible-study,bible study on gospel of john,2900,2,1.63,2,False
55.7,other,partner accountability,1900,4,8.76,1,False
55.6,audiences,christian dior belt women,2900,0,0.79,2,False
55.5,prayers,prayer for when someone is dying,2900,0,0.74,1,False
55.5,audiences,marriage book christian,2900,0,0.72,13,False
55.5,audiences,christian book about marriage,2900,0,0.72,3,False
55.4,devotionals,intouch devotional for today,2900,21,12.93,1,False
55.4,competitors,alcoholics quitting cold turkey,1600,6,3.2,1,False
55.3,prayers,daily prayers for today,12100,46,8.31,1,False
55.3,bible-verses,what does the bible say about dinosaurs,3600,5,0.03,2,False
55.3,other,what does the christian bible say about halloween,3600,5,0.0,1,False
55.3,other,what does it say about dinosaurs in the bible,3600,5,0.03,1,False
55.3,other,wish i knew how to quit you,3600,5,0.0,2,False
55.2,blocker-tools,pomodoro technique timer,12100,49,1.25,2,False
55.2,how-to-other,how to force quit an application,4400,11,0.08,1,False
55.1,catholic,when did lent begin,5400,19,0.0,1,False
55.1,audiences,women as pastors,2900,7,3.59,1,False
55.0,prayers,chaplet of mercy youtube,4400,11,0.0,1,False
55.0,audiences,christian dior men jacket,2900,0,0.5,2,False
55.0,bible-verses,bible passages about hope and faith,2400,0,2.92,1,False
54.9,other,meditation christian,3600,12,2.93,3,True
54.9,parental,aura parental control app for iphone,1000,6,11.41,1,False
54.8,verse-display,bible verse of the day king james,22200,60,9.23,2,False
54.8,blocker-tools,how to bypass website blocker,1900,18,5.63,3,False
54.7,prayers,prayer for opening bible study,2900,0,0.4,7,False
54.7,prayers,open prayer for bible study,2900,0,0.4,1,False
54.7,prayers,opening prayer for bible study christian,2900,0,0.4,1,False
54.7,audiences,youth group ministry,2900,20,10.86,1,False
54.6,devotionals,david jeremiah daily devotional for today,2900,0,0.33,1,False
54.6,how-to-block,how to quit pumping,2400,0,0.3,1,False
54.4,how-to-block,how to quit farting,5400,24,1.05,1,False
54.4,other,what does it say in the bible about worrying,3600,12,2.69,1,False
54.3,how-to-other,how to write a quit letter,5400,18,0.35,1,False
54.3,blocker-tools,digital wellbeing application,3600,27,1.69,1,False
54.3,bible-verses,bible passages about angels,2900,0,0.19,1,False
54.3,devotionals,intouch daily devotional for today,2900,22,12.93,1,False
54.2,christian-apps,gateway bible app,5400,30,1.08,2,False
54.2,other,how much do pastors make,2900,4,1.79,2,False
54.2,other,how much do pastors earn,2900,4,1.79,1,False
54.1,audiences,homeschool coops near me,8100,37,6.22,1,False
54.1,how-to-other,how to break nail biting,6600,23,0.3,1,False
54.1,platform,disabling pop up blocker chrome,3600,8,0.72,1,False
54.1,audiences,christian tattoo women,2900,0,0.1,6,False
54.0,how-to-block,how to delete internet cookies,33100,57,0.97,1,False
54.0,bible-verses,what does the bible say about cursing and swearing,3600,9,1.12,1,False
54.0,how-to-other,how to break up with someone u love,3600,7,0.24,1,False
54.0,bible-verses,bible passages about animals,2900,0,0.05,1,False
54.0,bible-study,notes for bible study,2900,2,0.85,1,False
54.0,prayers,powerful prayer to keep evil away,1900,2,6.73,1,False
53.9,bible-verses,bible passages about change,2900,0,0.03,1,False
53.9,bible-verses,bible passages about spring,2900,0,0.01,1,False
53.9,prayers,prayer before mass,2900,0,0.03,2,False
53.9,prayers,prayer before holy mass,2900,0,0.03,2,False
53.9,how-to-other,how to find focus of parabola,2900,0,0.0,5,False
53.9,how-to-other,how to find the focus and directrix of a parabola,2900,0,0.0,1,False
53.9,other,when is pastors appreciation day,2900,0,0.0,1,False
53.9,how-to-other,how to change iphone screen lock time,2900,0,0.0,5,False
53.9,how-to-block,how to quit full screen,2400,0,0.0,1,False
53.9,how-to-block,how to quit yahoo fantasy league,2400,0,0.0,1,False
53.8,catholic,catholic bible book,6600,26,0.52,17,False
53.7,addiction,screen free fitness tracker,5400,28,0.7,1,False
53.7,addiction,camp snap screen free digital camera,1900,0,0.63,1,False
53.7,verse-display,kjv inspirational verse of the day,1900,19,16.13,1,False
53.6,platform,pop up blocker chrome remove,8100,29,0.74,1,False
53.5,bible-verses,bible scriptures for the day,550000,70,13.22,1,False
53.5,blocker-tools,pomodoro effect,49500,70,4.32,1,False
53.5,platform,adblock blocker chrome,27100,54,3.04,1,False
53.5,blocker-tools,time management pomodoro technique,18100,56,1.35,2,False
53.5,how-to-other,how to pray divine chaplet,5400,19,0.47,2,False
53.5,how-to-block,how to quit worrying,2900,12,2.58,1,False
53.5,competitors,forest trade app,2400,32,19.99,1,False
53.4,how-to-other,how to break up pdf pages,6600,27,2.12,1,False
53.3,how-to-block,how to quit hiccups,4400,18,0.08,1,False
53.3,prayers,prayer is powerful verse,3600,11,1.68,1,False
53.3,audiences,christian ministry for women,1900,12,29.34,1,False
53.3,christian-apps,christian meditation for sleeping,1900,7,2.38,1,False
53.2,devotionals,rick warren daily devotional,6600,24,0.37,1,False
53.2,audiences,should women be pastors,2400,6,4.78,1,False
53.1,other,free cell phone by government,165000,64,2.69,1,False
53.1,bible-study,book for women's bible study,3600,9,0.71,2,False
53.0,other,phone lookup for free,165000,64,2.61,4,False
53.0,other,free phone numbers lookup,165000,64,2.61,4,False
53.0,bible-study,bible study on john,2900,5,1.63,1,True
53.0,prayers,acts how to pray,2900,3,0.79,1,False
53.0,how-to-other,how to spell break,2900,1,0.0,1,False
53.0,how-to-other,how to find the focus point of a parabola,2900,1,0.0,1,False
52.9,catholic,when did lent start,5400,21,0.0,1,False
52.9,bible-verses,bible passages about guidance,2900,5,1.61,1,False
52.9,audiences,christian pre marriage counseling,1600,0,7.76,4,False
52.8,prayers,short prayer before bedtime,3600,8,0.15,1,False
52.8,prayers,short prayer before sleep,3600,8,0.15,1,False
52.8,prayers,christian prayer before sleep,3600,10,1.02,1,False
52.8,how-to-block,how to quit from vim editor,3600,13,0.0,1,False
52.8,verse-display,christian dior wallpaper,1900,0,1.28,1,False
52.7,how-to-block,how to quit overeating,4400,29,5.96,1,False
52.7,other,spiritual growth crystal,2400,0,1.82,4,False
52.7,prayers,praying pastors,2400,0,1.8,3,False
52.7,prayers,prayer pastors,2400,0,1.8,5,False
52.7,prayers,pray for pastors,2400,0,1.8,1,False
52.6,how-to-block,how to quit eating,3600,25,6.32,1,False
52.6,verse-display,christian wallpaper 4k,1300,0,6.43,3,False
52.5,bible-verses,scripture about tithes and offering,6600,26,1.1,1,False
52.5,how-to-other,how to take a break on facebook,3600,8,0.0,1,False
52.5,other,pastors appreciation,2900,3,0.55,3,False
52.3,how-to-other,how to immediately reduce anxiety,9900,38,3.1,1,False
52.3,bible-verses,verses for in memory,2900,5,1.31,1,False
52.2,other,female pastors biblical,2900,4,0.85,1,False
52.2,prayers,powerful gratitude prayer,1600,3,8.89,1,False
52.1,how-to-other,how to calculate confidence limit,4400,25,5.85,1,False
52.1,adult-blocking,canopy porn blocker,1600,15,3.05,1,False
52.1,audiences,pre marriage counselling christian,1600,1,7.76,1,False
52.0,blocker-tools,productivity app mac,880,0,6.07,6,False
51.9,bible-study,bible study for women near me,2400,9,5.55,1,False
51.9,audiences,youth ministry positions,2400,9,5.58,1,False
51.9,blocker-tools,how to block websites android,1900,16,2.96,8,False
51.8,other,phone directory reverse lookup free,90500,64,2.0,2,False
51.8,other,reversible phone lookup free,90500,64,2.0,1,False
51.8,prayers,catholic church morning prayer,22200,,1.29,1,False
51.7,catholic,catholic holiday lent,6600,30,1.76,1,False
51.7,how-to-other,how to break lease,3600,11,0.93,3,False
51.7,competitors,stop alcohol cold turkey,1600,10,3.2,1,False
51.6,blocker-tools,pomodoro technique for focus,5400,35,0.0,1,False
51.6,devotionals,devotional on christmas,2400,0,1.3,2,False
51.5,bible-verses,what does the bible say about homosexuality scripture,22200,,1.13,1,False
51.5,other,what does god say about homosexuality in the bible,22200,,1.13,1,False
51.4,how-to-other,how to recite divine mercy chaplet,5400,21,0.47,2,False
51.4,other,pastors gift,2400,0,1.16,5,False
51.4,other,presents for pastors,2400,0,1.16,1,False
51.3,how-to-block,how to quit weed smoking,5400,29,2.33,2,False
51.3,prayers,morning prayer to start the day,4400,21,3.09,1,False
51.3,other,cash app borrow limit $1000,1900,5,6.64,1,False
51.3,other,pastors wages,1900,0,4.25,1,False
51.2,competitors,youversion,27100,61,0.92,4,False
51.1,how-to-other,how to naturally reduce ldl cholesterol,14800,43,0.77,1,False
51.1,other,html how to break line,4400,15,0.0,1,False
51.1,prayers,short prayer for the soul to rest in peace,2400,4,2.73,1,False
51.0,how-to-block,how to quit spotify,9900,42,2.71,1,False
50.9,prayers,morning prayer catholic daily offering,3600,10,0.1,1,False
50.8,other,free cell phone from government,165000,65,2.69,3,False
50.8,how-to-block,how to reduce heart beat rate,18100,,0.99,1,False
50.8,christian-apps,blue bible app,8100,43,2.65,1,False
50.8,bible-verses,christian verses on marriage,2400,0,0.9,1,False
50.8,bible-verses,christian verses about marriage,2400,0,0.9,1,False
50.7,bible-verses,scriptures for the day,450000,71,13.73,1,False
50.7,prayers,short prayer for a peaceful death,1300,4,18.94,1,False
50.6,prayers,grace prayer before meal,2900,4,0.09,3,False
50.6,other,study bible with room for notes,2400,0,0.81,1,False
50.5,other,salaries of pastors,1900,1,4.25,1,False
50.4,platform,turn of pop up blocker chrome,3600,12,0.72,1,False
50.4,how-to-other,how to increase zelle limit,2900,4,0.0,1,False
50.4,how-to-other,how to break up blood clots naturally,2900,6,0.81,1,False
50.4,audiences,christian dior t shirt men,2400,0,0.67,2,False
50.4,christian-apps,thriving life church app,1900,15,4.78,1,False
50.3,competitors,blue letter bible app,8100,46,2.65,1,False
50.3,other,pastors wife dresses,2400,0,0.63,1,False
50.2,prayers,protection prayer at night,2900,5,0.29,2,False
50.2,verse-display,lock screen bible verse wallpaper,1900,0,0.02,2,True
50.1,how-to-block,how to reduce lower back pain,22200,54,1.39,1,False
50.1,prayers,chaplet holy face,2900,6,0.65,2,False
50.0,platform,pop up ads blocker chrome,12100,43,2.79,1,False
50.0,platform,chrome ad pop up blocker,12100,43,2.79,1,False
50.0,christian-apps,king james bible app,5400,36,2.69,3,False
49.9,how-to-block,how to quit vim editor,3600,16,0.0,1,False
49.9,devotionals,in touch devotional for today,2900,26,12.93,1,False
49.8,other,what does it say about halloween in the bible,3600,11,0.0,1,False
49.8,bible-verses,what does the bible say about halloween,3600,11,0.0,1,False
49.7,how-to-block,how to reduce cholesterol,14800,49,2.17,1,False
49.7,blocker-tools,pomodoro technique for studying,4400,41,5.89,1,False
49.7,prayers,chaplet precious blood,2900,6,0.47,4,False
49.6,other,famous pastors,2900,5,0.0,1,False
49.6,audiences,bible women pastors,2900,7,0.85,1,False
49.5,prayers,verse about prayer is powerful,3600,15,1.68,1,False
49.4,prayers,powerful prayer for today,5400,30,4.54,1,False
49.4,bible-verses,bible passages about the resurrection,4400,28,6.24,1,False
49.4,prayers,stations of the cross how to pray,3600,15,1.62,1,False
49.4,how-to-other,how to break up someone you love,3600,12,0.24,6,False
49.3,bible-verses,what does the bible say about curse words,3600,14,1.12,1,False
49.3,bible-verses,bible passages about faith in hard times,2400,11,5.12,1,False
49.2,prayers,sacred heart novena,4400,18,0.43,4,False
49.1,audiences,homeschool classes online,14800,56,18.68,5,False
49.1,prayers,short prayer morning,5400,24,0.89,6,False
49.1,bible-verses,what does the bible say about praying in tongues,3600,15,1.46,1,False
49.1,prayers,prayer before crucifix,2400,0,0.06,3,False
49.0,how-to-other,how to break a dog from peeing in the house,4400,20,1.33,1,False
49.0,how-to-other,how to pray witr,2400,0,0.0,1,False
49.0,prayers,prayer before work,2400,0,0.0,3,False
49.0,prayers,prayer before working,2400,0,0.0,1,False
49.0,devotionals,synonym for devotional,2400,0,0.0,1,False
49.0,other,pastors arrested,2400,0,0.0,1,False
48.7,bible-verses,what does the bible say about tithe,5400,25,1.19,3,False
48.7,verse-display,bible verse of the day random,5400,45,53.72,2,False
48.6,other,capital one how to raise credit limit,2400,18,8.71,1,False
48.6,how-to-other,how do pastors get paid,1900,10,7.68,2,False
48.4,parental,parental control services,8100,52,8.13,1,False
48.4,prayers,morning prayer saturday,4400,20,1.05,6,False
48.4,prayers,short prayer for successful surgery and recovery,2400,1,0.12,1,False
48.3,other,phone numbers search free,165000,66,2.61,1,False
48.3,other,phone search for free,165000,66,2.61,1,False
48.3,how-to-other,how to pray divine mercy chaplet,5400,24,0.47,8,False
48.3,how-to-other,how to check screen time on android,4400,18,0.0,11,False
48.3,other,free screen saver,3600,16,1.52,4,False
48.2,prayers,morning offering prayer catholic,3600,13,0.1,6,False
48.2,prayers,prayer before sleeping,3600,15,1.02,2,False
48.2,prayers,before sleep prayer,3600,15,1.02,3,False
48.2,prayers,first night hanukkah prayer,2400,1,0.0,5,False
48.1,platform,chrome ad blocker blocker,27100,57,3.04,9,False
48.1,how-to-block,how to quit burping,4400,24,0.55,1,False
48.1,prayers,prayer when in need,1300,0,8.04,1,False
48.0,how-to-other,how to add line break in html,3600,13,0.0,2,False
48.0,blocker-tools,how to block websites safari iphone,1000,0,2.03,3,False
47.9,how-to-block,how to reduce constipation,27100,57,0.49,1,False
47.9,prayers,hail mary prayer catholic church,8100,33,0.23,1,False
47.9,prayers,evening prayer catholic,5400,25,0.81,3,False
47.9,prayers,and if i die before i wake prayer,2400,2,0.24,2,False
47.9,bible-verses,scripture spiritual growth,1900,0,2.39,7,False
47.9,bible-verses,spiritual growth bible verse,1900,0,2.39,6,False
47.9,bible-verses,bible verse about spiritual growth,1900,0,2.39,2,True
47.9,other,verse spiritual growth,1900,0,2.39,3,False
47.9,bible-verses,verses about spiritual growth,1900,0,2.39,1,False
47.9,other,bible spiritual growth,1900,0,2.39,6,False
47.9,bible-verses,bible scriptures on spiritual growth,1900,0,2.39,1,False
47.9,bible-verses,verses on spiritual growth,1900,0,2.39,1,False
47.9,other,biblical spiritual growth,1900,0,2.39,1,False
47.9,bible-verses,biblical verses on spiritual growth,1900,0,2.39,1,False
47.9,bible-verses,scriptures about spiritual growth,1900,0,2.39,1,False
47.9,how-to-block,how to limit following list on instagram,1900,0,0.0,1,False
47.8,prayers,divine mercy chaplet novena,2900,13,2.62,7,False
47.7,how-to-block,how to reduce tension headache,12100,47,2.15,2,False
47.7,how-to-other,how to increase capital one credit limit,2400,19,8.71,18,False
47.7,bible-verses,bible verses about memory,1600,0,4.6,1,False
47.7,bible-study,biblical memory verses,1600,0,4.6,1,False
47.7,bible-study,memory verses from the bible,1600,0,4.6,2,False
47.7,bible-verses,scripture memory verses,1600,0,4.6,2,False
47.6,how-to-block,how to delete an account from google,33100,61,1.75,1,False
47.6,other,cash app limit,4400,21,1.1,6,False
47.6,other,spiritual growth,2900,18,5.17,4,True
47.6,prayers,prayer before the cross,2400,2,0.06,1,False
47.5,bible-verses,bible scriptures for today,49500,70,11.15,1,False
47.5,prayers,what is the time for fajr prayer,22200,62,13.0,1,False
47.5,platform,control parental ipad,6600,34,3.26,2,False
47.5,bible-verses,bible passages about giving to others,1900,1,2.6,1,False
47.5,bible-study,bible study on book of james,1900,0,2.15,4,False
47.4,bible-study,bible study for beginners,2400,7,2.08,1,False
47.4,prayers,1st night of hanukkah prayer,2400,2,0.0,1,False
47.4,how-to-other,how to find focus of ellipse,2400,2,0.0,3,False
47.4,bible-verses,bible passages about marriage problems,1900,0,2.11,1,False
47.4,audiences,christian clothes women,1900,0,2.1,2,False
47.4,audiences,christian clothing women,1900,0,2.1,2,False
47.4,competitors,quit cigarettes cold turkey,1900,19,3.1,4,False
47.4,bible-verses,bible passages about the poor,1000,0,21.94,1,False
47.4,bible-verses,bible passages about poverty,1000,0,21.94,1,False
47.4,adult-blocking,covenant eyes screenshot,1000,0,0.0,2,False
47.3,how-to-other,how to pray istikhara salat,3600,25,6.0,2,False
47.3,prayers,morning offering prayer catholic church,3600,14,0.1,1,False
47.3,blocker-tools,todoist productivity app,3600,31,0.46,1,False
47.3,prayers,a very powerful prayer for difficult situations,1300,0,7.49,1,False
47.2,how-to-block,how to quit alcohol drinking,5400,40,7.74,1,False
47.2,addiction,addiction to computer gaming,4400,44,16.86,3,False
47.2,adult-blocking,canopy app,2400,29,2.68,2,False
47.2,christian-apps,christian meditation sleep,1900,13,1.97,4,False
47.2,competitors,cold turkey stop drinking,1600,15,3.2,2,False
47.2,bible-verses,our daily bread bible verse,1300,5,10.09,1,False
47.1,how-to-other,how to spell quit,2900,8,0.0,1,False
47.1,prayers,short prayer thanking god,1600,14,19.06,2,False
47.1,prayers,short prayer of thanks to god,1600,14,19.06,1,False
47.1,verse-display,our daily bible verse,1300,13,10.09,1,False
47.0,audiences,women christian temperance union,6600,29,0.0,1,False
46.9,audiences,leaders church,2900,18,4.71,8,False
46.7,prayers,seven sorrows chaplet rosary,18100,,1.28,1,False
46.7,how-to-other,how to increase credit card limit capital one,2400,20,8.71,2,False
46.7,audiences,christian hoodie women,1900,0,1.73,4,False
46.6,christian-apps,blb bible app,8100,46,2.65,1,False
46.6,how-to-other,how to calculate break even,2900,29,11.96,3,False
46.6,how-to-other,how to find break-even point,2900,29,11.96,3,False
46.6,prayers,daily devotional on prayer,2400,4,0.39,2,False
46.6,bible-study,bible study for teenage,1900,0,1.66,1,False
46.6,bible-study,bible study for teens,1900,0,1.66,1,False
46.6,addiction,classroom screen free,1300,5,4.09,1,False
46.5,addiction,how to stop doomscrolling,1900,12,2.17,6,True
46.3,how-to-other,how to take a break from facebook,3600,15,0.0,1,False
46.3,audiences,christian bale little women,3600,15,0.0,2,False
46.3,other,cash app withdrawal limit,2900,9,0.0,1,False
46.3,blocker-tools,how block websites on google chrome,1000,7,4.22,7,False
46.3,verse-display,bible verse laptop wallpaper,720,0,28.31,3,False
46.2,addiction,meta social media addiction trial,4400,38,5.91,1,False
46.2,how-to-block,how to quit from vim,3600,20,0.0,1,False
46.2,audiences,downloadable youth ministry,2900,21,6.03,1,False
46.2,audiences,youth ministry downloads,2900,21,6.03,1,False
46.2,verse-display,christian bible verse wallpaper,1600,0,0.08,6,True
46.2,verse-display,christian wallpaper verse,1600,0,0.08,5,False
46.2,how-to-other,how to bypass screen time on iphone,1300,7,10.53,1,False
46.1,other,free phone no lookup,165000,67,2.61,1,False
46.0,catholic,catholic church lent,6600,35,1.76,5,False
46.0,blocker-tools,focus app,5400,46,4.79,5,False
46.0,bible-study,bible study on romans,1900,0,1.35,2,True
46.0,verse-display,bible verse computer wallpaper,1600,0,0.0,3,False
46.0,verse-display,bible verse wallpaper desktop,1600,0,0.0,6,True
45.9,other,pastors rich,2400,4,0.0,2,False
45.9,prayers,prayer when stressed,1900,0,1.26,1,False
45.8,how-to-other,how to raise capital one credit limit,2400,21,8.71,2,False
45.7,prayers,most powerful healing prayer,2900,11,0.54,4,False
45.7,bible-study,bible study on revelation,1900,0,1.15,4,False
45.7,other,pastors income,1900,7,4.25,1,False
45.6,bible-verses,bible quotes about spiritual growth,1900,3,2.39,1,False
45.5,audiences,online homeschool lessons,14800,58,18.68,1,False
45.3,how-to-block,how to quit an app on mac,2400,11,0.31,1,False
45.3,bible-study,bible study books on romans,1900,1,1.35,3,False
45.3,audiences,marriage vows christian,1900,0,0.92,4,False
45.3,audiences,christian marriage promises,1900,0,0.92,1,False
45.3,audiences,christian marriage vow,1900,0,0.92,1,False
45.2,how-to-other,how to stay focus,3600,24,4.04,3,False
45.2,bible-study,bible study on book of john,2900,14,1.63,4,False
45.2,audiences,christian louboutin men boots,1900,0,0.89,4,False
45.1,competitors,hallow prayer app,3600,34,1.98,4,False
45.1,devotionals,devotional for women book,1900,0,0.84,2,False
45.1,devotionals,daily devotional book for women,1900,0,0.84,2,False
45.1,other,website redirect blocker,1900,4,2.52,1,False
45.1,blocker-tools,how to block apps from being downloaded iphone,880,1,2.5,2,False
45.0,competitors,can you stop gabapentin cold turkey,880,0,2.98,1,False
45.0,competitors,can you quit gabapentin cold turkey,880,0,2.98,1,False
44.9,bible-study,the bible recap reading plan pdf,1900,15,8.09,1,False
44.9,bible-verses,pastors scripture,1900,0,0.71,6,False
44.9,other,pastors quotes bible,1900,0,0.71,1,False
44.9,bible-verses,bible verses about pastors,1900,0,0.71,1,False
44.9,other,pastors verse,1900,0,0.71,1,False
44.9,bible-verses,verses on pastors,1900,0,0.71,1,False
44.8,other,pastors wife dress,2400,7,0.63,1,False
44.8,other,parenting book christian,1900,0,0.69,16,False
44.8,other,christian books about parenting,1900,0,0.69,1,False
44.8,audiences,christian book women,1900,0,0.65,7,False
44.8,audiences,christian books about women,1900,0,0.65,1,False
44.8,audiences,christian books by women,1900,0,0.65,1,False
44.7,devotionals,today devotional daily bread,18100,59,9.22,2,False
44.7,other,hand free screen door,1900,0,0.63,3,False
44.7,other,camp snap screen-free digital camera,1900,0,0.63,1,False
44.7,how-to-other,how to bible study for beginners,1600,0,2.84,2,False
44.7,adult-blocking,accountable2you login,880,0,0.09,1,False
44.6,catholic,lent wednesday fasting,5400,29,0.0,1,False
44.6,how-to-other,how to handle break up,2900,14,1.32,2,False
44.6,how-to-other,how to handle break ups,2900,14,1.32,1,False
44.6,how-to-other,how to deal with break up,2900,14,1.32,2,False
44.6,how-to-other,how to calculate break-even point,2900,31,11.96,3,False
44.6,other,female pastors bible,2900,13,0.85,1,False
44.6,prayers,prayer before bedtime catholic,1900,0,0.58,1,False
44.6,prayers,catholic prayer before sleep,1900,0,0.58,2,False
44.6,prayers,prayer before sleeping catholic,1900,0,0.58,1,False
44.6,audiences,christian book men,1900,0,0.57,5,False
44.6,audiences,christian books about men,1900,0,0.57,1,False
44.6,other,do pastors get paid,1900,4,2.22,2,False
44.5,bible-verses,scripture for bible study,2400,17,5.39,2,False
44.5,bible-verses,bible verses for kindergarteners to memorize,1900,0,0.49,1,False
44.5,audiences,christian louboutin red bottom sneakers for men,1900,0,0.48,1,False
44.5,other,ps5 2 player split-screen games free,1600,0,2.73,2,False
44.5,bible-verses,bible passages about equality,880,0,14.77,1,False
44.5,prayers,very powerful prayer to mother mary for a miracle,880,0,18.33,1,False
44.5,how-to-other,how to get a high limit credit card,880,0,16.58,4,False
44.5,how-to-other,how to get the highest credit card limit,880,0,16.58,1,False
44.4,bible-study,bible study for teenagers,1900,3,1.66,1,False
44.4,blocker-tools,time block apps,1300,18,4.97,2,False
44.3,prayers,nightly prayer before bed,1900,4,2.03,1,False
44.3,blocker-tools,freedom website blocker,1600,17,1.56,2,False
44.2,how-to-other,how to remain focus,3600,25,4.04,1,False
44.2,prayers,before communion prayer,1900,0,0.32,2,False
44.2,bible-verses,bible quotes for pastors,1900,1,0.71,1,False
44.1,blocker-tools,pomodoro method time management,18100,61,1.35,2,False
44.1,how-to-block,how to quit itching,6600,41,3.56,1,False
44.1,bible-verses,bible passages about peace,1600,1,2.89,1,False
44.1,how-to-other,how to focus adhd,1600,2,3.32,2,False
44.0,competitors,app freedom,3600,34,1.32,8,False
43.9,prayers,prayer before bed catholic,1900,1,0.58,3,False
43.9,other,message on pastors appreciation,1900,0,0.15,4,False
43.9,bible-verses,memory bible verses,1600,5,4.6,5,False
43.8,addiction,digital minimalism,4400,32,0.47,4,False
43.8,other,study notes for the bible,2900,14,0.85,1,False
43.8,prayers,prayer to say before bed,2400,8,0.54,1,False
43.8,audiences,christian marriage ceremony vows,1900,2,0.92,1,False
43.8,prayers,catholic prayers the most powerful healing prayer padre pio,1600,0,2.28,1,False
43.8,competitors,how much is hallow app,1300,15,4.03,2,False
43.8,addiction,technology addiction awareness scholarship,1000,0,3.69,1,False
43.7,other,defrosting turkey cold water,2400,7,0.04,1,False
43.7,other,cold water thaw turkey,2400,7,0.04,4,False
43.7,other,cold water defrost turkey,2400,7,0.04,1,False
43.7,other,passages in the bible about forgiveness,1900,3,1.27,1,False
43.7,blocker-tools,ad block apps for iphone,1900,23,2.09,1,False
43.7,verse-display,quranic verse of the day,1600,23,10.65,1,False
43.7,verse-display,bible verse phone wallpaper,1300,0,1.28,6,True
43.7,bible-verses,bible passages about spiritual gifts,1000,5,18.41,1,False
43.7,competitors,stopping wellbutrin cold turkey,1000,0,0.59,1,False
43.7,competitors,stop wellbutrin cold turkey,1000,0,0.59,2,False
43.6,prayers,bless your day with this powerful morning prayer,4400,25,0.98,1,False
43.6,devotionals,another word for devotional,1900,0,0.0,1,False
43.6,how-to-other,how to force quit an application on windows,1900,0,0.0,1,False
43.6,other,richest pastors in world,1900,0,0.0,2,False
43.6,other,black pastors,1900,0,0.0,1,False
43.6,other,world's richest pastors,1900,0,0.0,2,False
43.6,bible-study,bible study on family,1600,0,2.18,3,False
43.6,bible-study,bible study for families,1600,0,2.18,1,False
43.5,how-to-other,how to figure break even point,2900,32,11.96,1,False
43.5,how-to-other,how to break even point,2900,32,11.96,2,False
43.5,bible-verses,bible scriptures pastors,1900,2,0.71,1,False
43.4,other,christian sleep meditation,1900,6,2.38,2,False
43.2,devotionals,ladies daily devotional,5400,32,2.14,2,False
43.2,devotionals,daily devotional woman,5400,32,2.14,1,False
43.2,blocker-tools,pomodoro technique for study,4400,46,5.89,1,False
43.1,platform,chrome blocker website,8100,42,3.49,2,False
43.1,platform,web blocker chrome,8100,42,3.49,2,False
43.1,audiences,marriage retreats for christian couples,1900,9,3.59,1,False
43.1,prayers,bible study on prayer,1600,0,1.87,2,False
43.0,other,free classroom screen,1000,6,26.0,1,False
42.9,audiences,men christian louboutin,2400,10,0.86,1,False
42.9,audiences,christian necklaces men,1600,0,1.72,3,False
42.9,audiences,christian jewelry men,1600,0,1.72,1,False
42.9,audiences,christian sweatshirt for women,1600,0,1.73,2,False
42.8,bible-study,bible study on book of revelation,1900,4,1.15,1,False
42.8,prayers,the most powerful healing prayer by padre pio pdf,1600,0,1.65,1,False
42.7,how-to-other,how to break pdf into multiple files,2900,18,2.14,1,False
42.7,bible-verses,bible scriptures about pastors,1900,3,0.71,2,False
42.7,bible-study,bible study on ephesians,1600,0,1.62,2,False
42.7,bible-verses,intercessory prayer bible verse,1600,0,1.61,6,False
42.7,bible-verses,bible verse about intercessory prayer,1600,0,1.61,2,False
42.7,bible-verses,scripture intercessory prayer,1600,0,1.61,7,False
42.7,prayers,bible intercessory prayer,1600,0,1.61,4,False
42.7,bible-verses,intercessory prayer scripture verses,1600,0,1.61,1,False
42.6,platform,iphone blocker app,2400,17,4.13,1,True
42.5,how-to-block,how to quit an app on macbook,2400,14,0.07,1,False
42.5,audiences,women retreat christian,1900,17,7.52,6,False
42.4,prayers,family night time prayer,3600,21,0.72,2,False
42.4,audiences,christian marriage oath,1900,4,0.92,1,False
42.4,audiences,men christian louboutin loafers,1600,0,1.41,3,False
42.4,audiences,christian louboutin slip on men,1600,0,1.41,1,False
42.4,blocker-tools,how to block websites on google,1000,10,3.19,2,False
42.4,how-to-other,how to increase cash app borrow limit,880,3,13.96,2,False
42.3,catholic,examination of conscience adults,1900,6,0.5,2,False
42.3,prayers,short prayer for protection from evil spirits,1600,3,2.66,1,False
42.3,adult-blocking,covenant eyes price,720,0,1.25,1,False
42.3,adult-blocking,covenant eyes cost,720,0,1.25,2,False
42.3,adult-blocking,covenant eyes pricing,720,0,1.25,1,False
42.1,other,wealthiest pastors,2400,9,0.0,1,False
42.1,audiences,christian dior women boots,1600,0,1.26,1,False
42.0,how-to-block,how to quit eating so much,4400,38,5.7,1,False
42.0,bible-verses,scripture about pastors,1900,4,0.71,2,False
42.0,prayers,powerful night prayer for protection,1600,8,4.77,1,False
41.9,bible-verses,what does the bible say about mastibation,14800,,1.08,1,False
41.9,bible-study,bible study plan for one year,4400,35,6.17,1,False
41.9,bible-study,one year bible reading plan,4400,35,6.17,8,False
41.9,other,bible reading one year plan,4400,35,6.17,5,False
41.9,bible-study,bible study on armor of god,1900,4,0.63,2,False
41.9,bible-study,bible study on acts,1600,0,1.15,2,False
41.9,devotionals,devotional bible for women,1600,0,1.15,3,False
41.9,audiences,christian louboutin sneakers women,1600,0,1.12,4,False
41.9,audiences,christian jewellery for women,1600,1,1.55,1,False
41.9,how-to-other,how to concentrate on yourself,1300,2,4.81,1,False
41.8,prayers,divine chaplet novena,2900,20,2.62,1,False
41.8,verse-display,time lock screen iphone,1300,8,3.64,4,False
41.7,prayers,good night prayer and blessings,2900,15,0.08,3,False
41.6,devotionals,joyce meyers ministries daily devotional,4400,42,21.82,1,False
41.6,prayers,bible study on praying,1600,0,0.94,1,False
41.6,addiction,social media addiction lawsuit,1600,29,22.56,2,False
41.6,competitors,quit lexapro cold turkey,1000,2,0.16,2,False
41.5,other,quit smoking how to,9900,47,3.63,3,False
41.5,other,word limit common app essay,1900,3,0.0,7,False
41.5,verse-display,pink bible verse wallpaper,1300,0,0.04,3,True
41.5,verse-display,aesthetic pink bible verse wallpaper,1300,0,0.02,1,False
41.5,verse-display,pinterest christian wallpaper,1300,0,0.0,2,False
41.5,verse-display,pink christian wallpaper,1300,0,0.02,2,False
41.5,adult-blocking,victory covenant eyes,1300,16,0.35,3,False
41.5,bible-study,bible reading plan generator,1000,8,12.21,1,False
41.4,prayers,chaplet,5400,31,0.49,1,False
41.4,other,study guide for books of the bible,1600,0,0.83,2,False
41.3,devotionals,odb devotional for today,18100,61,9.22,1,False
41.3,devotionals,our daily bread today devotional,18100,61,9.22,5,False
41.3,blocker-tools,pomodoro application,2900,35,2.21,2,False
41.3,bible-study,good books for bible study,1600,0,0.78,1,False
41.3,prayers,women prayer journal,1600,0,0.8,3,False
41.3,prayers,prayer journal for woman,1600,0,0.8,1,False
41.3,prayers,women's prayer journal,1600,0,0.8,1,False
41.3,addiction,addiction technology transfer center,1600,28,10.93,1,False
41.3,parental,parental control youtube app,1300,17,4.48,6,False
41.2,devotionals,daily devotional from joel osteen,12100,,3.28,1,False
41.2,competitors,forest app,4400,45,4.72,5,False
41.2,prayers,daily powerful prayer,2900,24,4.46,2,False
41.2,bible-study,good bible study for women,1600,0,0.7,1,False
41.2,how-to-block,how to block certain websites on iphone,1300,3,2.16,1,False
41.1,platform,adplus blocker chrome,27100,61,3.04,1,False
41.1,other,screen recording software free,4400,34,4.94,6,False
41.1,christian-apps,niv version bible app,2900,29,1.33,2,False
41.1,bible-study,ideas for bible study,1600,3,1.92,1,False
41.1,competitors,quitting lexapro cold turkey,1000,8,2.43,1,False
41.0,bible-study,bible study for woman,3600,24,1.47,2,False
41.0,addiction,social media addiction trial,2400,38,17.06,2,False
41.0,audiences,esv study bible for women,1600,0,0.58,1,False
41.0,bible-verses,bible verse about daily bread,1300,13,10.09,1,False
41.0,devotionals,bible daily bread verse,1300,13,10.09,2,False
41.0,bible-verses,bible verse daily bread,1300,13,10.09,2,False
41.0,parental,bark app review,1000,5,2.0,2,False
40.9,bible-verses,bible passages about strength,1900,6,0.88,1,False
40.9,blocker-tools,how to block websites from google chrome,1000,14,4.22,1,False
40.9,bible-verses,bible passages about new life,880,0,9.06,1,False
40.8,devotionals,harvest.org daily devotional,3600,22,0.29,2,False
40.8,how-to-other,how to force quit an app on iphone,2900,16,0.02,1,False
40.7,adult-blocking,how does covenant eyes work,720,4,1.93,2,False
40.4,devotionals,new morning mercies devotional,1900,6,0.55,1,False
40.4,parental,parental control nintendo switch app,1900,19,0.0,3,False
40.3,how-to-block,how to turn off iphone flash,14800,53,0.17,1,False
40.3,bible-study,beginner bible reading plan,1900,9,1.81,5,False
40.3,prayers,short prayer for my family,1900,5,0.08,4,False
40.3,audiences,christian louboutin men red bottom shoes,1900,6,0.48,5,False
40.3,prayers,short prayer to comfort a grieving friend,1600,0,0.18,1,False
40.3,how-to-other,how to get your credit limit increased,880,6,12.62,1,False
40.3,blocker-tools,website blocker ipad,590,0,4.41,2,False
40.2,bible-verses,what does the bible say about women pastors,1900,9,1.75,1,False
40.2,competitors,cold turkey stop smoking,1900,27,3.1,4,False
40.2,platform,screen lock time iphone,1300,2,3.64,3,False
40.2,prayers,prayer when stressed at work,720,0,12.24,1,False
40.1,prayers,luther's evening prayer,1600,0,0.05,1,False
40.1,prayers,luther evening prayer,1600,0,0.05,1,False
40.1,devotionals,jesus calling devotional for today,1300,17,12.72,2,False
40.0,how-to-other,how to change screen time on iphone,2900,17,0.0,2,False
40.0,bible-verses,pastors bible verse,1900,7,0.71,5,False
40.0,bible-verses,bible quotes about pastors,1900,7,0.71,1,False
40.0,bible-study,bible study on the book of ephesians,1600,4,1.62,1,False
40.0,prayers,orthodox evening prayer,1600,0,0.0,2,False
40.0,other,cash app sending limit,1600,0,0.0,1,False
40.0,prayers,night prayer for protection for family,720,0,11.77,1,False
40.0,competitors,hallow app review,720,6,5.28,2,False
39.9,audiences,bob jones university press homeschool,9900,48,3.38,1,False
39.9,audiences,bju press homeschool,9900,48,3.38,2,False
39.9,how-to-other,how to spell focus,2400,12,0.0,1,False
39.9,other,richest pastors,2400,12,0.0,1,False
39.9,how-to-other,how to focus yourself,1300,5,4.81,3,False
39.9,how-to-other,how to focus on me,1300,5,4.81,1,False
39.8,how-to-block,how to reduce edema in feet,12100,51,0.72,1,False
39.8,audiences,women christian speaker,1000,0,6.24,3,False
39.7,prayers,roman catholic morning offering prayer,3600,23,0.1,1,False
39.7,prayers,short prayer for sick,1900,7,0.57,2,False
39.7,how-to-block,how to block inappropriate websites on phone,1300,0,0.0,1,False
39.7,competitors,what does cold turkey mean,1300,12,0.0,1,False
39.6,how-to-block,how to reduce inflammation in body fast,9900,50,2.33,1,False
39.6,verse-display,free screen screensavers,3600,32,1.52,1,False
39.6,competitors,quitting wellbutrin cold turkey,1000,6,0.59,1,False
39.5,other,average screen time for teens,1900,23,9.06,1,False
39.5,audiences,christian comedy women,1300,0,2.29,2,False
39.5,audiences,christian comedian women,1300,0,2.29,3,False
39.5,blocker-tools,chrome plugin to block websites,1000,13,2.73,1,False
39.5,addiction,screen free camera,1000,0,0.97,1,False
39.4,addiction,gaming as an addiction,4400,50,16.86,1,False
39.4,other,auto blocker app,1000,0,5.93,2,False
39.3,bible-verses,what does the bible say about being gay,3600,25,0.91,1,False
39.3,prayers,good night rest prayer,1900,8,0.71,2,False
39.3,competitors,cold turkey quit smoking,1900,28,3.1,9,False
39.3,audiences,christian ministries for women,1600,6,2.01,1,False
39.2,blocker-tools,focus timer,4400,45,2.37,5,False
39.1,prayers,bible study on how to pray,1600,6,1.87,1,False
39.0,prayers,short opening prayer for worship service,720,2,29.45,1,False
39.0,prayers,short opening prayer for church service,720,2,29.45,1,False
38.9,prayers,prayer for night time protection,2900,19,0.29,1,False
38.9,platform,lock phone app iphone,2900,27,4.68,4,False
38.9,bible-study,images for bible study,1900,7,0.03,1,False
38.8,other,pastors pay,1900,16,4.25,1,False
38.8,other,world's wealthiest pastors,1900,7,0.0,1,False
38.8,other,wealthiest pastors in the world,1900,7,0.0,1,False
38.8,blocker-tools,freedom app blocker,1600,23,1.26,1,False
38.8,bible-verses,good bible verses to memorize,1300,0,1.84,1,False
38.7,other,bible in 365 app,3600,24,0.0,1,False
38.7,prayers,short daily prayer,2400,16,1.04,2,False
38.7,bible-study,bible study on apologetics,1600,5,1.23,1,False
38.7,audiences,marriage christian,1300,6,4.45,7,False
38.6,devotionals,advent daily devotional,2400,17,1.48,4,False
38.6,bible-study,bible study guide for women,1900,10,1.16,2,False
38.6,bible-study,bible study on book of acts,1600,5,1.15,3,False
38.6,competitors,cold turkey quit drinking,1600,25,3.2,2,False
38.6,parental,tree identification by bark app,720,1,2.96,2,False
38.5,how-to-block,how to reduce foot swelling,12100,52,0.72,4,False
38.5,bible-verses,bible passages about unconditional love,1300,0,1.62,1,False
38.5,how-to-other,how to set time limit on apps,1300,12,7.46,1,False
38.4,how-to-block,how to quit snoring naturally,3600,31,1.3,1,False
38.4,competitors,verse of the day youversion,2900,39,3.94,2,False
38.4,blocker-tools,block apps android,880,14,4.23,6,False
38.3,devotionals,catholic devotional for women,1600,5,0.95,1,False
38.3,prayers,powerful thanksgiving prayer,1300,12,7.28,1,False
38.3,prayers,what is a powerful prayer for someone dying,880,0,6.98,1,False
38.3,catholic,catholic devotion to mary,590,0,19.11,1,False
38.2,how-to-other,how to cope with break up,2900,22,1.32,1,False
38.2,bible-verses,bible passages about identity,1300,5,3.58,1,False
38.2,bible-verses,bible passages about debt,1300,0,1.44,1,False
38.2,audiences,traditional marriage vows christian,1300,1,1.84,5,False
38.2,bible-verses,bible passages about acceptance,1000,0,4.98,1,False
38.1,bible-study,bible study on james,1900,11,1.26,1,False
38.1,bible-study,bible memory verses,1600,13,4.6,8,False
38.1,other,cash app atm limit,1600,3,0.0,1,False
38.0,platform,ad blocker for samsung internet,1900,16,3.69,1,False
37.9,prayers,short everyday prayer,2400,17,1.04,1,False
37.9,other,christian mingle app,1600,22,9.88,4,False
37.9,bible-study,bible study on proverbs,1300,0,1.24,1,False
37.8,competitors,quitting drinking cold turkey,1600,26,3.2,2,False
37.8,bible-study,bible study on marriage,1300,0,1.19,1,False
37.8,how-to-other,how to increase credit card limit,1300,20,12.68,14,False
37.8,how-to-other,how to improve credit card limit,1300,20,12.68,1,False
37.8,how-to-other,how to up credit card limit,1300,20,12.68,2,False
37.8,how-to-other,how to raise credit card limit,1300,20,12.68,3,False
37.8,how-to-other,how to upgrade credit card limit,1300,20,12.68,1,False
37.8,competitors,freedom care app,390,1,10.58,1,False
37.7,catholic,united states conference of catholic bishops bible,22200,59,0.08,1,False
37.7,how-to-other,how to make chai tea concentrate,1300,0,1.08,1,False
37.7,how-to-other,how to make chai concentrate,1300,0,1.08,2,False
37.7,prayers,short forgiveness prayer,720,4,30.13,3,False
37.6,other,apps for block calls,40500,67,2.46,1,False
37.6,competitors,quitting cigs cold turkey,1900,30,3.1,1,False
37.6,how-to-other,how to be more productive,1300,5,3.14,1,False
37.6,competitors,stop lexapro cold turkey,1000,8,0.16,1,False
37.6,competitors,stopping lexapro cold turkey,1000,8,0.16,1,False
37.6,audiences,youth ministry activities,880,0,6.45,2,False
37.5,parental,top rated parental control app,2400,41,8.84,1,False
37.5,prayers,christian prayer for marriage restoration,1000,0,4.49,1,False
37.5,blocker-tools,how to block apps from being downloaded,720,6,2.43,1,False
37.5,competitors,cold turkey application,720,7,3.94,1,False
37.4,verse-display,christian ipad wallpaper,1000,0,0.69,5,False
37.3,devotionals,first15 daily devotional,3600,26,0.16,1,False
37.3,devotionals,david jeremiah devotional for today,1600,5,0.28,1,False
37.3,blocker-tools,chrome website blocker extension,1000,16,2.73,6,False
37.2,bible-verses,bible scriptures for friendship,12100,,0.6,1,False
37.2,verse-display,christian wallpaper for men,1000,0,0.53,1,False
37.2,platform,mac app productivity,880,0,6.07,2,False
37.1,devotionals,advent devotional,2400,19,1.48,15,False
37.1,addiction,how to break phone addiction,1300,11,0.82,6,True
37.1,audiences,christian dior slides women,1300,0,0.72,1,False
37.0,audiences,christian dior sandals women,1300,0,0.65,1,False
37.0,blocker-tools,productivity app for adhd,480,2,5.9,3,False
36.9,how-to-other,how to be most productive,1300,6,3.14,1,False
36.9,competitors,where does the saying cold turkey come from,880,5,0.0,1,False
36.9,competitors,where does the term cold turkey come from,880,5,0.0,1,False
36.9,competitors,where does the expression cold turkey come from,880,5,0.0,1,False
36.9,competitors,where did the term cold turkey come from,880,5,0.0,1,False
36.7,platform,app ad blocker iphone,1900,15,2.18,5,False
36.7,prayers,prayer journal template,1300,0,0.44,6,False
36.6,bible-verses,bible verse about gratefulness,14800,55,1.9,1,False
36.6,how-to-other,how to to quit smoking,9900,51,3.63,1,False
36.6,prayers,most powerful prayer to the holy spirit,1300,0,0.34,2,False
36.6,addiction,how to stop phone addiction,1300,14,1.82,3,False
36.6,blocker-tools,how to block websites chrome android,1000,16,2.21,9,False
36.6,how-to-other,how to get higher credit limit,1000,15,14.46,2,False
36.6,how-to-other,how to get the highest credit limit,1000,15,14.46,1,False
36.6,blocker-tools,iphone productivity app,720,11,4.19,7,False
36.6,competitors,stop zoloft cold turkey,720,0,0.24,1,False
36.5,prayers,evening prayer today,2900,29,4.11,2,False
36.5,bible-study,bible study on genesis,1900,15,2.06,2,False
36.5,prayers,night prayer before bed,1900,15,2.03,1,False
36.5,audiences,christian dior glasses men,1900,12,0.66,1,False
36.5,how-to-block,how to turn off screen time on iphone,1600,11,0.0,2,False
36.5,audiences,fun youth ministry games,1300,4,1.93,1,False
36.4,devotionals,utmost for his highest devotional,2900,23,0.63,5,False
36.4,blocker-tools,block websites firefox,1000,18,3.07,2,False
36.4,verse-display,girly bible verse wallpaper,1000,0,0.05,1,False
36.4,verse-display,christian fall wallpaper,1000,0,0.0,2,False
36.4,verse-display,iphone christian wallpaper cross,1000,0,0.0,1,False
36.4,prayers,what is the most powerful prayer for cancer patients,590,0,39.24,1,False
36.4,devotionals,devotional on thanksgiving,590,0,29.53,1,False
36.4,prayers,prayer spiritual growth,590,0,19.86,7,False
36.4,prayers,praying for spiritual growth,590,0,19.86,1,False
36.3,blocker-tools,productivity app ipad,590,4,3.33,6,False
36.2,platform,parental app control iphone,8100,51,6.24,4,False
36.2,other,cash app atm withdrawal limit,1600,6,0.0,1,False
36.2,how-to-other,how to evaluate limit,1600,6,0.0,3,False
36.2,prayers,5 good night prayer,1300,8,3.56,1,False
36.2,prayers,short prayer protection,1300,0,0.12,3,False
36.1,prayers,a good prayer before bed,1600,7,0.3,1,False
36.1,bible-verses,bible passages about christmas,1300,0,0.0,1,False
36.1,bible-verses,bible passages about hope and healing,1300,4,1.65,1,False
36.1,prayers,good night prayer pics,1300,0,0.05,1,False
36.1,prayers,good night prayer image,1300,0,0.05,2,False
36.1,prayers,prayer when taking a test,1300,0,0.0,1,False
36.0,prayers,powerful protection prayer,1900,13,0.75,4,False
35.9,prayers,night prayer protection,2900,24,0.79,6,False
35.9,bible-study,bible reading plan maker,1000,16,12.21,1,False
35.8,competitors,cold turkey no smoking,1900,32,3.1,1,False
35.7,devotionals,devotional on lent,1300,4,1.35,2,False
35.7,addiction,dopamine detox book,880,0,0.04,2,False
35.7,addiction,phone addiction therapy,480,1,9.13,2,True
35.6,prayers,prayer when worried,1600,10,1.25,1,False
35.6,other,web filter block,1600,7,0.0,2,False
35.5,bible-study,bible study plan for beginners,1900,16,1.81,2,False
35.5,parental,bark app for iphone,1900,31,3.2,3,False
35.5,prayers,christmas evening prayer,1300,1,0.0,1,False
35.5,verse-display,bible verse wallpaper 4k,880,0,0.94,1,False
35.5,parental,identify tree by bark app,720,6,2.96,2,False
35.4,competitors,stopping zoloft cold turkey,720,2,0.24,1,False
35.3,verse-display,verse of the day with reflection,2400,42,13.9,1,False
35.2,other,alcohol how to quit,5400,47,7.74,1,False
35.2,other,web filter program,720,8,20.2,1,False
35.1,how-to-block,how to quit smoke weed,5400,44,2.33,1,False
35.1,how-to-block,how to quit pot smoking,5400,44,2.33,1,False
35.1,how-to-other,how to break unhealthy habits,5400,41,2.66,1,False
35.1,bible-study,bible study on book of genesis,1900,17,2.06,3,False
35.1,prayers,short prayer for protection and guidance,1300,2,0.13,2,False
35.0,other,foot swollen how to reduce,12100,52,0.72,1,False
35.0,how-to-other,how to see screen time on iphone,2400,19,0.0,2,False
35.0,platform,screen time passcode iphone,1600,8,0.0,4,False
34.9,platform,screen time android,3600,31,1.25,8,False
34.9,prayers,when is fajr prayer today,2400,32,7.7,1,False
34.9,addiction,screen addiction,1600,27,4.89,2,False
34.9,bible-study,bible study on book of proverbs,1300,5,1.24,2,False
34.9,other,common app word limit,1300,2,0.0,1,False
34.8,verse-display,god verse of the day,550000,79,13.22,1,False
34.8,other,study lessons on the bible,3600,38,5.94,1,False
34.8,bible-study,lessons on bible study,3600,38,5.94,3,False
34.8,audiences,christian view of marriage,1300,12,4.45,2,False
34.7,other,screen saver christmas free,1000,0,2.3,1,False
34.7,competitors,unpluq,590,5,3.57,1,False
34.6,adult-blocking,covenant eyes login,1900,33,0.13,1,False
34.6,prayers,prayer plant at night,1300,3,0.16,2,False
34.6,competitors,youversion bible reading plan,880,25,8.86,3,False
34.5,bible-verses,bible passages about god's love for us,1300,8,2.28,1,False
34.5,christian-apps,christian meditation music,880,12,3.37,2,False
34.4,prayers,good night family prayer,1300,3,0.06,2,False
34.4,audiences,women christian louboutin,1300,5,0.83,3,False
34.4,competitors,quit wellbutrin cold turkey,1000,14,0.59,1,False
34.4,competitors,can you stop zepbound cold turkey,590,0,1.15,1,False
34.3,platform,ad blocker origin chrome,18100,60,2.48,1,False
34.3,adult-blocking,covenant eyes promo code,390,0,3.75,2,False
34.2,christian-apps,k j v bible app,3600,42,2.16,1,False
34.2,competitors,quit smoking cigarettes cold turkey,1900,34,3.1,3,False
34.1,how-to-block,how to reduce tummy belly fat,12100,59,4.13,1,False
34.1,prayers,when is fajr prayer,1300,25,29.26,1,False
34.1,verse-display,bible verse pink cross wallpaper,880,0,0.0,1,False
34.1,verse-display,aesthetic bible verse laptop wallpaper,880,0,0.0,1,False
34.1,verse-display,tuff christian wallpaper,880,0,0.0,1,False
34.1,audiences,youth ministry activity,880,6,6.45,2,False
34.0,devotionals,daily devotional upper room,27100,67,5.19,3,False
34.0,prayers,prayer for good sleep at night,1900,16,0.71,1,False
34.0,other,what the bible says about female pastors,1900,18,1.75,1,False
34.0,audiences,christian dior clothing women,1600,12,1.06,2,False
34.0,bible-study,bible study on the gospel of matthew,1000,0,1.79,1,False
34.0,blocker-tools,how to turn off focus mode on iphone,720,6,0.0,1,False
34.0,addiction,phone addiction rehab,480,4,9.13,2,True
33.9,christian-apps,bible app niv,2900,37,1.33,2,False
33.9,christian-apps,new international bible app,2900,37,1.33,1,False
33.9,bible-study,bible reading plan creator,1000,19,12.21,1,False
33.9,devotionals,devotional on marriage,1000,0,1.75,2,False
33.9,how-to-block,how to turn off time limit on iphone,1000,2,0.13,1,False
33.9,prayers,intercessory prayer example,880,0,3.45,5,False
33.9,prayers,intercessory prayer sample,880,0,3.45,3,False
33.8,platform,control parental en iphone,6600,48,4.44,1,False
33.8,other,free screen mirror app,2900,28,1.51,1,False
33.8,prayers,night prayer before sleep,1900,15,0.11,1,False
33.8,prayers,prayer at night before sleeping,1900,15,0.11,2,False
33.8,prayers,night prayer before sleeping,1900,15,0.11,1,False
33.8,prayers,prayer before sleep at night,1900,15,0.11,1,False
33.8,other,cash app daily limit,1600,10,0.0,1,False
33.8,competitors,one sec app,880,18,3.85,1,False
33.7,blocker-tools,notion productivity app,1900,34,1.78,1,False
33.7,how-to-block,how to limit iphone screen time,1600,20,2.28,3,False
33.7,bible-verses,bible passages about god's mercy,720,0,6.18,1,False
33.6,blocker-tools,block websites on mozilla,1000,22,3.07,1,False
33.6,blocker-tools,iphone focus app,590,12,5.06,5,False
33.4,competitors,quitting cold turkey cigarettes,1900,35,3.1,2,False
33.4,competitors,give up smoking cold turkey,1900,35,3.1,2,False
33.4,prayers,short prayer for anxiety worry and fear,720,11,12.84,1,False
33.4,competitors,cold turkey 1971 cast,720,5,0.0,1,False
33.3,other,study on ruth in the bible,1000,0,1.26,1,False
33.3,bible-study,bible study on ruth,1000,0,1.26,1,False
33.2,how-to-other,how to break bad habit,5400,43,2.66,4,False
33.2,bible-verses,bible passages about free will,1600,11,0.02,1,False
33.2,christian-apps,christian meditation guided,590,4,4.04,2,False
33.1,prayers,powerful healing prayer,1300,8,1.17,4,False
33.1,devotionals,daily devotional for couples,1000,0,1.14,1,True
33.1,devotionals,daily devotional book for men,1000,0,1.15,2,False
33.1,devotionals,devotional book for men,1000,0,1.15,2,False
33.0,prayers,short prayer before sleep at night,880,8,6.55,1,False
33.0,how-to-other,how to raise credit limit,880,17,12.62,3,False
33.0,how-to-other,how to get your credit limit raised,880,17,12.62,1,False
33.0,parental,kids360 parental control app,720,13,4.36,1,False
32.9,prayers,catholic novena app,2400,22,0.0,2,False
32.9,blocker-tools,website blocker extension,1300,28,2.48,2,False
32.9,bible-verses,simple bible verses to memorize,1000,0,0.95,1,False
32.9,bible-verses,easy bible verses to memorize,1000,0,0.95,3,False
32.9,competitors,is hallow a catholic app,1000,15,0.0,6,False
32.9,other,screen-free camera,1000,0,0.97,1,False
32.9,audiences,indoor youth ministry games,880,0,2.58,4,False
32.9,how-to-other,how to focus reading,480,0,12.83,3,False
32.9,how-to-other,how to concentrate reading,480,0,12.83,3,False
32.8,competitors,remove cold turkey,590,0,0.0,1,False
32.8,competitors,uninstall cold turkey,590,0,0.0,1,False
32.8,competitors,youversion events,590,0,0.0,2,False
32.7,how-to-block,how to quit cigarette,9900,57,3.63,2,False
32.7,competitors,youversion bible app audio,5400,52,1.63,5,False
32.7,prayers,24-hour intercessory prayer line,1300,15,4.26,2,False
32.7,devotionals,devotional books for guys,1000,0,0.85,1,False
32.7,devotionals,new morning mercies a daily gospel devotional,1000,0,0.82,2,False
32.7,bible-study,bible study on youth,880,0,2.46,1,False
32.6,other,bible of the day verse,550000,78,13.22,2,False
32.6,how-to-other,how to focus,8100,50,2.33,1,False
32.6,devotionals,daily hope devotional by rick warren,2900,28,0.57,1,False
32.6,devotionals,daily hope rick warren devotional,2900,28,0.57,1,False
32.6,audiences,christian dior j adore for women,1000,7,3.78,1,False
32.5,other,bible hub app,3600,38,3.94,1,False
32.5,prayers,night prayer god,1900,18,0.56,2,False
32.4,other,christian books teens,1000,0,0.56,4,False
32.4,audiences,good christian book for women,1000,0,0.57,1,False
32.4,audiences,recommended christian books for women,1000,0,0.57,1,False
32.4,adult-blocking,porn blocker extension,480,10,3.97,1,False
32.3,other,safari content blocker,1900,24,3.62,3,False
32.3,bible-study,great bible study topics,880,2,2.96,1,False
32.3,bible-study,good bible study topics,880,2,2.96,2,False
32.3,catholic,catholic app laudate,880,9,4.97,2,False
32.2,how-to-other,how to calculate 95 confidence limit,2400,23,0.0,1,False
32.2,prayers,biblical definition of intercessory prayer,1300,7,0.04,1,False
32.2,devotionals,daily devotional for lent,1300,10,1.35,1,False
32.2,audiences,women christian authors,1000,0,0.41,2,False
32.2,audiences,christian quotes about women,1000,0,0.45,1,False
32.2,audiences,women christian writers,1000,0,0.41,1,False
32.2,addiction,dopamine detox reddit,720,0,0.0,4,False
32.1,how-to-block,how to block google chrome websites,1000,14,4.22,1,False
32.0,other,app king james bible,3600,36,2.16,3,False
32.0,other,cash app day limit,1600,13,0.0,1,False
32.0,other,web filter,1300,28,14.67,7,False
32.0,devotionals,devotional on easter,1000,0,0.32,2,False
31.9,prayers,today's night prayer,2400,27,1.82,1,False
31.9,addiction,digital detox phone,1000,12,0.74,2,False
31.8,how-to-other,how to break firestick,12100,54,0.05,1,False
31.8,blocker-tools,h&r block apps,1900,35,0.94,1,False
31.8,prayers,prayer when someone passes away,1300,8,0.16,1,False
31.8,bible-verses,bible passages about confirmation,1000,0,0.14,1,False
31.8,prayers,short prayer for someone who lost a loved one,1000,0,0.13,1,False
31.8,audiences,christian quote for women,1000,0,0.11,2,False
31.8,bible-study,bible study on book of daniel,880,0,1.71,2,False
31.8,bible-study,study on the book of daniel from bible,880,0,1.71,1,False
31.8,bible-study,bible study on daniel,880,0,1.71,1,False
31.8,how-to-other,how to get higher credit card limit,880,19,16.58,6,False
31.8,how-to-other,how to get a credit limit increase from capital one,880,19,45.48,1,False
31.8,competitors,youth ministry logos,480,0,1.83,1,False
31.7,bible-verses,what does the bible say about,4400,37,0.0,3,False
31.7,competitors,giving up smoking cold turkey,1900,37,3.1,2,False
31.7,competitors,smokers who quit cold turkey,1900,37,3.1,1,False
31.7,prayers,short irish prayer,1000,0,0.09,1,False
31.7,prayers,short prayer for families,1000,0,0.09,1,False
31.7,prayers,short prayer for safety travel,1000,0,0.06,1,False
31.7,addiction,phone addiction purity test,320,1,26.27,1,False
31.7,adult-blocking,dns porn blocker,320,6,7.29,2,False
31.6,bible-verses,bible passages about gentleness,1000,0,0.02,1,False
31.6,bible-study,bible reading plan ligonier,1000,0,0.0,1,False
31.6,devotionals,quiet time golf course,1000,0,0.0,1,False
31.6,how-to-other,how to find limit to infinity,1000,0,0.0,1,False
31.6,how-to-other,how to find focus,1000,0,0.0,2,False
31.6,prayers,define intercessory prayer,880,0,1.57,1,False
31.6,prayers,intercessory prayer definition,880,0,1.57,1,False
31.6,christian-apps,christian meditation guide,590,7,4.04,1,False
31.5,platform,ad blocker plugin chrome,14800,59,1.88,2,False
31.5,how-to-block,how to quit pot,2900,42,6.47,1,False
31.5,how-to-block,how to quit weed,2900,42,6.47,1,False
31.5,how-to-block,how to quit cannabis,2900,42,6.47,1,False
31.5,bible-study,beginning bible reading plan,1900,22,1.81,1,False
31.5,bible-study,bible study on life,1300,17,4.22,1,False
31.5,blocker-tools,firefox website blocker,1000,25,3.07,3,False
31.5,blocker-tools,site blocker mozilla,1000,25,3.07,1,False
31.5,prayers,prayer journal notebook,880,0,1.49,1,False
31.5,devotionals,good devotional for men,880,0,1.52,1,False
31.4,prayers,prayer good night sleep,1900,20,0.71,4,False
31.4,bible-verses,bible passages about understanding,1600,15,0.45,1,False
31.4,how-to-other,how to find screen time on iphone,1600,14,0.0,1,False
31.4,how-to-other,how to be productive,1000,11,4.68,1,False
31.3,platform,youtube advertisement blocker chrome,2900,32,1.88,1,False
31.3,bible-study,bible study guide for woman,1900,21,1.16,1,False
31.3,prayers,prayer when in pain,1000,2,0.54,1,False
31.3,audiences,youth ministry lesson,1000,6,2.22,7,False
31.3,other,spiritual growth book,880,0,1.32,6,False
31.3,other,books about spiritual growth,880,0,1.32,1,False
31.3,how-to-other,how to focus when reading,480,3,12.83,1,False
31.2,prayers,night prayer today,2400,28,1.82,3,False
31.2,platform,block ads iphone apps,1900,23,2.09,6,False
31.2,blocker-tools,ai powered productivity app,1300,26,0.0,1,False
31.2,bible-study,bible study on fruit of the spirit,880,0,1.27,4,False
31.1,prayers,intercessory prayer meaning,880,1,1.57,1,False
31.1,how-to-other,how to extend your credit card limit,880,19,11.27,1,False
31.1,verse-display,pinterest bible verse wallpaper,720,0,0.2,2,False
31.1,competitors,stopping prozac cold turkey,720,11,0.84,1,False
31.0,devotionals,my utmost for his highest devotional today,1900,24,2.51,1,False
31.0,addiction,gaming addiction disease,1900,44,19.44,1,False
31.0,verse-display,bible verse widget,1300,20,1.66,4,False
31.0,bible-study,bible study on the book of hebrews,880,0,1.04,1,False
31.0,bible-study,bible study on sermon on the mount,880,0,1.05,5,False
31.0,verse-display,inspirational aesthetic bible verse wallpaper,720,0,0.13,1,False
30.9,prayers,short night prayer,1600,15,0.07,1,False
30.9,blocker-tools,gamify productivity app,1300,32,3.27,1,False
30.9,catholic,examination of conscience catholic confession,880,2,0.63,4,False
30.9,verse-display,aesthetic bible verse wallpaper iphone,720,0,0.0,1,False
30.9,verse-display,christmas wallpaper bible verse,720,0,0.0,4,False
30.9,verse-display,daily bible verse bracelet,720,2,0.85,2,False
30.9,verse-display,easter christian wallpaper,720,0,0.0,2,False
30.9,verse-display,preppy christian wallpaper,720,0,0.0,2,False
30.9,verse-display,blue christian wallpaper,720,0,0.0,1,False
30.9,verse-display,christian mccaffrey wallpaper,720,0,0.0,1,False
30.9,verse-display,aesthetic christian wallpaper iphone,720,0,0.0,1,False
30.9,addiction,social media addiction lawsuit payout per person,320,0,10.54,1,False
30.8,blocker-tools,block websites extension,1300,31,2.48,2,False
30.8,other,christian hypnobirthing app,1000,5,1.34,1,False
30.8,prayers,mark wahlberg prayer app,720,2,4.48,1,False
30.8,how-to-other,how to stay focus while studying,590,0,6.48,1,False
30.8,blocker-tools,student productivity app,320,0,5.52,3,False
30.7,prayers,short prayer for a safe trip,1000,2,0.06,1,False
30.7,prayers,short safe travel prayer,1000,2,0.06,2,False
30.7,addiction,cure for gaming addiction,880,27,10.3,2,False
30.6,parental,familytime parental control app,1000,25,4.32,1,False
30.6,how-to-other,how to find a limit at infinity,1000,2,0.0,1,False
30.6,how-to-other,how to find focus of hyperbola,1000,2,0.0,1,False
30.6,platform,time out screen iphone,1000,2,0.0,1,False
30.6,how-to-block,how to turn off focus,880,4,0.0,1,False
30.6,competitors,cold turkey lennon,720,10,0.0,2,False
30.6,competitors,cold turkey john lennon,720,10,0.0,2,False
30.6,competitors,jomo app,390,6,6.42,1,False
30.5,devotionals,devotional for couples book,880,0,0.64,2,False
30.5,how-to-other,how to focus studying,880,8,4.17,4,False
30.5,audiences,christian marriage ceremony script,880,0,0.69,1,False
30.4,other,random-bible-verse-of-the-day-kjv,1600,33,10.62,1,False
30.4,bible-study,bible study on esther,1300,12,0.79,1,False
30.4,devotionals,devotional for teachers,880,0,0.57,1,False
30.4,verse-display,daily bible verse sms,480,0,4.98,1,False
30.3,blocker-tools,pomodoro time app,5400,56,2.27,1,False
30.3,blocker-tools,pomodoro timer application,5400,56,2.27,1,False
30.3,other,cold water thawing turkey,2400,26,0.04,5,False
30.3,prayers,night prayer for protection against evil,880,0,0.49,1,False
30.2,addiction,digital detox,5400,52,2.58,10,True
30.2,addiction,technology addiction,1600,29,2.13,10,False
30.2,prayers,short prayer about christmas,1000,3,0.06,1,False
30.2,bible-study,bible study on advent,880,0,0.42,1,False
30.2,audiences,christian marriage party,880,2,1.25,1,False
30.2,competitors,abide app,880,24,4.11,5,False
30.2,addiction,digital detox retreat,720,4,0.0,2,False
30.1,prayers,morning powerful prayer,1900,21,0.18,2,False
30.1,competitors,smoking quitting cold turkey,1900,39,3.1,2,False
30.1,competitors,quitting vaping cold turkey,1000,36,10.55,1,False
30.1,audiences,youth ministry fundraiser,590,0,5.73,2,False
30.0,prayers,catholic ave maria prayer,8100,,0.23,1,False
30.0,other,bible memory app,6600,48,1.27,1,False
30.0,audiences,marriage wishes christian,880,0,0.28,3,False
30.0,adult-blocking,covenant eyes review,320,3,4.14,4,True
29.9,prayers,short thanksgiving day prayer,1300,11,0.02,2,False
29.9,blocker-tools,android website blocker,1000,28,3.42,7,False
29.9,prayers,good night prayer my love,880,0,0.19,2,False
29.9,prayers,good night prayer for my lover,880,0,0.19,1,False
29.9,prayers,prayer when dog dies,880,0,0.15,1,False
29.9,how-to-other,how to keep focus while studying,590,2,6.48,1,False
29.8,addiction,addiction in gaming,4400,58,16.86,11,False
29.8,prayers,night prayer before bedtime,1900,25,2.03,1,False
29.8,audiences,christian dior women clothes,1600,19,1.06,2,False
29.8,prayers,short prayer for my son,880,0,0.11,1,False
29.8,prayers,short prayer about friendship,880,0,0.08,1,False
29.8,prayers,powerful wednesday morning prayer,880,0,0.09,1,False
29.8,prayers,prayer when someone is sick,880,0,0.08,1,False
29.8,addiction,help for phone addiction,720,16,5.35,5,True
29.8,prayers,church leaders prayer,720,0,2.65,13,False
29.8,prayers,pray for church leaders,720,0,2.65,3,False
29.8,prayers,praying for church leaders,720,0,2.65,5,False
29.7,bible-study,fr mike schmitz bible in a year reading plan pdf,1600,29,6.79,1,False
29.7,prayers,thankful good night prayer quotes,1000,4,0.04,1,False
29.7,prayers,short prayer about family,1000,4,0.09,1,False
29.7,prayers,night prayer thursday,880,0,0.04,3,False
29.7,prayers,blessing powerful thursday morning prayer,880,0,0.02,1,False
29.7,prayers,powerful tuesday morning prayer,880,0,0.05,1,False
29.7,other,tree bark identification app,720,1,2.96,2,False
29.6,other,safe browsing google,12100,64,9.14,5,False
29.6,parental,android phone parental control app,8100,64,7.13,3,False
29.6,verse-display,verse of the day about encouragement,1600,26,0.98,1,False
29.6,how-to-other,how to turn focus off on iphone,1000,4,0.0,1,False
29.6,competitors,who owns hallow app,480,0,0.0,2,False
29.6,other,highest cash app borrow limit,390,0,14.29,3,False
29.6,competitors,hallow app subscription,320,5,7.89,1,False
29.5,bible-study,bible reading plan,22200,66,2.71,7,False
29.5,how-to-block,how to block certain apps from being downloaded on iphone,590,0,2.53,1,False
29.4,bible-verses,bible passages about lucifer,1300,12,0.0,1,False
29.4,how-to-other,how to spell concentrate,1300,12,0.0,1,False
29.4,prayers,powerful catholic morning prayer,880,3,0.98,1,False
29.4,devotionals,quiet time god,880,1,0.21,2,False
29.3,competitors,stop smoking cigarettes cold turkey,1900,40,3.1,2,False
29.3,prayers,when you prayer,880,2,0.48,4,False
29.2,how-to-other,how to break pdf into pages,6600,50,2.12,1,False
29.2,other,break up how to cope,2900,34,1.32,1,False
29.2,catholic,confession examination of conscience,1300,18,1.41,3,False
29.2,blocker-tools,how to turn off focus mode,480,3,0.0,1,False
29.1,how-to-other,how to focus study,880,11,4.36,8,False
29.1,christian-apps,christian meditation anxiety,320,0,7.22,2,False
29.0,prayers,powerful prayer catholic,720,0,1.98,1,False
29.0,devotionals,devotional on anxiety,720,0,1.94,2,False
28.9,bible-verses,bible verse about today,49500,78,11.15,2,False
28.9,bible-verses,bible verses for today,49500,78,11.15,1,False
28.9,bible-verses,bible verse for devotional,1600,36,11.41,1,False
28.9,prayers,short thanksgiving prayer,1300,13,0.02,6,False
28.9,how-to-other,how to find limit of a function,1000,16,5.02,3,False
28.9,prayers,short prayer for grieving family,880,2,0.14,1,False
28.9,bible-study,bible study on new testament,720,0,1.85,1,False
28.9,competitors,quitting prozac cold turkey,720,15,0.84,1,False
28.9,competitors,quit prozac cold turkey,720,15,0.84,1,False
28.8,prayers,day prayer catholic,9900,56,1.87,11,False
28.8,devotionals,proverbs 31 ministries daily devotional,3600,37,0.13,1,False
28.8,how-to-other,how to set screen time on iphone,1600,20,0.66,1,False
28.8,prayers,short friendship prayer,880,2,0.08,3,False
28.8,other,cash app age limit,590,0,4.45,1,False
28.8,competitors,opal app review,260,3,9.32,2,True
28.7,addiction,video gaming addiction,4400,59,16.86,2,False
28.7,christian-apps,kjv bible app,3600,48,2.16,2,False
28.7,bible-study,free printable chronological bible reading plan,880,24,12.07,1,False
28.7,bible-study,5x5x5 new testament bible reading plan,880,2,0.0,1,False
28.7,catholic,examination of conscience for teenager,880,5,0.02,3,False
28.7,competitors,zoloft quitting cold turkey,720,14,0.24,2,False
28.7,addiction,digital minimalism reddit,590,1,0.0,2,False
28.7,blocker-tools,digital wellbeing oneplus,480,4,0.0,2,False
28.6,devotionals,charles stanley devotional for today,1600,37,14.34,1,False
28.6,audiences,christian marriage officiant,720,6,4.26,1,False
28.6,devotionals,women's morning devotional,590,14,19.85,2,False
28.6,blocker-tools,how to block apps on ipad,590,15,2.2,1,False
28.5,addiction,addiction internet,1600,37,5.85,11,False
28.5,bible-study,bible study on philippians,720,0,1.48,1,False
28.5,bible-study,bible study on anxiety,720,0,1.53,1,False
28.5,devotionals,daily strength for women a 365 day devotional,720,0,1.49,2,False
28.4,prayers,short prayer on gratitude,720,1,1.79,2,False
28.4,prayers,short prayer to mother mary,720,8,5.02,2,False
28.4,verse-display,change iphone lock screen time,720,5,0.0,4,False
28.4,parental,whatsapp parental control app,590,12,2.48,2,False
28.3,audiences,youth ministry,2900,47,10.86,8,False
28.3,audiences,marriage christian retreat,1900,30,3.59,6,False
28.3,prayers,short thanksgiving dinner prayer,1300,14,0.02,2,False
28.3,prayers,short prayer for healing and recovery,1000,7,0.09,1,False
28.3,prayers,prayer when someone dies,1000,7,0.1,1,False
28.3,platform,change screen lock time iphone,880,3,0.0,1,False
28.3,competitors,freedom trail foundation app,720,17,1.3,1,False
28.3,bible-study,adult bible study topics,480,9,16.27,3,False
28.3,addiction,what to do instead of doomscrolling,390,0,4.68,2,False
28.2,prayers,short prayer before meeting,1000,7,0.0,3,False
28.2,how-to-other,how to make cold brew concentrate,880,4,0.37,2,False
28.1,blocker-tools,chromebook website blocker,8100,64,3.49,1,False
28.1,other,cash app limit per day,1900,24,0.0,1,False
28.1,prayers,short nighttime prayer,1600,20,0.07,1,False
28.1,bible-study,bible study on psalms,1000,9,0.84,2,False
28.1,other,christian music meditation,880,11,3.37,4,False
28.1,prayers,prayer journal ideas,590,0,3.72,1,False
28.0,platform,ad block android apps,2900,39,3.48,1,False
27.9,catholic,us catholic bishops bible,22200,66,0.08,1,False
27.9,catholic,united states catholic bishops bible,22200,66,0.08,1,False
27.9,verse-display,bible daily verse today,14800,70,8.91,5,False
27.9,verse-display,daily verse of the day,14800,70,8.91,1,False
27.9,verse-display,today's daily bible verse,14800,70,8.91,1,False
27.9,how-to-block,how to quit cigarette smoking,9900,61,3.63,1,False
27.9,blocker-tools,digital wellbeing app for android,1000,25,0.0,10,False
27.9,competitors,stop vaping cold turkey,1000,39,10.55,1,False
27.9,bible-study,women's bible study topics,720,0,0.98,4,False
27.9,bible-study,women bible study topics,720,0,0.98,4,False
27.9,bible-study,bible study topics for ladies,720,0,0.98,1,False
27.9,how-to-other,how to keep focus when studying,590,6,6.48,1,False
27.9,how-to-other,how to stay focus in study,590,6,6.48,1,False
27.9,verse-display,lock screen bible verse black wallpaper,590,0,0.0,1,False
27.9,verse-display,cross wallpaper with bible verse,590,0,0.0,2,False
27.9,verse-display,die daily bible verse,590,0,0.0,1,False
27.9,verse-display,christian gonzalez wallpaper,590,0,0.0,1,False
27.9,verse-display,black christian wallpaper,590,0,0.0,1,False
27.9,other,christian guided meditation,590,1,4.04,3,False
27.8,devotionals,new morning mercies devotional book,880,4,0.04,1,False
27.8,bible-study,bible study on mothers,720,0,0.86,1,False
27.8,catholic,examination of conscience for women,720,5,1.75,1,False
27.8,how-to-block,how to block android apps,720,11,3.23,1,False
27.8,competitors,stop prozac cold turkey,720,17,0.84,1,False
27.8,bible-study,bible study on forgiveness,590,0,3.42,1,False
27.8,audiences,youth ministry fundraising,590,0,3.5,1,False
27.7,prayers,when is asr prayer,1600,26,2.95,1,False
27.7,addiction,nomophobia meaning,1600,29,0.0,2,False
27.7,bible-study,ligonier ministries bible reading plan,1000,8,0.0,1,False
27.7,audiences,christian marriage ceremony,590,0,3.38,1,False
27.7,prayers,when does isha prayer end,390,0,9.72,1,False
27.7,other,define spiritual growth,390,4,26.47,1,False
27.6,other,study on faith in the bible,590,0,3.25,1,False
27.6,addiction,adhd phone addiction,260,3,22.3,2,False
27.5,how-to-other,how to see screen time on android,1900,25,0.0,2,False
27.5,prayers,night prayer tuesday,880,8,1.4,3,False
27.5,other,when will my cash app borrow limit increase,590,4,4.96,1,False
27.4,addiction,doomscrolling definition,1900,38,2.98,3,False
27.4,bible-study,bible study on motherhood,720,1,0.86,1,False
27.4,devotionals,devotional on gratitude,480,0,6.04,1,False
27.3,verse-display,daily bible verse king james,4400,50,1.99,3,False
27.3,devotionals,daily devotional for hope,1300,26,5.43,1,False
27.3,other,focus v app,1300,16,0.0,1,False
27.3,blocker-tools,site blocker android,1000,32,3.42,3,False
27.3,blocker-tools,chrome web store website blocker,720,22,1.99,1,False
27.3,other,tree bark identifier app,720,6,2.96,1,False
27.3,bible-verses,bible passages about god's forgiveness,480,0,5.9,1,False
27.2,how-to-block,how to quit gambling,4400,46,0.0,1,False
27.2,how-to-block,how to disable ad blocker on chrome,2900,41,1.65,1,False
27.2,competitors,quit zoloft cold turkey,720,17,0.24,2,False
27.2,competitors,cold turkey uninstaller,590,11,0.0,1,False
27.2,competitors,youversion beyond a billion,480,5,0.0,2,False
27.1,other,bible niv app,2900,37,1.33,2,False
27.1,other,focus friend app,2400,31,0.0,3,False
27.1,bible-study,bible study on isaiah,1000,11,0.74,1,False
27.1,bible-study,bible study on hebrews,880,8,1.04,1,False
27.1,devotionals,daily strength for women devotional,720,0,0.21,1,False
27.1,bible-study,bible study on faith,590,0,2.79,1,False
27.1,prayers,powerful praise and worship prayer,590,0,2.77,1,False
27.0,platform,addon blocker chrome,27100,70,3.04,1,False
27.0,verse-display,verse of the day today,2400,51,16.16,2,False
27.0,verse-display,today's verse of the day,2400,51,16.16,1,False
27.0,bible-study,navigator bible reading plan,1600,25,1.65,3,False
27.0,how-to-other,how to focus better,1600,27,2.78,2,False
27.0,bible-study,bible recap reading plan,1300,28,6.44,2,False
27.0,prayers,short prayer for peace of mind,880,6,0.12,1,False
27.0,prayers,most powerful miracle prayer,720,0,0.19,4,False
27.0,prayers,most powerful miraculous prayer,720,0,0.19,1,False
27.0,devotionals,good daily devotional for women,720,3,1.32,1,False
26.9,addiction,what does doomscrolling mean,1900,34,0.02,2,False
26.9,christian-apps,christian apparel for women,1900,39,2.1,1,False
26.9,bible-verses,bible passages about lying and deceit,720,0,0.02,1,False
26.9,prayers,powerful morning prayer for my family,720,0,0.05,1,False
26.9,prayers,intercessory prayer verse,720,0,0.03,2,False
26.9,catholic,examination of conscience pdf,720,3,0.08,1,False
26.9,how-to-other,how to get more credit limit,720,21,11.04,1,False
26.9,audiences,youth ministry curriculum,720,15,7.18,3,False
26.9,audiences,christian marriage anniversary wishes,720,0,0.09,1,False
26.9,christian-apps,subsplash church app,590,28,13.2,1,False
26.9,verse-display,wallpaper christian lacroix,480,0,1.66,2,False
26.8,parental,software parental control,6600,62,4.61,3,False
26.8,other,screen time management app,3600,46,4.73,2,True
26.8,how-to-other,how to get a high credit limit,1000,30,14.46,1,False
26.8,bible-verses,bible passages about moses,720,0,0.0,1,False
26.8,prayers,holden evening prayer,720,0,0.0,1,False
26.8,prayers,prayer when breaking fast,720,0,0.0,2,False
26.8,devotionals,a quiet time rdr2,720,0,0.0,2,False
26.8,other,cash app afterpay limit,720,0,0.0,1,False
26.8,how-to-other,how to focus oculory skyrim,720,0,0.0,3,False
26.8,adult-blocking,define accountability partner,390,6,0.0,1,False
26.8,prayers,powerful prayer for tithes and offering,320,0,14.64,1,False
26.8,how-to-other,how to focus on schoolwork,320,0,17.14,1,False
26.7,prayers,powerful prayer for strength and guidance,590,1,2.78,1,False
26.7,competitors,freedom health portal login app,390,0,0.0,4,False
26.6,other,do cash app have a limit,880,19,6.14,2,False
26.6,prayers,short prayer of blessing,720,1,0.15,3,False
26.6,prayers,prayer when sad,720,1,0.14,1,False
26.6,bible-study,young adult bible study topics,390,0,8.31,6,False
26.5,christian-apps,new international version bible app,2900,46,1.33,1,False
26.5,prayers,intercessory prayer church,480,0,5.03,3,False
26.5,bible-verses,daily text message bible verse,480,0,4.98,1,False
26.4,bible-study,resources for bible study,9900,60,3.57,1,False
26.4,catholic,lent catholicism,6600,54,1.76,2,False
26.4,prayers,when is national prayer day,2400,32,0.0,5,False
26.4,how-to-other,how to focus and concentrate better,1600,28,2.78,2,False
26.4,audiences,eastern orthodox church leaders,880,7,0.0,1,False
26.4,how-to-other,how to find limit as x approaches infinity,720,1,0.0,2,False
26.4,christian-apps,morning christian meditation,390,0,1.71,1,False
26.4,bible-study,bible study spiritual growth,320,1,15.11,4,False
26.3,other,blocker site,14800,63,1.44,1,False
26.3,prayers,night prayer sunday,1000,11,0.07,3,False
26.3,prayers,prayer when going to sleep,880,8,0.33,1,False
26.3,parental,why is the bark app bad,320,0,3.17,1,False
26.2,bible-study,bible study on book of matthew,1000,15,1.79,2,False
26.2,bible-study,bible study on matthew,1000,15,1.79,1,False
26.2,how-to-other,how to increase apple card limit,1000,11,0.0,1,False
26.2,other,screen time unlock app,880,21,6.95,1,False
26.2,prayers,prayer when studying,720,6,1.92,1,False
26.2,audiences,youth ministry games for small groups,590,0,1.88,1,False
26.2,bible-study,bible study on focus,480,0,4.67,1,False
26.2,competitors,clearspace app,480,14,3.02,1,False
26.2,how-to-other,how to say focus in spanish,390,0,7.9,1,False
26.2,competitors,hallow app celebrities,320,2,2.86,1,False
26.2,adult-blocking,covenant eyes alternative,170,0,8.21,5,False
26.1,how-to-block,how to quit vim,3600,44,0.0,2,False
26.1,prayers,evening prayer before bed,880,8,0.09,1,False
26.1,prayers,evening prayer before sleep,880,8,0.09,1,False
26.1,prayers,evening prayer before sleeping,880,8,0.09,1,False
26.1,blocker-tools,screen time app for android,590,24,4.61,5,False
26.0,other,app to manage screen time,3600,47,4.73,2,False
26.0,other,free screen mirroring app,2900,39,1.51,3,False
26.0,prayers,powerful friday morning prayer,880,8,0.07,1,False
26.0,other,content blocker,880,21,6.72,7,False
26.0,how-to-other,how to request credit limit increase apple card,880,8,0.0,1,False
26.0,prayers,aa evening prayer,590,0,1.72,1,False
26.0,prayers,prayer when feeling overwhelmed,590,0,1.69,1,False
26.0,adult-blocking,canopy parental control app,480,21,3.64,1,False
26.0,devotionals,devotional on peace,390,0,7.56,1,False
25.9,prayers,prayer journal men,590,0,1.59,2,False
25.9,prayers,men's prayer journal,590,0,1.59,1,False
25.9,platform,productivity ipad app,590,4,3.33,4,False
25.9,how-to-other,how to change screen time password on iphone,590,4,3.32,1,False
25.8,other,google safe web browsing,12100,67,9.14,1,False
25.8,addiction,record screen free,4400,56,4.94,4,False
25.8,addiction,screen free recorder,4400,56,4.94,1,False
25.8,prayers,simple short thanksgiving prayer,1000,12,0.06,2,False
25.8,audiences,christian marriage ring,590,0,1.48,1,False
25.8,competitors,brick app reddit,260,3,5.85,2,False
25.7,addiction,recording screen free,4400,56,4.82,1,False
25.7,prayers,powerful prayer to sacred heart of jesus,720,5,0.94,2,False
25.7,adult-blocking,how much is covenant eyes,260,0,1.54,1,False
25.6,how-to-other,how to adjust screen time on iphone,880,16,3.41,1,False
25.6,prayers,when 2 or more come together in prayer,720,3,0.01,1,False
25.6,prayers,when two or more come together in prayer,720,3,0.01,1,False
25.6,how-to-other,how to defrost a turkey in cold water,720,3,0.05,1,False
25.6,audiences,marriage card christian,590,0,1.28,2,False
25.6,audiences,christian marriage wedding card,590,0,1.28,1,False
25.6,audiences,christian marriage invitation card,590,0,1.28,1,False
25.5,catholic,fathers of mercy examination of conscience,590,0,0.0,3,False
25.5,audiences,marriage conference christian,590,0,1.24,3,False
25.4,blocker-tools,website blocker,5400,61,2.78,11,False
25.4,blocker-tools,internet site blocker,5400,61,2.78,2,False
25.4,other,youtube app ad blocker,1600,29,2.35,3,False
25.4,bible-study,most accurate chronological bible reading plan pdf,1000,17,2.01,1,False
25.4,bible-study,bible study on the book of titus,590,0,1.13,1,False
25.4,bible-study,bible study on the book of luke,590,0,1.05,1,False
25.4,competitors,brick app review,320,0,1.21,2,True
25.3,competitors,cold turkey by john lennon,720,20,0.0,1,False
25.3,bible-study,bible study on the book of galatians,590,0,0.96,1,False
25.3,bible-study,bible study on galatians,590,0,0.96,1,False
25.3,other,christian movies for teens,590,0,0.99,2,False
25.3,competitors,cold turkey quitting,590,34,40.25,2,False
25.3,competitors,cold turkey quit,590,34,40.25,1,False
25.3,verse-display,girly christian wallpaper,480,0,0.07,1,False
25.3,competitors,freedom church app,260,7,7.34,1,False
25.2,christian-apps,bible app king james version,3600,52,2.13,3,False
25.2,how-to-other,how to better concentrate,1600,30,2.78,2,False
25.2,prayers,the most powerful healing prayer by padre pio,720,4,0.04,1,False
25.2,verse-display,lockscreen aesthetic bible verse wallpaper,480,0,0.0,1,False
25.2,verse-display,lock screen aesthetic bible verse wallpaper pink,480,0,0.0,1,False
25.2,verse-display,lock screen aesthetic bible verse wallpaper,480,0,0.0,1,False
25.2,verse-display,cute pink bible verse wallpaper,480,0,0.02,1,False
25.2,verse-display,bible verse background wallpaper,480,0,0.03,1,False
25.2,verse-display,daily bible verse k love,480,0,0.0,3,False
25.2,verse-display,daily bible verse klove,480,0,0.0,1,False
25.2,verse-display,simple christian wallpaper,480,0,0.0,1,False
25.2,verse-display,why is the time faded on my iphone lock screen,480,0,0.0,1,False
25.2,parental,bark app vs bark phone,320,0,2.05,2,False
25.1,other,detox digital,5400,52,2.58,1,True
25.1,other,screen time limit,3600,46,2.89,20,True
25.1,blocker-tools,digital wellbeing tool,880,27,0.0,2,False
25.1,audiences,orthodox church leaders,880,10,0.0,1,False
25.1,prayers,easter short prayer,720,4,0.0,3,False
25.1,devotionals,devotional for families,720,6,0.82,1,False
25.1,devotionals,devotional on family,720,6,0.82,2,False
25.1,devotionals,devotional on hope,320,0,9.64,1,False
25.1,other,bible studies on spiritual growth,320,4,15.11,2,False
25.1,prayers,theo: prayer app,320,4,17.51,1,False
25.0,prayers,when is dhuhr prayer,2900,45,4.96,1,False
25.0,bible-study,bible study on heaven,590,0,0.72,1,False
25.0,bible-study,bible study on lent,590,0,0.72,1,False
25.0,prayers,prayer when lighting yahrzeit candle,390,0,6.41,1,False
25.0,parental,dog bark app,390,5,1.36,1,False
24.9,how-to-other,how to memorize bible verses,1600,30,2.42,3,False
24.9,prayers,short christmas prayer,1000,14,0.06,5,False
24.9,prayers,short xmas prayer,1000,14,0.06,1,False
24.9,bible-study,bible study on christmas,590,0,0.65,1,False
24.9,bible-study,bible study on ecclesiastes,590,2,1.37,1,False
24.9,prayers,guided prayer journal,590,0,0.58,1,False
24.9,prayers,prayer journal guide,590,0,0.58,1,False
24.9,devotionals,faith to faith devotional for today,590,4,2.26,1,False
24.9,audiences,liberal youth ministry,590,1,1.02,1,False
24.8,platform,android app control parental,8100,62,7.13,3,False
24.8,bible-study,52-week bible reading plan,1000,16,0.89,3,False
24.8,parental,kidslox parental control app,720,22,1.35,1,False
24.8,audiences,christian marriage ceremonies,590,0,0.55,1,False
24.8,bible-verses,powerful morning prayer scripture,480,0,3.21,1,False
24.8,verse-display,daily bible verse text message,480,12,4.98,2,False
24.8,blocker-tools,fitness focus app,140,0,24.58,1,False
24.7,how-to-other,how to say divine mercy chaplet,5400,,0.47,1,False
24.7,prayers,salat al-istikhara how to pray,3600,,6.0,2,False
24.7,other,app for christian,1000,23,4.45,1,False
24.7,how-to-other,how to stay focus when studying,590,13,6.48,1,False
24.7,competitors,wake forest app,390,26,14.34,1,False
24.7,blocker-tools,super productivity app,320,23,19.26,1,False
24.7,audiences,youth ministry ideas,320,0,9.14,3,False
24.6,blocker-tools,website blocker apps for iphone,880,28,0.0,4,False
24.6,devotionals,daily strength for men devotional,720,6,0.34,1,False
24.6,bible-verses,bible passages about volunteering,390,0,5.92,1,False
24.6,verse-display,hd christian wallpaper,320,0,4.66,5,False
24.6,blocker-tools,cold turkey website blocker,260,0,2.16,1,False
24.5,christian-apps,king james holy bible app,5400,59,2.69,1,False
24.5,other,verses bible memory,1600,34,4.6,2,False
24.5,prayers,short strength prayer,1000,15,0.16,2,False
24.5,prayers,evening prayer today catholic,590,16,7.94,5,False
24.5,catholic,first friday devotion in the catholic church,590,5,1.02,1,False
24.5,christian-apps,christian app,590,26,7.33,3,False
24.4,how-to-other,how to thaw turkey in cold water,720,6,0.05,2,False
24.4,other,passages in the bible about healing,590,0,0.06,1,False
24.4,prayers,short prayer for mothers,590,0,0.09,1,False
24.4,prayers,short prayer quotes,590,0,0.07,2,False
24.4,audiences,liberal youth ministry chivas,590,0,0.15,2,False
24.4,prayers,gwen stefani prayer app,590,5,2.22,1,False
24.4,addiction,social media addiction rehab,210,0,9.62,2,False
24.3,verse-display,encouragement bible verse of the day,1600,34,0.63,3,False
24.3,how-to-other,how to develop focus and concentration,1000,23,4.02,2,False
24.3,prayers,encouragement powerful morning prayer,880,12,0.08,1,False
24.3,how-to-other,how to up my credit limit capital one,880,21,4.61,1,False
24.3,bible-verses,bible passages about mary,590,0,0.02,1,False
24.3,prayers,short lent prayer,590,0,0.0,1,False
24.3,prayers,most powerful prayer in the bible,590,0,0.0,2,False
24.3,prayers,when was prayer removed from schools,590,0,0.0,1,False
24.3,prayers,when does fajr prayer end,590,0,0.0,1,False
24.3,devotionals,new morning mercies daily devotional,590,1,0.38,1,False
24.3,other,spiritual discipline book,590,1,0.42,3,False
24.3,how-to-other,how to focus oculory,590,0,0.0,2,False
24.3,bible-verses,bible verse die daily,590,0,0.0,2,False
24.3,audiences,christian marriage reddit,590,0,0.0,1,False
24.3,platform,what is user authentication on iphone screen time,590,0,0.0,1,False
24.3,how-to-other,how to make time bigger on iphone lock screen,590,0,0.0,1,False
24.2,addiction,cell phone addiction,1300,35,2.78,5,True
24.2,bible-verses,bible passages about parents,480,1,2.99,1,False
24.2,blocker-tools,how to block apps on app store,390,14,2.77,1,False
24.2,bible-verses,spiritual discipline scripture,260,0,14.64,2,False
24.2,other,spiritual discipline in the bible,260,0,14.64,2,False
24.2,bible-verses,16 bible verses about spiritual growth,260,0,203.35,1,False
24.1,devotionals,upper room daily devotional today,12100,67,6.98,3,False
24.1,how-to-block,how to reduce stressors,12100,66,2.85,1,False
24.1,how-to-block,how to reduce stress,12100,66,2.85,4,False
24.1,blocker-tools,ad block apps for android,6600,66,4.55,1,False
24.1,platform,content blocker apps for iphone,590,14,6.33,5,False
24.1,how-to-other,how to stay focus at work,590,7,2.73,1,False
24.1,how-to-other,how to concentrate when reading,480,0,2.41,1,False
24.1,adult-blocking,accountability partner definition,390,12,0.0,1,False
24.1,how-to-other,how to fix out of focus photos in photoshop,320,4,10.52,1,False
24.1,competitors,how to cancel hallow app,260,4,4.37,1,False
24.0,prayers,devotional on prayer,1600,34,4.01,2,False
24.0,catholic,examination of conscience for teens,880,15,0.02,2,False
24.0,competitors,stopping caffeine cold turkey,590,18,0.08,1,False
24.0,addiction,how to break addiction to social media,320,3,4.17,4,False
23.9,verse-display,verse of the day niv version,3600,60,18.72,1,False
23.9,verse-display,niv bible verse of the day,3600,60,18.72,2,False
23.9,verse-display,niv verse of the day,3600,60,18.72,2,False
23.9,verse-display,nlt verse of the day,3600,60,18.72,1,False
23.9,how-to-other,how to concentrate when studying,880,21,4.17,1,False
23.9,prayers,when 2 or more gather in prayer,720,7,0.01,1,False
23.9,bible-study,bible study on discipleship,480,0,2.16,1,False
23.8,prayers,daily prayer catholic,9900,61,1.87,12,False
23.8,parental,parental control app for teenager,1900,51,7.6,1,False
23.8,prayers,short healing prayer,1300,24,0.54,5,False
23.8,how-to-other,how to boost concentration and focus,1000,24,4.02,2,False
23.8,bible-study,bible study on titus,590,4,1.13,1,False
23.8,competitors,brick phone app,590,21,1.43,2,False
23.8,bible-verses,great bible verses to memorize,480,0,2.03,1,False
23.8,prayers,personalized prayer journal,480,0,2.03,1,False
23.8,prayers,customizable prayer journal,480,0,2.03,1,False
23.8,prayers,custom prayer journal,480,0,2.03,1,False
23.8,prayers,personal prayer journal,480,0,2.03,1,False
23.8,prayers,personalised prayer journal,480,0,2.03,1,False
23.8,blocker-tools,bloom app blocker,480,18,1.56,1,False
23.8,adult-blocking,adult content blocker,390,25,6.53,2,False
23.7,bible-verses,daily king james bible verse,4400,50,1.99,1,False
23.7,audiences,classes for youth ministry,1000,21,2.22,1,False
23.7,other,cash app deposit limit,880,13,0.0,2,False
23.7,bible-study,bible in 90 days reading plan,720,13,2.48,1,False
23.7,verse-display,daily bible verse prayer,720,20,2.33,3,False
23.7,bible-study,bible study on proverbs 31,480,0,1.92,1,False
23.7,competitors,freedom walk boston app,480,17,1.89,1,False
23.7,competitors,freedom trail app,480,17,1.89,2,False
23.7,other,spiritual growth meaning,390,13,26.47,3,False
23.7,how-to-block,how to block certain apps on iphone,390,0,2.14,1,False
23.7,addiction,phone addiction reddit,390,0,0.0,2,False
23.7,adult-blocking,how much does covenant eyes cost,210,0,2.12,1,False
23.6,audiences,youth ministry logo,480,0,1.83,1,False
23.6,verse-display,orthodox christian wallpaper,390,0,0.97,1,False
23.6,devotionals,devotional on leadership,320,0,7.7,1,False
23.6,addiction,how to stop social media addiction,320,4,4.17,2,False
23.6,adult-blocking,porn blocker for pc,110,0,12.43,1,False
23.6,adult-blocking,canopy vs covenant eyes,110,0,12.1,1,True
23.5,platform,ad blocker from chrome,6600,57,2.82,1,False
23.5,prayers,when is maghrib prayer,720,8,0.0,1,False
23.5,verse-display,christian macbook wallpaper,390,1,1.24,1,False
23.5,addiction,social media addiction lawyer,170,0,16.93,1,False
23.4,audiences,youth ministry outdoor games,480,0,1.64,3,False
23.3,bible-study,short memory verses,480,0,1.47,2,False
23.3,how-to-block,how to turn off personal focus on iphone,480,2,0.0,1,False
23.3,devotionals,devotional on forgiveness,320,0,7.32,1,False
23.3,other,christian anxiety meditation,320,0,7.22,1,False
23.3,adult-blocking,porn blocker chrome,170,3,6.04,2,False
23.2,devotionals,joel osteen devotional for today,1000,19,0.68,1,False
23.2,prayers,short birthday prayer,720,9,0.08,2,False
23.2,audiences,christian quotes about marriage,590,3,0.09,2,False
23.2,blocker-tools,hank green focus app,480,16,0.0,1,False
23.2,audiences,youth ministry group names,390,0,4.23,1,False
23.2,audiences,youth ministry names,390,0,4.23,2,False
23.2,adult-blocking,adult content blocker chrome,170,5,6.87,1,False
23.1,devotionals,daily devotional today,27100,75,6.99,3,False
23.1,competitors,youversion bible app iphone,1900,45,0.52,2,False
23.1,bible-study,365 day bible reading plan,1000,20,1.05,3,False
23.1,prayers,short prayer for healing and recovery for friend,1000,18,0.06,1,False
23.1,prayers,when was prayer taken out of schools,590,3,0.0,2,False
23.1,bible-study,bible study on spiritual warfare,480,0,1.32,1,False
23.1,competitors,get brick app,480,16,0.77,5,False
23.1,addiction,apps to replace doomscrolling,260,0,4.7,3,False
23.1,adult-blocking,does covenant eyes monitor apps,170,0,4.36,1,False
23.0,verse-display,bible inspirational verse of the day,9900,71,10.89,4,False
23.0,prayers,evening prayer before bedtime,880,15,0.09,1,False
23.0,prayers,powerful sunday morning prayer,590,13,4.4,1,False
23.0,devotionals,devotional on faith,320,3,8.36,1,False
22.9,how-to-block,how to quit anxiety,8100,63,3.21,1,False
22.9,audiences,elevation church pastors,2900,45,2.52,1,False
22.9,bible-study,m'cheyne bible reading plan,1600,32,1.43,1,False
22.9,bible-study,bible study on psalm 23,480,0,1.11,2,False
22.9,other,spiritual discipline list,480,14,7.87,1,False
22.9,bible-study,men's bible study topics,390,0,3.86,2,False
22.9,other,cash app $200 overdraft limit,390,0,3.81,1,False
22.9,addiction,opposite of doomscrolling,390,2,0.0,1,False
22.8,prayers,when is zuhr prayer,2900,48,4.96,1,False
22.8,prayers,when does isha prayer start,590,4,0.0,1,False
22.8,prayers,prayer journal prompts,480,0,1.02,2,False
22.8,blocker-tools,website blocker google chrome,480,23,3.14,3,False
22.8,verse-display,cute girly bible verse wallpaper,390,0,0.13,1,False
22.8,christian-apps,mindful christian meditation,210,2,7.14,1,False
22.7,prayers,prayer when hanging a mezuzah,480,0,0.85,1,False
22.7,prayers,5 year prayer journal,480,0,0.82,2,False
22.7,verse-display,bible verse jesus wallpaper aesthetic,390,0,0.0,1,False
22.7,verse-display,cute christian wallpaper for laptop,390,0,0.0,1,False
22.7,verse-display,girly christian phone wallpaper,390,0,0.0,1,False
22.7,verse-display,aesthetic christian wallpaper laptop,390,0,0.0,1,False
22.7,verse-display,christian easter desktop wallpaper,390,0,0.0,1,False
22.7,verse-display,dark aesthetic christian wallpaper,390,0,0.0,1,False
22.7,verse-display,why is my time blurred on iphone home screen,390,0,0.0,1,False
22.6,other,apps to block youtube ads,1600,34,2.35,1,False
22.6,devotionals,insight for living daily devotional,1300,42,29.77,1,False
22.6,bible-study,bible study on 23rd psalm,480,1,1.11,2,False
22.6,prayers,prayer when you lose something,390,0,3.45,2,False
22.6,prayers,intercessory prayer for pastors,260,0,9.69,1,False
22.5,audiences,marriage quote christian,590,5,0.09,11,False
22.5,bible-study,bible study on names of god,480,0,0.6,2,False
22.5,bible-verses,bible passages about caring for others,320,0,6.16,1,False
22.4,parental,parental control program,6600,66,4.61,2,False
22.4,bible-verses,powerful prayer scriptures in the bible,390,0,3.22,1,False
22.4,bible-verses,powerful prayer scriptures,390,0,3.22,1,False
22.4,other,definition spiritual growth,390,16,26.47,3,False
22.4,christian-apps,faith app,390,19,6.54,1,True
22.3,how-to-other,how to set screen time on ipad,590,6,0.34,2,False
22.2,other,employment for pastors,5400,57,4.01,1,False
22.2,catholic,examination of conscience before confession,720,18,1.97,1,False
22.2,bible-verses,bible passages about marriage and divorce,480,7,3.27,1,False
22.2,addiction,phone addiction blocker,480,10,0.0,1,True
22.2,bible-study,what are good topics for bible study for adults,390,0,3.01,1,False
22.2,addiction,doomscrolling meme,390,4,0.0,2,False
22.2,competitors,screenzen halo,260,2,1.33,1,False
22.1,parental,app android parental control,8100,70,7.13,37,False
22.1,prayers,when is isha prayer today,4400,61,12.04,1,False
22.1,prayers,when is isha prayer,4400,61,12.04,1,False
22.1,platform,app productivity iphone,720,20,4.19,4,False
22.1,blocker-tools,opal app blocker,320,16,3.94,1,False
22.0,verse-display,bible verse of the day nlt,3600,62,18.72,1,False
22.0,prayers,when is zuhr prayer today,1600,36,2.95,1,False
22.0,prayers,short peace prayer,720,12,0.13,3,False
22.0,prayers,the prayer of a righteous man is powerful,590,6,0.0,1,False
22.0,prayers,the prayer of a righteous person is powerful and effective,590,6,0.0,1,False
22.0,parental,bark app for android,590,24,1.98,2,False
22.0,prayers,most powerful prayer,480,0,0.07,3,False
22.0,prayers,prayer when overwhelmed,480,0,0.06,1,False
22.0,prayers,prayer when lighting a candle,480,0,0.08,1,False
22.0,verse-display,daily bible verse widget,480,13,2.13,5,False
22.0,blocker-tools,focus app mac,260,15,6.38,2,False
21.9,how-to-other,how to stress reduce,12100,66,2.85,1,False
21.9,audiences,christian jewelry for women,1600,34,1.55,1,False
21.9,other,screen time tracker app,720,19,3.42,1,False
21.9,bible-study,bible study on easter,480,0,0.0,1,False
21.9,prayers,powerful prayer to pass an exam,480,0,0.0,1,False
21.9,prayers,40 powerful prayer points,480,0,0.0,1,False
21.9,prayers,prayer for cats when sick,480,0,0.0,1,False
21.9,prayers,when to pray tahajjud prayer,480,0,0.0,1,False
21.9,prayers,when to perform tahajjud prayer,480,0,0.0,1,False
21.9,devotionals,lynette kittle morning devotional,480,0,0.0,1,False
21.9,devotionals,quiet time sesame street,480,0,0.0,3,False
21.9,other,what time is quiet hour,480,0,0.0,2,False
21.9,other,spiritual growth tattoo,480,0,0.0,4,False
21.9,devotionals,advent devotional family,480,0,0.0,4,False
21.9,devotionals,advent devotional for families,480,0,0.0,1,False
21.9,other,focus flight app,480,0,0.0,1,False
21.9,other,cash app overdraft limit,480,0,0.0,1,False
21.9,addiction,phone addiction treatment,480,27,9.13,2,True
21.9,how-to-other,how to focus microscope,480,0,0.0,5,False
21.9,how-to-other,how to make tea concentrate,480,0,0.0,2,False
21.9,how-to-other,how to make chai concentrate from tea bags,480,0,0.0,2,False
21.9,how-to-other,how to play concentrate game,480,0,0.0,2,False
21.9,audiences,youth ministry christmas games,480,0,0.0,2,False
21.9,bible-verses,bible verse for church leaders,480,0,0.03,3,False
21.9,bible-verses,scripture for church leaders,480,0,0.03,2,False
21.9,bible-verses,bible verse about church leaders,480,0,0.03,4,False
21.9,bible-verses,verses for leaders in the church,480,0,0.03,1,False
21.9,bible-verses,verses about church leaders,480,0,0.03,1,False
21.9,audiences,church leaders verses,480,0,0.03,1,False
21.9,how-to-other,how to clear screen time on iphone,480,0,0.0,1,False
21.9,christian-apps,christian meditation for sleep and anxiety,260,0,2.09,1,False
21.9,competitors,freedom debt relief app,210,14,10.22,2,False
21.8,prayers,short powerful night prayer,880,18,0.25,1,False
21.8,how-to-other,how to set up screen time on iphone,720,18,2.84,1,False
21.8,verse-display,pray daily bible verse,720,24,2.33,1,False
21.8,addiction,gaming addiction reddit,260,1,3.46,1,False
21.7,competitors,youversion login,1600,44,0.42,1,False
21.7,bible-study,365 daily bible reading plan,1000,23,1.05,1,False
21.7,how-to-other,how to add bible verse widget lock screen,480,5,1.8,1,False
21.7,catholic,living faith daily catholic devotion,320,15,16.28,1,False
21.7,bible-verses,1000 bible verses to memorize pdf,210,0,29.07,1,False
21.7,prayers,patty's prayer journal,210,0,14.26,1,False
21.7,devotionals,seventh day adventist morning devotional,210,0,29.18,1,False
21.7,audiences,bethel church leaders,210,0,15.34,1,False
21.7,adult-blocking,uninstalling covenant eyes,210,0,0.0,1,False
21.7,adult-blocking,delete covenant eyes,210,0,0.0,2,False
21.7,adult-blocking,uninstall covenant eyes,210,0,0.0,3,False
21.7,adult-blocking,disable covenant eyes,210,0,0.0,1,False
21.7,adult-blocking,how to remove covenant eyes,210,0,0.0,1,False
21.7,adult-blocking,covenant eyes removal,210,0,0.0,1,False
21.6,bible-verses,bible verse daily,450000,83,13.73,2,True
21.6,bible-study,annual bible reading plan,12100,66,2.43,1,False
21.6,other,bible kjv app,3600,50,2.16,2,False
21.6,prayers,the prayer of a righteous man is powerful and effective,590,7,0.0,2,False
21.6,platform,forgotten screen time passcode iphone,590,7,0.0,2,False
21.6,prayers,powerful thursday morning prayer,480,6,2.13,1,False
21.6,prayers,prayer when nervous,480,1,0.07,1,False
21.6,adult-blocking,canopy app review,210,12,5.26,2,False
21.5,other,free screen record,4400,56,4.94,10,False
21.5,other,free screen recorder,4400,56,4.94,12,False
21.5,other,free screen recording,4400,56,4.94,8,False
21.5,bible-study,printable bible reading plan pdf,1000,25,1.91,1,False
21.5,prayers,powerful morning prayer to start the day,880,21,1.34,1,False
21.5,prayers,short prayer for family protection and guidance,720,16,1.4,1,False
21.5,other,cash app weekly limit,720,13,0.0,1,False
21.5,blocker-tools,site blocker firefox,390,17,1.1,3,False
21.5,how-to-other,how to make lemonade concentrate,260,0,7.97,2,False
21.5,how-to-other,how to make lemon concentrate,260,0,7.97,1,False
21.5,how-to-other,how to make lemonade from concentrate,260,0,7.97,1,False
21.5,addiction,cell phone addiction therapy,170,0,8.97,1,False
21.5,addiction,cell phone addiction rehab,170,0,8.97,2,False
21.4,devotionals,devotional for today,27100,75,4.7,1,False
21.4,how-to-block,how to reduce reflux,12100,67,1.05,1,False
21.4,devotionals,joel osteen daily devotional for today,1000,23,0.68,1,False
21.4,prayers,powerful evening prayer,720,15,0.82,1,False
21.4,competitors,hallow catholic prayer app,590,26,1.32,1,False
21.4,adult-blocking,victory shield covenant eyes,320,15,0.78,1,False
21.4,adult-blocking,screen accountability software,210,1,0.0,1,False
21.3,christian-apps,best bible app for study,1900,50,4.47,2,False
21.3,how-to-other,how to gain concentration and focus,1000,29,4.02,2,False
21.3,platform,forgot screen time passcode iphone,590,8,0.0,1,False
21.3,prayers,powerful saturday morning prayer,480,2,0.07,1,False
21.3,verse-display,daily bible verse text,480,20,4.98,2,False
21.3,other,fortiguard web filter lookup,320,7,8.12,1,False
21.3,how-to-other,how to focus better with adhd,320,0,4.58,1,False
21.3,blocker-tools,site blocker for google chrome,210,4,2.95,1,False
21.3,addiction,is the gaming addiction lawsuit real,140,0,69.02,1,False
21.2,prayers,catholic prayer and meditation app,9900,62,0.0,1,False
21.2,addiction,digital detox application,720,23,0.0,1,False
21.2,prayers,powerful prayer to st lucy,480,2,0.02,1,False
21.2,how-to-other,how to extend screen time on iphone,480,2,0.0,1,False
21.2,other,morning meditation christian,390,0,1.71,2,False
21.2,adult-blocking,covenant eyes screen accountability,170,0,1.99,1,False
21.1,other,visceral fat how to reduce,14800,68,1.83,1,False
21.1,platform,screen time setting iphone,720,18,1.9,3,False
21.1,addiction,quit phone addiction,480,16,1.47,2,False
21.1,competitors,youversion bible plan,480,22,1.42,2,False
21.1,bible-verses,most important bible verses to memorize pdf,390,0,1.65,1,False
21.1,prayers,prayer when lost something,390,0,1.7,2,False
21.1,competitors,forest river app,260,4,0.86,1,False
21.0,other,screen time tracking app,1300,32,1.92,2,False
21.0,bible-study,memory verses games,480,5,0.96,2,False
21.0,how-to-other,how to mix roundup concentrate,390,0,1.51,1,False
21.0,parental,bark app cost,390,15,1.43,2,False
21.0,devotionals,quiet time worship songs,210,2,25.32,2,False
21.0,adult-blocking,porn blocker firefox,140,0,4.35,2,False
20.9,blocker-tools,site blocker,14800,74,1.44,7,False
20.9,parental,android parental control application,8100,71,7.13,1,False
20.9,verse-display,daily bible verse motivation,1900,45,2.02,1,False
20.9,verse-display,daily bible verse encouragement,1900,45,2.02,3,False
20.9,devotionals,quiet time music,1000,23,0.06,2,False
20.9,prayers,short prayer sayings,590,9,0.07,1,False
20.9,prayers,when is tahajjud prayer,480,3,0.0,1,False
20.9,verse-display,daily bible verse by text,480,21,4.98,1,False
20.9,audiences,church leaders in the bible,480,3,0.03,1,False
20.9,blocker-tools,top productivity app,260,26,13.4,1,False
20.9,blocker-tools,website blocker router,210,0,0.78,1,False
20.9,christian-apps,mindfulness christian meditation,210,7,7.14,1,False
20.8,blocker-tools,plugin to block websites,1300,46,2.48,1,False
20.8,parental,airdroid parental control app,720,35,4.57,1,False
20.8,addiction,how to get rid of phone addiction,390,11,1.38,3,False
20.8,how-to-other,how to focus with add without medication,390,4,2.96,1,False
20.7,parental,parental control for screen time,8100,68,2.28,3,False
20.7,devotionals,utmost for his highest daily devotional,1000,24,0.42,3,False
20.7,bible-study,bible study on luke,590,12,1.05,1,False
20.7,catholic,catholic confession app,320,1,2.91,3,False
20.7,blocker-tools,ai productivity app,320,31,17.54,2,False
20.7,verse-display,motivational bible verse wallpaper,320,0,0.1,1,False
20.7,verse-display,christian quote wallpaper,320,0,0.14,4,False
20.7,how-to-other,how to concentrate more at work,260,0,6.85,1,False
20.7,audiences,youth ministry conference,210,3,18.51,2,False
20.7,addiction,therapy for social media addiction,140,1,11.49,1,False
20.6,devotionals,short daily devotional for today,9900,71,18.4,1,False
20.6,other,control parental software,6600,62,4.61,2,False
20.6,verse-display,kjv daily bible verse,4400,58,1.99,3,False
20.6,bible-study,materials for bible study,1900,42,3.09,1,False
20.6,other,cash app send limit,1600,34,0.0,2,False
20.6,adult-blocking,adult website blocker,480,34,5.26,1,False
20.6,devotionals,morning devotional message,390,17,9.73,2,False
20.6,competitors,how much does the hallow app cost,390,15,0.0,2,False
20.6,blocker-tools,productivity app android,320,23,6.01,6,False
20.6,verse-display,floral bible verse wallpaper,320,0,0.02,1,False
20.6,verse-display,fall bible verse wallpaper,320,0,0.0,1,False
20.6,verse-display,aesthetic pink bible verse desktop wallpaper,320,0,0.0,1,False
20.6,verse-display,blue bible verse wallpaper,320,0,0.01,1,False
20.6,verse-display,light blue bible verse wallpaper,320,0,0.01,1,False
20.6,verse-display,aesthetic bible verse wallpaper black,320,0,0.0,1,False
20.6,verse-display,pinterest christian wallpaper aesthetic,320,0,0.0,1,False
20.6,audiences,global youth ministry,320,3,5.05,1,False
20.6,competitors,hallow app free trial,320,11,0.63,1,False
20.5,how-to-other,how to increase screen time on iphone,590,10,0.0,1,False
20.5,bible-verses,bible passages about helping others in need,390,4,2.58,1,False
20.5,prayers,child's prayer journal,390,0,0.92,1,False
20.5,addiction,rehabilitation for gaming addiction,210,14,13.69,1,False
20.4,other,bible plan reading,8100,66,6.61,4,False
20.4,how-to-other,how to increase focus concentration,1000,31,4.02,3,False
20.4,how-to-other,how to enhance focus and concentration,1000,31,4.02,1,False
20.4,bible-study,bible study on 1st corinthians,390,0,0.84,1,False
20.4,blocker-tools,website blocker chrome android,390,22,2.3,4,False
20.4,how-to-block,how to limit screen time on ipad,320,3,2.18,1,False
20.4,devotionals,sda morning devotional,210,4,29.18,3,False
20.4,verse-display,bible verse macbook wallpaper,140,0,12.41,1,False
20.4,adult-blocking,ever accountable vs covenant eyes,110,0,7.12,1,False
20.3,bible-verses,bible verses for today morning,14800,71,5.09,1,False
20.3,blocker-tools,pomodoro technique for productivity,2900,56,0.0,1,False
20.3,verse-display,daily bible verse inspiring,1900,46,2.02,1,False
20.3,verse-display,daily bible verse inspiration,1900,46,2.02,1,False
20.3,how-to-other,how to request increase credit limit capital one,880,21,0.0,2,False
20.3,competitors,youversion bible study plans,590,26,0.0,1,False
20.3,bible-study,bible study on friends,390,0,0.62,1,False
20.3,bible-study,bible study on elijah,390,0,0.68,1,False
20.3,blocker-tools,site blocker firefox extension,390,18,0.25,1,False
20.3,how-to-other,how to focus better with add,320,3,4.58,1,False
20.3,addiction,internet addiction treatment,260,20,20.91,2,False
20.3,blocker-tools,hudl focus app,210,0,0.0,1,False
20.3,blocker-tools,work productivity app,170,17,16.18,2,False
20.2,parental,parental control for ios,6600,68,4.44,7,False
20.2,devotionals,daily devotional crosswalk,3600,50,0.52,2,False
20.2,prayers,when is dhuhr prayer today,880,39,13.01,1,False
20.2,other,cash app daily withdrawal limit,590,11,0.0,1,False
20.2,bible-study,bible study topics men,390,6,3.07,4,False
20.2,prayers,intercessory prayer book,390,0,0.59,4,False
20.1,catholic,catholic first friday devotion,590,16,1.02,3,False
20.1,bible-study,bible study on relationship,390,2,1.19,1,False
20.1,prayers,sample prayer journal,390,0,0.41,3,False
20.1,audiences,youth ministry icebreaker,320,0,2.91,4,False
20.1,audiences,ice breaker games for youth ministry,320,0,2.91,1,False
20.1,audiences,icebreaker games for youth ministry,320,0,2.91,1,False
20.1,adult-blocking,covenant eyes customer service,260,12,0.44,1,False
20.0,prayers,short prayer for friends,880,22,0.08,2,False
20.0,competitors,freedom camping app,880,41,3.82,1,False
20.0,addiction,addiction social media statistics,480,27,6.21,4,False
20.0,addiction,digital minimalism book,480,18,1.02,2,False
20.0,catholic,youth ministry catholic,480,19,5.19,2,False
20.0,prayers,powerful prayer for husband,390,0,0.29,2,False
20.0,other,spiritual growth books christian,390,0,0.36,5,False
20.0,blocker-tools,how to block apps ads iphone,390,23,2.44,1,False
20.0,addiction,technology addiction rehab,170,0,6.71,2,False
19.9,bible-verses,scripture about today,33100,78,5.63,1,False
19.9,bible-verses,scriptures for today,33100,78,5.63,1,False
19.9,how-to-block,how to reduce visceral belly fat,14800,71,1.83,1,False
19.9,how-to-block,how to quit snoring at night,2400,49,2.07,1,False
19.9,bible-study,mccheyne bible reading plan,1300,31,0.0,1,False
19.9,platform,blocker site chrome,880,26,2.06,1,False
19.9,prayers,powerful anointing prayer for home,390,0,0.13,1,False
19.9,how-to-other,how to change screen time passcode on iphone,390,6,2.68,1,False
19.9,audiences,spiritual growth activities for youth,320,0,2.67,2,False
19.9,audiences,youth ministry t shirt,320,0,2.74,4,False
19.9,audiences,youth ministry game ideas,320,0,2.64,2,False
19.9,blocker-tools,website blocker chrome mobile,260,14,2.95,1,False
19.9,blocker-tools,site blocker safari extension,260,11,1.49,2,False
19.9,competitors,hallow app mark wahlberg,210,3,1.63,2,False
19.8,bible-verses,daily encouragement bible verse,1900,42,2.02,1,False
19.8,other,screen time reduction app,480,17,5.26,1,False
19.8,parental,norton family parental control app,480,26,2.98,1,False
19.8,bible-verses,bible passages about commitment,390,0,0.03,1,False
19.8,bible-verses,bible passages about judgement,390,0,0.01,1,False
19.8,prayers,thankful evening prayer,390,0,0.06,1,False
19.8,prayers,luther's morning and evening prayer,390,0,0.06,1,False
19.8,other,app to limit social media usage,390,11,5.06,1,False
19.8,how-to-other,how to focus with adhd without medication,390,7,2.96,1,False
19.8,prayers,powerful prayer to jesus for a miracle,320,0,2.59,1,False
19.8,parental,how much is bark app,320,14,2.07,2,False
19.7,prayers,powerful morning prayer for protection,480,18,5.62,1,False
19.7,prayers,evening jewish prayer,390,0,0.0,3,False
19.7,prayers,evening prayer judaism,390,0,0.0,1,False
19.7,prayers,when is eid prayer,390,0,0.0,2,False
19.7,devotionals,quiet time clipart,390,0,0.0,1,False
19.7,devotionals,quiet time clip art,390,0,0.0,1,False
19.7,how-to-other,how to equip focus lens warframe,390,0,0.0,1,False
19.7,audiences,salt and light youth ministry,390,0,0.0,1,False
19.7,how-to-block,how to turn off sleep focus,320,0,0.0,1,False
19.7,devotionals,devotional on spring,210,0,8.63,1,False
19.7,christian-apps,building a church app,110,0,20.43,1,False
19.6,devotionals,devotional for teens,720,20,1.11,1,True
19.6,prayers,st michael the archangel powerful prayer,590,13,0.17,1,False
19.6,competitors,youversion bible app for alexa,210,0,0.0,1,False
19.6,prayers,when you feel like giving up prayer,170,0,14.05,1,False
19.6,other,web filter for schools,170,0,47.96,1,False
19.6,audiences,church connect app,170,0,17.24,1,False
19.6,adult-blocking,covenant eyes reddit,170,0,0.0,1,False
19.5,other,king james bible version app,3600,53,2.16,2,False
19.5,other,is there a limit on cash app,880,23,0.0,1,False
19.5,bible-verses,give us this day our daily bread bible verse,480,7,0.0,1,False
19.5,other,christian standard communion meditation,320,0,2.11,1,False
19.5,prayers,when jummah prayer,260,0,5.05,2,False
19.4,other,cash app 7500 limit,590,13,0.0,1,False
19.4,bible-study,bible study on church,480,15,3.54,2,False
19.4,prayers,what is the most powerful prayer before surgery,390,1,0.0,1,False
19.4,how-to-other,how to increase cash app limit from 2500 to $7500,390,1,0.0,1,False
19.4,how-to-other,how to pronounce focus,390,1,0.0,1,False
19.4,other,web content filter,260,13,12.12,3,False
19.3,prayers,short evening prayer,480,8,0.1,1,False
19.3,competitors,freedom trail boston app,480,27,1.89,2,False
19.3,parental,how does the bark app work,320,15,1.81,2,False
19.3,addiction,phone addiction meme,260,0,0.0,2,False
19.3,addiction,bergen social media addiction scale,260,0,0.0,1,False
19.3,prayers,prayer when you feel overwhelmed,210,0,8.03,2,False
19.3,adult-blocking,download covenant eyes mac,170,2,0.52,5,False
19.2,other,screen record software free,4400,59,4.94,2,False
19.2,prayers,powerful night prayer for healing,720,19,0.08,1,False
19.2,devotionals,oswald chambers devotional for today,720,30,6.46,1,False
19.2,blocker-tools,firefox addon website blocker,390,21,0.25,2,False
19.2,bible-study,bible study youth topics,320,0,1.8,10,False
19.2,prayers,powerful morning prayer for my family and friends,320,0,1.79,1,False
19.1,verse-display,daily bible verse encouraging,1900,48,2.02,1,False
19.1,prayers,prayer journal example,390,3,0.41,5,False
19.1,prayers,echo prayer app,390,9,2.99,1,False
19.1,devotionals,devotional on psalms,320,0,1.67,1,False
19.1,adult-blocking,covenant eyes install,170,3,0.6,2,False
19.0,prayers,evening family prayer,590,15,0.35,3,False
19.0,bible-verses,important bible verses to memorize,320,0,1.45,1,False
19.0,other,important verses in the bible to memorize,320,0,1.45,1,False
19.0,devotionals,devotional on psalm 23,260,0,4.25,1,False
19.0,addiction,teenage phone addiction,260,11,4.39,1,False
19.0,christian-apps,youtube christian meditation,210,3,2.49,4,False
19.0,adult-blocking,porn blocker for mac,90,0,7.97,1,False
18.9,blocker-tools,pomodoro technique time,12100,74,1.36,1,False
18.9,other,spiritual growth quote,320,0,1.3,7,False
18.9,other,spiritual quotes about growth,320,0,1.3,2,False
18.9,other,maximum cash app borrow limit,320,1,1.82,1,False
18.9,prayers,saturday evening prayer,210,0,7.34,1,False
18.9,competitors,is hallow app catholic or christian,210,7,1.99,1,False
18.8,how-to-other,how to improve focus,1000,30,1.31,1,False
18.8,audiences,upci youth ministry,480,9,0.0,1,False
18.8,prayers,powerful morning prayer youtube,390,3,0.0,1,False
18.8,prayers,the most powerful healing prayer by st padre pio,390,3,0.01,1,False
18.8,platform,turn off screen time iphone,390,3,0.0,2,False
18.8,catholic,bulldog examination of conscience,320,0,0.01,1,False
18.8,bible-verses,bible passages about prayer,260,2,4.88,1,False
18.8,blocker-tools,focus app macbook,260,23,6.38,1,False
18.8,other,mindful meditation christian,210,0,7.14,2,False
18.8,addiction,cell phone addiction treatment,170,8,8.97,2,False
18.8,competitors,support hallow app,140,7,7.73,1,False
18.8,adult-blocking,ai accountability partner,90,0,7.64,1,False
18.7,how-to-other,how to find screen time on android,1000,28,0.0,2,False
18.7,other,software web filter,590,34,11.84,4,False
18.7,platform,where is screen time on iphone,590,15,0.0,1,False
18.7,addiction,digital minimalism cal newport,390,17,1.52,2,False
18.7,prayers,dutch sheets intercessory prayer,320,0,1.07,2,False
18.7,prayers,intercessory prayer by dutch sheets,320,0,1.07,1,False
18.7,audiences,reformed youth ministry,260,12,10.09,1,False
18.7,competitors,gwen stefani hallow app,260,9,0.0,2,False
18.7,competitors,forest river owner's manual app,210,13,4.62,1,False
18.7,blocker-tools,website blocker edge,170,5,2.76,2,False
18.6,bible-verses,daily kjv bible verse,4400,57,1.99,1,False
18.6,addiction,define doomscrolling,720,29,0.02,1,False
18.6,how-to-other,how to keep focus at work,590,21,2.73,1,False
18.6,catholic,roman catholic church leaders,590,18,0.0,1,False
18.6,other,christian music app,480,12,1.0,5,False
18.6,prayers,powerful prayer bible,390,11,3.22,3,False
18.6,devotionals,devotional on encouragement,320,15,8.33,1,False
18.6,other,christian cupid app,320,2,1.73,1,False
18.6,bible-verses,easiest bible verses to memorize,260,0,3.63,1,False
18.6,other,chromebook web filter,260,0,3.63,2,False
18.6,verse-display,positive faith bible verse wallpaper,260,0,0.04,1,False
18.6,verse-display,bible verse preppy wallpaper,260,0,0.01,3,False
18.6,verse-display,lock screen pink bible verse wallpaper,260,0,0.01,1,False
18.6,verse-display,coquette bible verse wallpaper,260,0,0.01,1,False
18.6,competitors,hallow app cost per month,140,4,5.8,1,False
18.5,audiences,church center app,6600,63,2.8,5,False
18.5,other,screen recorder software free,4400,60,4.94,1,False
18.5,prayers,powerful christian healing prayer,1300,36,1.17,1,False
18.5,addiction,mobile phone addiction,1300,45,2.78,4,False
18.5,bible-study,ascension bible in a year reading plan,880,29,1.84,1,False
18.5,bible-study,bible study on colossians,480,13,1.39,1,False
18.5,prayers,powerful forgiveness prayer,390,4,0.01,3,False
18.5,catholic,who are the leaders of the catholic church,390,7,0.0,1,False
18.5,prayers,prayer journal catholic,320,0,0.87,2,False
18.5,verse-display,aesthetic cross wallpaper with bible verse,260,0,0.0,1,False
18.5,verse-display,aesthetic bible verse collage wallpaper laptop,260,0,0.0,1,False
18.5,verse-display,cute christmas bible verse wallpaper,260,0,0.0,1,False
18.5,verse-display,cute lock screen bible verse wallpaper,260,0,0.0,1,False
18.5,verse-display,purple bible verse wallpaper,260,0,0.0,1,False
18.5,competitors,hallow prayer app cost,170,0,1.28,1,False
18.5,adult-blocking,apps like covenant eyes,70,0,11.41,1,False
18.4,catholic,usccb examination of conscience,880,28,0.0,2,False
18.4,how-to-block,how to disable focus on iphone,320,4,0.0,1,False
18.4,other,top christian parenting books,320,0,0.66,1,False
18.4,other,good christian parenting books,320,0,0.66,1,False
18.4,other,top rated christian parenting books,320,0,0.66,1,False
18.4,other,christian gifts for teens,320,0,0.75,1,False
18.4,audiences,church youth ministry activities,320,0,0.71,2,False
18.4,addiction,phone addiction signs,260,14,5.05,3,False
18.3,blocker-tools,pomodoro technique application,2900,61,2.21,1,False
18.3,bible-study,bible study on the book of ecclesiastes,590,19,1.37,1,False
18.3,other,app to limit phone usage,590,24,3.99,1,False
18.3,other,parenting christian,590,21,2.3,2,False
18.3,blocker-tools,freedom focus app,480,30,1.4,1,False
18.3,addiction,gaming addiction signs,390,22,3.6,4,False
18.3,other,memory card verses,320,0,0.55,1,False
18.3,bible-verses,verses for memory cards,320,0,0.55,1,False
18.3,devotionals,advent devotional book,320,0,0.61,2,False
18.3,other,web filter fortiguard,260,16,28.44,2,False
18.3,audiences,youth ministry clipart,210,0,6.37,1,False
18.3,audiences,youth ministry clip art,210,0,6.37,1,False
18.2,bible-verses,daily motivation bible verse,1900,45,2.02,1,False
18.2,bible-verses,daily prayer bible verse,720,26,2.33,4,False
18.2,catholic,catholic church leaders,590,19,0.0,2,False
18.2,bible-study,bible study on the book of colossians,480,14,1.39,1,False
18.2,how-to-other,how to view screen time on iphone,480,11,0.0,1,False
18.2,how-to-other,how to remove focus on iphone,390,5,0.0,1,False
18.2,audiences,who are the leaders of the mormon church,390,5,0.0,1,False
18.2,bible-verses,bible passages about the kingdom of god,320,0,0.37,1,False
18.2,catholic,ascension catholic bible app,320,2,0.0,1,False
18.2,how-to-other,how to use redken acidic bonding concentrate,320,0,0.38,1,False
18.2,how-to-other,how to put bible verse on lock screen,320,4,2.09,1,False
18.2,other,good christian books for teens,320,0,0.43,1,False
18.2,other,christian social app,320,7,3.35,1,False
18.2,other,fast for spiritual growth,260,0,3.08,1,False
18.2,prayers,prayer when you can't sleep,210,0,6.2,3,False
18.2,devotionals,devotional on patience,210,0,6.18,1,False
18.1,blocker-tools,block apps,3600,65,3.71,2,False
18.1,verse-display,encouraging verse of the day,1600,45,0.63,2,False
18.1,other,cash app transfer limit,1300,35,0.0,1,False
18.1,other,bark phone app,1000,32,1.51,2,False
18.1,how-to-other,how to setup screen time on iphone,720,27,2.84,1,False
18.1,how-to-other,how to turn on screen time on iphone,480,16,2.16,1,False
18.1,prayers,powerful prayer during fasting,320,0,0.26,1,False
18.1,prayers,prayer for protection when travelling,320,0,0.23,1,False
18.1,prayers,prayer for protection when traveling,320,0,0.23,1,False
18.1,other,christian fiction books for teens,320,0,0.35,2,False
18.1,bible-study,bible study topics for teens,260,0,3.01,1,False
18.1,bible-study,teenage bible study topics,260,0,3.01,1,False
18.1,audiences,youth ministry fundraiser ideas,260,0,2.97,1,False
18.1,audiences,youth ministry fundraising ideas,260,0,2.97,2,False
18.0,platform,ads blocker app for android,6600,65,4.55,1,False
18.0,blocker-tools,app blocker,4400,67,3.38,8,False
18.0,addiction,define nomophobia,590,26,0.0,1,False
18.0,how-to-other,how to increase focus and concentration while studying,480,19,3.7,2,False
18.0,bible-verses,scriptures to read when fasting for spiritual growth,170,5,21.82,1,False
18.0,other,cloud-based web filter,170,0,9.05,2,False
17.9,prayers,when is prayer time,1000,30,0.0,3,False
17.9,how-to-other,how to focus binoculars,390,6,0.04,2,False
17.9,other,i have made a covenant with my eyes,390,6,0.0,1,False
17.9,prayers,youtube evening prayer,320,0,0.0,2,False
17.9,prayers,powerful prayer to our lady of guadalupe,320,0,0.05,1,False
17.9,prayers,the most powerful healing prayer padre pio,320,0,0.0,1,False
17.9,bible-verses,what does the bible say about intercessory prayer,320,0,0.01,1,False
17.9,prayers,what the bible says about intercessory prayer,320,0,0.01,1,False
17.9,devotionals,free advent devotional pdf,320,0,0.0,1,False
17.9,other,cash app borrow limit max,320,0,0.0,3,False
17.9,blocker-tools,digital wellbeing samsung,320,19,0.0,2,False
17.9,how-to-other,how to reset ford focus oil light,320,0,0.0,2,False
17.9,how-to-other,how to share focus status,320,0,0.0,1,False
17.9,how-to-other,how to reset oil change light on ford focus,320,0,0.0,1,False
17.9,how-to-other,how to get focus warframe,320,0,0.0,1,False
17.9,audiences,community youth ministry,320,0,0.0,1,False
17.9,audiences,women church leaders,320,10,4.41,3,False
17.9,audiences,women as church leaders,320,10,4.41,2,False
17.9,audiences,crossword clue church leaders,320,0,0.0,2,False
17.9,audiences,female church leaders,320,10,4.41,1,False
17.9,how-to-other,how to remove screen time on iphone,320,0,0.0,1,False
17.9,platform,can you delete screen time on iphone,320,0,0.0,1,False
17.8,addiction,phone addiction symptoms,720,31,0.08,2,True
17.8,how-to-other,how to keep focus on work,590,23,2.73,1,False
17.8,prayers,most powerful novena prayer,480,19,3.35,1,False
17.8,catholic,examination of conscience young adults,480,15,0.03,3,False
17.8,bible-study,bible memory verses game,320,18,8.79,1,False
17.8,bible-study,good memory verses,320,5,1.93,1,False
17.8,christian-apps,guided christian meditation for anxiety,90,0,13.87,1,False
17.8,adult-blocking,bark vs covenant eyes,90,0,6.02,1,True
17.7,how-to-other,how to increase focus,590,24,3.13,1,False
17.7,other,screen time teens,590,34,10.09,3,False
17.7,prayers,powerful blessing prayer,480,13,0.19,2,False
17.7,how-to-other,how to improve concentration and focus while studying,480,20,3.7,1,False
17.7,prayers,what is a powerful prayer for a sick person,320,8,3.15,1,False
17.7,blocker-tools,focus site blocker,320,26,3.46,1,False
17.7,how-to-other,how to lock apps on iphone without screen time,260,3,3.67,1,False
17.7,other,cash app borrow limit $500,210,2,6.32,1,False
17.7,devotionals,devotional on john 3 16,140,0,16.34,1,False
17.7,adult-blocking,how to bypass covenant eyes,140,0,0.0,1,False
17.7,adult-blocking,how to get around covenant eyes,140,0,0.0,1,False
17.6,blocker-tools,internet blocker,720,46,6.11,4,False
17.6,how-to-other,how to turn focus off,390,7,0.0,1,False
17.6,competitors,youversion careers,390,23,0.02,1,False
17.6,competitors,freedom wifi hotspot app,210,9,1.17,1,False
17.6,competitors,hallow app careers,170,0,0.0,1,False
17.6,competitors,does the hallow app cost money,170,0,0.0,2,False
17.6,blocker-tools,team productivity app,70,0,49.6,1,False
17.5,other,app for limiting screen time,1600,46,4.09,2,False
17.5,other,christian social media app,320,9,3.35,1,False
17.5,competitors,hallow app price,110,4,7.73,1,False
17.4,other,adhd how to focus,590,28,5.02,1,False
17.4,parental,bark app for parents,590,34,1.75,1,False
17.4,competitors,abide christian meditation app,480,29,0.38,2,False
17.4,other,app to limit social media use,390,18,5.06,3,False
17.4,how-to-other,how to start prayer journal,320,3,0.55,4,False
17.4,addiction,phone addiction art,210,0,0.0,1,False
17.4,addiction,phone addiction artwork,210,0,0.0,1,False
17.4,addiction,screen addiction among teens is there such a thing,210,0,0.0,2,False
17.4,addiction,digital detox crossword clue,210,0,0.0,1,False
17.4,audiences,youth ministry 360,210,6,7.78,2,False
17.4,competitors,opal app reddit,210,7,0.0,1,False
17.4,competitors,opal app cost,170,13,5.72,2,False
17.4,adult-blocking,accountable2you vs covenant eyes,90,0,5.36,1,False
17.3,platform,where to find screen time on iphone,590,19,0.0,1,False
17.3,other,bark desktop app,480,16,1.05,3,False
17.3,how-to-other,how to reset screen time passcode on iphone,390,8,0.0,1,False
17.3,bible-verses,bible passages about manhood,320,2,0.02,1,False
17.3,prayers,when maghrib prayer time,320,24,11.99,2,False
17.3,other,cash app paper money deposit limit,320,2,0.0,1,False
17.3,other,cash app withdrawal limit per day atm,320,2,0.0,1,False
17.3,audiences,youth ministry bible studies,260,0,1.73,1,False
17.3,bible-study,youth ministry bible study,260,0,1.73,1,False
17.3,competitors,chase freedom flex app,260,22,4.44,1,False
17.3,competitors,hallow app founder,170,1,0.0,2,False
17.3,competitors,chris pratt hallow app,170,1,0.0,2,False
17.3,other,christian foster parenting,140,0,11.01,1,False
17.2,other,block blast apps,1300,40,1.91,1,False
17.2,devotionals,advent devotional booklet,320,4,0.61,2,False
17.2,blocker-tools,forest pomodoro timer app,320,21,0.0,1,False
17.2,other,spiritual growth retreat,260,10,6.25,2,False
17.2,christian-apps,build church app,110,8,20.43,2,False
17.2,christian-apps,church app builder,110,8,20.43,1,False
17.1,other,bible learning app,6600,66,4.31,1,False
17.1,other,calculator online free full screen,1000,33,0.62,1,False
17.1,devotionals,jesus calling devotional for women,720,25,0.23,1,False
17.1,blocker-tools,productivity app timer,720,46,5.28,1,False
17.1,bible-study,bible study on exodus,480,16,0.71,1,False
17.1,catholic,examination of conscience for adults pdf,390,13,0.77,1,False
17.1,christian-apps,life church app,320,25,5.08,1,False
17.1,addiction,doomscrolling gif,210,1,0.0,1,False
17.1,adult-blocking,covenant eyes iphone,110,0,2.05,3,False
17.0,verse-display,daily bible verse day,14800,78,8.91,6,False
17.0,blocker-tools,control screen time app,880,47,3.06,1,False
17.0,prayers,powerful monday morning prayer,590,20,0.05,1,False
17.0,platform,check screen time iphone,390,9,0.0,1,False
17.0,other,cash app withdrawal limit per day,320,3,0.0,1,False
17.0,verse-display,iphone lock screen bible verse wallpaper,210,0,0.5,1,False
17.0,competitors,forest app reddit,170,2,0.0,1,False
16.9,addiction,nomophobia definition,590,29,0.0,1,False
16.9,blocker-tools,forest pomodoro app,480,31,0.0,1,False
16.9,devotionals,devotional on worship,320,6,1.1,1,False
16.9,how-to-other,how to concentrate on homework,260,0,1.08,1,False
16.9,adult-blocking,cancel covenant eyes,140,4,0.38,3,False
16.9,adult-blocking,covenant eyes subscription,110,0,1.82,1,False
16.8,other,block puzzle games apps,880,36,3.71,1,False
16.8,other,screen time manager app,390,21,5.81,1,False
16.8,prayers,powerful blood of jesus prayer,320,4,0.0,1,False
16.8,addiction,cure internet addiction,260,29,20.91,3,False
16.8,verse-display,inspirational bible verse wallpaper,210,0,0.14,1,False
16.8,bible-verses,bible verse for youth ministry,210,0,3.87,1,False
16.8,competitors,hallow com app,210,16,3.32,1,False
16.7,other,safe web browsing,2900,57,4.64,1,False
16.7,bible-verses,everyday bible verses app,2400,52,2.5,1,False
16.7,prayers,short prayer for recovery,1300,39,0.54,1,False
16.7,other,bark phone monitoring app,390,22,6.18,1,False
16.7,platform,forgotten screen time password iphone,390,10,0.0,1,False
16.7,verse-display,aesthetic iphone blue bible verse wallpaper,210,0,0.0,1,False
16.7,verse-display,bible verse wallpaper philippians 4:13,210,0,0.01,2,False
16.7,verse-display,pink bible verse wallpaper pinterest,210,0,0.0,1,False
16.7,verse-display,pink bible verse wallpaper laptop,210,0,0.0,1,False
16.7,verse-display,bible verse wallpaper ipad,210,0,0.0,1,False
16.7,verse-display,light pink bible verse wallpaper,210,0,0.02,1,False
16.7,blocker-tools,drive focus app,140,0,0.19,1,False
16.6,bible-study,bible 1 year reading plan,880,35,2.73,6,False
16.6,other,bible reading 1 year plan,880,35,2.73,2,False
16.6,verse-display,good daily bible verse app,260,12,2.4,1,False
16.6,other,christian fiction teens,260,0,0.66,2,False
16.6,other,christian novels for teens,260,0,0.66,1,False
16.6,blocker-tools,flight focus app,140,0,0.0,1,False
16.6,blocker-tools,turn off digital wellbeing,140,0,0.0,2,False
16.6,adult-blocking,covenant eyes free trial,110,0,1.25,1,False
16.5,prayers,roman catholic daily prayer,9900,69,1.87,1,False
16.5,catholic,examination of conscience catholic adults,390,15,0.81,3,False
16.5,prayers,catholic evening prayer youtube,320,5,0.0,1,False
16.5,prayers,intercessory prayer for others,260,0,0.63,1,False
16.5,prayers,daily prayer journal,260,0,0.63,1,False
16.5,blocker-tools,email productivity app,170,6,0.0,1,False
16.5,bible-verses,intercessory prayer for pastors with scriptures,140,0,9.37,1,False
16.5,blocker-tools,app internet blocker android,90,11,13.6,1,False
16.5,blocker-tools,internet blocker device,70,4,18.1,1,False
16.4,other,blocker website,4400,61,2.7,1,False
16.4,prayers,short daily prayer catholic,880,32,0.62,1,False
16.4,prayers,uplifting powerful good morning prayer,590,22,0.05,1,False
16.4,audiences,church leaders conference,390,15,1.79,3,False
16.4,audiences,who are the leaders of the lds church,390,11,0.0,1,False
16.4,devotionals,devotional on grief,260,0,0.44,1,False
16.4,other,fasting spiritual growth,260,0,0.35,3,False
16.4,catholic,is duomo app catholic,260,2,0.0,2,False
16.4,addiction,social media addiction symptoms,260,10,0.06,2,False
16.4,how-to-other,how to make lemonade with lemon concentrate,260,0,0.35,1,False
16.4,competitors,abide meditation app,260,28,6.67,1,False
16.4,audiences,church leaders conference watermark,170,4,8.3,2,False
16.4,blocker-tools,productivity app windows,140,14,6.18,3,False
16.4,addiction,gaming addiction helpline,140,15,15.15,1,False
16.3,prayers,when did livin on a prayer come out,590,22,0.0,1,False
16.3,platform,screen time limit iphone,480,17,0.0,8,False
16.3,how-to-other,how to look at screen time on iphone,480,17,0.0,1,False
16.3,prayers,prayer when tired,260,0,0.23,1,False
16.3,devotionals,morning with jesus devotional,210,0,2.97,1,False
16.3,christian-apps,purple church app,170,0,0.0,1,False
16.3,adult-blocking,accountability partner means,140,5,0.0,1,False
16.3,competitors,unpluq tag,140,7,3.43,1,False
16.3,parental,aura vs bark app,70,0,13.57,1,False
16.2,prayers,christian prayer before work,2400,,0.0,1,False
16.2,bible-study,bible 365 days reading plan,1000,36,1.05,2,False
16.2,prayers,evening prayer liturgy hours today,720,27,0.0,3,False
16.2,prayers,wednesday evening prayer,260,0,0.05,1,False
16.2,how-to-other,how to concentrate while studying,260,1,0.48,1,False
16.2,how-to-other,how to be productive at home,260,0,0.06,1,False
16.2,other,mindfulness meditation christian,210,9,7.14,2,False
16.2,how-to-other,how to christian meditation,210,0,2.8,2,True
16.2,competitors,youversion bible app lite,210,11,0.0,1,False
16.2,devotionals,devotional on serving others,170,0,5.86,1,False
16.1,other,u s bank focus card app,480,20,1.26,1,False
16.1,other,us bank focus card app,480,20,1.26,1,False
16.1,prayers,thursday evening prayer,260,0,0.02,1,False
16.1,prayers,dan duval evening prayer,260,0,0.0,1,False
16.1,prayers,islamic evening prayer,260,0,0.0,1,False
16.1,prayers,tuesday evening prayer,260,0,0.0,1,False
16.1,prayers,monday evening prayer,260,0,0.03,1,False
16.1,devotionals,ellen g white morning devotional,260,0,0.0,1,False
16.1,devotionals,quiet time music for classroom,260,0,0.02,2,False
16.1,other,interfaith center for spiritual growth,260,0,0.0,1,False
16.1,blocker-tools,safari website blocker extension,260,22,1.49,4,False
16.1,how-to-other,how to bypass screen time limit,260,0,0.0,1,False
16.1,other,internet explorer blocker,260,0,0.0,1,False
16.1,other,personal statement word limit common app,260,0,0.0,2,False
16.1,how-to-other,how to mix coolant concentrate,260,0,0.0,1,False
16.1,audiences,go hard for christ youth ministry,260,0,0.0,1,False
16.1,platform,screen shut off time iphone,260,0,0.0,1,False
16.1,bible-verses,top bible verses to memorize,210,0,2.69,1,False
16.1,addiction,book about social media addiction,170,0,0.62,2,False
16.1,competitors,brick app for android,170,9,1.45,1,False
16.1,competitors,how much does opal app cost,140,14,6.83,1,False
16.0,catholic,catholic daily devotion,2400,56,3.69,3,False
16.0,catholic,catholic devotion of the day,2400,56,3.69,1,False
16.0,prayers,when does maghrib prayer start,590,23,0.0,1,False
16.0,addiction,digital minimalism choosing a focused life in a noisy world,320,20,1.62,1,False
16.0,audiences,youth ministry summit,320,7,0.13,1,False
16.0,blocker-tools,site blocker for edge,170,14,2.76,1,False
16.0,christian-apps,christian family church app,170,1,0.0,1,False
16.0,competitors,freedom health portal login app for android,140,0,0.0,1,False
16.0,competitors,forest app coins,140,0,0.0,1,False
16.0,competitors,hallow app reddit,140,0,0.0,1,False
15.9,blocker-tools,screen time app,2900,65,3.07,5,True
15.9,competitors,youversion connect,320,23,0.0,1,False
15.9,addiction,how to stop gaming addiction,260,17,2.57,3,False
15.9,other,parenting podcast christian,260,7,2.5,6,False
15.9,platform,bark desktop app for iphone,260,1,0.0,1,False
15.9,how-to-other,how to be productive with adhd,210,0,2.36,1,False
15.9,how-to-block,how to delete screen time history on iphone,210,0,0.0,1,False
15.9,how-to-block,how to delete screen time on iphone,210,0,0.0,1,False
15.9,addiction,digital detox book,170,0,0.38,2,False
15.8,devotionals,open heaven devotional for today,1900,47,0.0,2,False
15.8,devotionals,open heaven daily devotional for today,1900,47,0.0,2,False
15.8,prayers,when is fajr prayer time,390,32,11.5,2,False
15.8,how-to-block,how to block ads on apps iphone,390,23,2.44,5,False
15.8,how-to-block,how to block ads from apps on iphone,390,23,2.44,1,False
15.8,other,cash app spending limit,390,13,0.0,1,False
15.8,other,bark parental monitoring app,390,17,1.84,1,False
15.8,how-to-other,how to make lemonade from lemon juice concentrate,260,2,0.35,2,False
15.8,how-to-other,how to make lemonade with lemon juice concentrate,260,2,0.35,1,False
15.8,devotionals,devotional on grace,210,0,2.13,1,False
15.8,other,cash app borrow limit $1500,170,0,5.11,1,False
15.8,addiction,mobile phone addiction in teenagers,170,10,4.63,1,False
15.8,blocker-tools,microsoft edge website blocker,140,7,1.66,3,False
15.8,adult-blocking,accountable2you review,90,3,4.0,2,True
15.7,how-to-other,how to focus on myself,1300,47,4.81,1,False
15.7,blocker-tools,website blocker chrome plugin,1000,51,2.73,2,False
15.7,blocker-tools,chrome extension block websites,1000,51,2.73,5,False
15.7,prayers,divine office evening prayer for today,590,24,0.0,1,False
15.7,other,cash app sending limit after verification,320,8,0.0,1,False
15.7,blocker-tools,website blocker ios,210,18,1.44,1,False
15.7,how-to-block,how to turn off ignore limit on screen time,210,1,0.0,1,False
15.7,addiction,technology addiction treatment,170,14,6.71,2,False
15.7,competitors,forest app code,170,7,0.0,1,False
15.7,prayers,intercessory prayer examples pdf,110,0,28.76,1,False
15.7,devotionals,devotional on psalm 91,110,0,19.16,1,False
15.7,prayers,short devotional on prayer,110,0,19.47,1,False
15.7,devotionals,devotional on missions,110,0,11.88,1,False
15.7,adult-blocking,focusmate accountability partner,110,0,0.0,2,False
15.7,audiences,cash app for church,110,0,19.18,1,False
15.6,competitors,youversion bible for android,1300,52,0.91,5,False
15.6,prayers,morning devotional prayer,720,29,0.12,4,False
15.6,bible-verses,bible passages about refugees,210,13,8.3,1,False
15.6,how-to-other,how to concentrate while reading,210,0,1.76,1,False
15.6,audiences,fun activities for youth ministry,210,0,1.85,1,False
15.6,addiction,adhd gaming addiction,170,0,0.0,2,False
15.6,addiction,result of doomscrolling crossword clue,170,0,0.0,1,False
15.6,addiction,how to stop doomscrolling reddit,170,0,0.0,1,False
15.6,addiction,doomscrolling reddit,170,0,0.0,2,False
15.6,blocker-tools,brick block app,140,7,1.46,1,False
15.6,competitors,the brick tv app,110,0,2.43,2,False
15.5,other,phone book reverse free,90500,83,1.84,1,False
15.5,bible-study,robert murray mccheyne bible reading plan,720,32,1.65,1,False
15.5,other,focus how to improve,590,30,3.13,1,False
15.5,other,apps that block blue light,390,16,0.94,1,False
15.5,devotionals,my morning devotional podcast,260,6,1.51,1,False
15.5,addiction,nomophobia symptoms,260,13,0.0,2,False
15.5,bible-study,bible study topics and explanations,210,6,4.31,1,False
15.5,audiences,youth ministry t shirt design,210,0,1.62,2,False
15.5,audiences,youth ministry shirt designs,210,0,1.62,1,False
15.5,blocker-tools,proxy website blocker,170,17,3.51,1,False
15.5,bible-verses,intercessory prayer points with scriptures,110,0,11.38,1,False
15.4,other,the url was blocked by a content blocker,260,3,0.0,2,False
15.4,how-to-block,how to disable screen time on iphone,260,12,1.65,1,False
15.4,bible-verses,bible passages about relationships,170,3,5.83,1,False
15.4,competitors,freedom bank app,70,0,8.72,1,False
15.3,other,spiritual growth journal,210,0,1.41,2,False
15.3,other,journaling for spiritual growth,210,0,1.41,1,False
15.3,addiction,screen time addiction,210,27,10.91,1,False
15.3,addiction,social media addiction book,170,3,0.62,4,False
15.3,adult-blocking,truple vs covenant eyes,70,0,5.34,1,False
15.2,prayers,athan prayer times app,1600,46,0.48,1,False
15.2,prayers,when is prayer time for muslims,480,32,6.77,1,False
15.2,how-to-other,how to be most productive at work,320,11,0.63,2,False
15.2,how-to-other,how to be more productive at work,320,11,0.63,1,False
15.2,addiction,internet shopping addiction,260,15,0.4,1,False
15.2,catholic,examination of conscience 10 commandments,210,0,0.01,2,False
15.2,catholic,examination of conscience ten commandments,210,0,0.01,2,False
15.2,addiction,teenage cell phone addiction,170,12,4.63,1,False
15.2,competitors,forest shuffle scoring app,140,3,0.0,1,False
15.2,parental,stop dog bark app,140,5,1.68,1,False
15.1,blocker-tools,iphone screen time app,1000,54,4.28,5,False
15.1,prayers,powerful prayer request,390,24,4.44,2,False
15.1,audiences,training church leaders,390,27,6.39,3,False
15.1,bible-verses,best way to memorize bible verses,320,15,2.35,1,False
15.1,platform,app limit iphone,320,21,5.53,1,False
15.1,audiences,christian youth ministry,320,10,0.0,2,False
15.1,prayers,when does dhuhr prayer end,260,4,0.0,1,False
15.1,other,cash app send limit per day,260,4,0.0,1,False
15.1,how-to-other,how to set screen time passcode,260,4,0.0,1,False
15.1,devotionals,devotional on healing,210,0,1.02,1,False
15.1,other,christian counselor for teens near me,210,14,7.88,2,False
15.1,verse-display,beach bible verse wallpaper,170,0,0.14,1,False
15.1,competitors,youversion logo,170,9,0.0,1,False
15.1,christian-apps,christian meditation book,140,0,0.44,3,False
15.1,competitors,freedom debt client dashboard login app for android,140,25,14.03,1,False
15.1,competitors,youversion chronological bible reading plan,140,25,22.03,1,False
15.1,prayers,prayer for pastors and church leaders,110,0,10.66,4,False
15.1,addiction,social media addiction class action lawsuit,70,0,19.44,1,False
15.0,other,bible gateway app,5400,64,1.08,3,False
15.0,devotionals,joyce meyer devotional for today,720,46,28.73,2,False
15.0,other,christian podcast for teens,260,7,1.04,2,False
15.0,devotionals,quiet time activities,210,0,0.8,1,False
15.0,other,shiseido ultimune power infusing concentrate how to use,210,0,0.8,1,False
15.0,competitors,freedom app iphone,210,22,3.33,3,False
15.0,verse-display,pink bible verse desktop wallpaper,170,0,0.0,1,False
15.0,verse-display,soccer bible verse wallpaper,170,0,0.0,1,False
15.0,verse-display,bible verse collage wallpaper,170,0,0.0,1,False
15.0,verse-display,aesthetic bible verse desktop wallpaper,170,0,0.0,1,False
15.0,verse-display,iphone cross wallpaper with bible verse,170,0,0.0,1,False
15.0,verse-display,cute bible verse wallpaper for computer,170,0,0.0,1,False
15.0,verse-display,dark bible verse wallpaper iphone,170,0,0.0,1,False
15.0,verse-display,aura bible verse wallpaper,170,0,0.0,1,False
15.0,verse-display,bible verse lock screen black,170,0,0.0,1,False
15.0,verse-display,aesthetic bible verse lock screen,170,0,0.0,1,False
15.0,competitors,youversion beyond a billion tickets,140,4,0.0,1,False
15.0,blocker-tools,opera website blocker,90,0,3.16,2,False
15.0,adult-blocking,porn blocker for windows,50,0,9.97,1,False
14.9,blocker-tools,website blocker for focus,1900,61,2.52,4,False
14.9,christian-apps,lds church app,880,52,7.29,1,False
14.9,competitors,quitting caffeine cold turkey,590,39,0.08,1,False
14.9,devotionals,devotional on proverbs,260,6,0.56,1,False
14.9,how-to-block,how to limit app time on iphone,260,16,2.71,1,False
14.9,blocker-tools,digital wellbeing screenshot,260,23,0.0,1,False
14.9,addiction,treat internet addiction,260,34,20.91,1,False
14.9,addiction,curing internet addiction,260,34,20.91,1,False
14.9,prayers,centering prayer app,260,17,5.9,1,False
14.9,bible-study,bible memory verses cards,210,0,0.65,1,False
14.9,bible-verses,bible verses memory cards,210,0,0.65,1,False
14.9,other,4 steps to spiritual growth verses in the bible,210,0,0.67,1,False
14.9,how-to-block,how to turn off screen time passcode on iphone,210,4,0.0,1,False
14.9,addiction,cell phone addiction teenager,170,13,4.63,4,False
14.9,competitors,app store freedom act,170,10,0.0,1,False
14.9,adult-blocking,christian accountability app,70,0,4.44,1,False
14.8,addiction,internet and tech addiction anonymous,390,32,3.82,2,False
14.8,devotionals,morning devotional verses,260,10,2.0,1,False
14.8,prayers,guided prayer journal for women,210,0,0.5,1,False
14.8,other,focus at will app,210,11,5.58,1,False
14.8,competitors,youversion twitter,210,16,0.0,2,False
14.7,other,blocker app,3600,62,3.71,1,False
14.7,devotionals,turning point david jeremiah daily devotional for today,1600,47,0.34,1,False
14.7,christian-apps,christian standard bible app,260,19,0.59,1,False
14.7,bible-verses,popular bible verses to memorize,210,5,2.43,1,False
14.7,prayers,hosanna-revival prayer journal,210,0,0.31,2,False
14.7,addiction,mobile phone addiction treatment,170,21,8.97,1,False
14.7,blocker-tools,productivity app logo,110,0,0.0,1,False
14.7,competitors,brick app alternative,90,0,3.52,3,False
14.6,how-to-block,how to quit smok,9900,74,3.63,1,False
14.6,addiction,statistics about social media addiction,480,40,6.21,1,False
14.6,prayers,when was livin on a prayer released,320,12,0.0,1,False
14.6,how-to-other,how to reset screen time on iphone,320,12,0.0,1,False
14.6,platform,focus mac app,260,19,6.38,1,False
14.6,how-to-other,how to increase cash app limit,260,6,0.0,1,False
14.6,audiences,crossfire youth ministry,260,6,0.02,1,False
14.6,prayers,catholic prayer when someone dies,210,0,0.23,2,False
14.6,how-to-other,how to journal prayer,210,0,0.16,8,False
14.6,how-to-other,how to pray intercessory prayer,170,0,2.84,1,False
14.6,other,filter bypass web proxy,170,0,2.8,1,False
14.6,blocker-tools,driving focus app,140,8,0.19,1,False
14.6,platform,iphone web filter,140,0,5.57,3,False
14.6,parental,how much does bark app cost,110,0,1.76,2,False
14.6,addiction,alternatives to doomscrolling,90,0,6.74,1,False
14.5,devotionals,daily devotional,165000,85,5.51,6,False
14.5,verse-display,gateway bible daily verse,720,41,2.27,3,False
14.5,competitors,hallow bible app,320,32,2.65,1,False
14.5,bible-verses,bible passages about human dignity,210,0,0.0,1,False
14.5,prayers,martin luther evening prayer,210,0,0.0,1,False
14.5,prayers,martin luther's evening prayer,210,0,0.02,1,False
14.5,prayers,luther's evening prayer words,210,0,0.02,1,False
14.5,prayers,grace oasis evening prayer,210,0,0.0,1,False
14.5,prayers,friday evening prayer,210,0,0.0,1,False
14.5,prayers,catholic crusade evening prayer,210,0,0.0,1,False
14.5,prayers,when does asr prayer end,210,0,0.0,1,False
14.5,prayers,intercessory prayer gift,210,0,0.0,3,False
14.5,prayers,intercessory prayer catholic,210,0,0.02,2,False
14.5,prayers,intercessory prayer for catholic church,210,0,0.02,1,False
14.5,other,spiritual growth stone,210,0,0.0,1,False
14.5,catholic,traditional catholic examination of conscience pdf,210,3,0.06,1,False
14.5,how-to-other,how to remove app from screen time,210,0,0.0,2,False
14.5,other,wireless internet signal blocker,210,0,0.0,1,False
14.5,other,how often does cash app increase borrow limit,210,0,0.0,1,False
14.5,how-to-other,how to increase cash app overdraft limit,210,0,0.0,1,False
14.5,how-to-other,how to make orange juice from concentrate,210,0,0.0,1,False
14.5,how-to-other,how to play concentrate,210,0,0.0,1,False
14.5,how-to-other,how to make orange juice concentrate,210,0,0.0,1,False
14.5,how-to-other,how to make orange concentrate,210,0,0.0,1,False
14.5,other,meditation christian youtube,210,6,2.49,1,False
14.5,christian-apps,guided christian meditation for sleep,210,13,0.0,1,False
14.5,how-to-other,how to reset iphone without screen time passcode,210,2,0.76,1,False
14.5,bible-verses,top 25 bible verses to memorize,170,0,2.61,1,False
14.5,catholic,catholic devotion to the sacred heart of jesus,140,10,9.14,1,False
14.5,blocker-tools,apple productivity app,140,8,0.0,1,False
14.5,christian-apps,daily christian meditation,140,11,4.33,2,False
14.5,parental,bark app pricing,110,0,1.56,1,False
14.5,parental,bark app price,110,0,1.56,1,False
14.5,competitors,opal app price,90,0,3.23,1,False
14.5,competitors,opal app pricing,90,0,3.23,1,False
14.4,other,study plans for the bible,4400,66,5.32,1,False
14.4,other,bible reading and study plan,4400,66,5.32,1,False
14.4,addiction,smartphone addiction,590,38,1.45,3,False
14.4,catholic,catholic ai app,390,25,2.42,1,False
14.4,audiences,youth ministry materials,320,24,5.88,2,False
14.4,devotionals,my quiet time devotional,260,8,0.44,1,False
14.4,blocker-tools,freedom screen time app,210,22,1.41,1,False
14.4,devotionals,devotional on god's love,140,0,5.23,1,False
14.4,adult-blocking,accountability partner christian,70,0,3.51,2,False
14.4,adult-blocking,covenant eyes chrome,70,0,3.56,2,False
14.4,adult-blocking,covenant eyes chromebook,70,0,3.56,3,False
14.4,adult-blocking,covenant eyes program,70,4,5.47,1,False
14.3,verse-display,bible verse of the day niv version,3600,71,18.72,1,False
14.3,other,cash app transaction limit,320,13,0.0,2,False
14.3,how-to-other,how to use focus on iphone,320,13,0.0,1,False
14.3,bible-verses,100 bible verses to memorize,210,3,0.89,2,False
14.3,prayers,when is jummah prayer today,210,1,0.0,1,False
14.3,other,common app essay limit,210,1,0.0,2,False
14.3,other,screen time limits for teens,210,1,0.0,1,False
14.3,verse-display,screen time widget iphone,210,9,0.0,1,False
14.3,other,spiritual growth small group questions,170,0,2.41,1,False
14.3,competitors,forest app achievements,170,12,0.0,1,False
14.3,adult-blocking,covenant eyes support,140,13,0.2,1,False
14.3,adult-blocking,covenant eyes owosso mi,90,1,0.51,1,False
14.3,competitors,devotional on freedom,50,0,19.51,1,False
14.3,competitors,freedom forever app,50,0,20.11,1,False
14.2,how-to-other,how to concentrate more on work,260,21,6.85,1,False
14.2,verse-display,bible verse lock screen widget,260,19,1.82,4,False
14.2,how-to-other,how to create a prayer journal,210,3,0.7,1,False
14.2,other,4 steps to spiritual growth,140,0,4.84,1,False
14.2,addiction,social media addiction artwork,140,0,0.0,1,False
14.2,addiction,social media addiction art,140,0,0.0,1,False
14.2,addiction,doomscrolling perhaps crossword clue,140,0,0.0,1,False
14.2,addiction,doomscrolling doordash in class,140,0,0.0,1,False
14.2,addiction,is doomscrolling a sin,140,0,0.0,1,False
14.2,competitors,youversion bible app controversy,140,7,0.0,1,False
14.2,christian-apps,christian apparel teens,110,0,2.04,2,False
14.2,bible-study,ideas for bible study topics,90,0,14.74,1,False
14.2,bible-verses,50 most important bible verses to memorize,90,0,16.39,1,False
14.2,prayers,patty teichroew prayer journal,90,0,17.29,2,False
14.2,prayers,electronic prayer journal,90,0,13.58,1,False
14.2,devotionals,devotional on humility,90,0,11.96,1,False
14.2,other,fasting as a spiritual discipline,90,0,20.07,1,False
14.2,adult-blocking,accountability partner agreement,90,0,0.0,1,False
14.2,adult-blocking,accountability partner contract,90,0,0.0,1,False
14.2,other,christian guided meditation anxiety,90,0,13.87,2,False
14.2,adult-blocking,uninstall code covenant eyes,90,0,0.0,3,False
14.2,adult-blocking,how to uninstall covenant eyes on mac,90,0,0.0,1,False
14.2,adult-blocking,covenant eyes internet accountability,70,0,3.25,1,False
14.1,verse-display,gateway bible verse of the day,9900,79,16.61,3,False
14.1,verse-display,verse of the day from bible gateway,9900,79,16.61,1,False
14.1,platform,ad blocker mobile chrome,2900,60,3.28,6,False
14.1,other,free video screen recorder,1600,54,5.28,7,False
14.1,other,free video screen recording,1600,54,5.28,1,False
14.1,other,screen capture recording free,1600,54,5.28,1,False
14.1,audiences,marriage as a christian,1300,,4.45,1,False
14.1,prayers,christian prayer meditation music,320,14,0.02,1,False
14.1,how-to-other,how to concentrate during studying,260,9,0.48,1,False
14.1,audiences,street youth ministry,260,8,0.0,1,False
14.1,audiences,ministry of culture community and youth,260,13,2.19,1,False
14.1,other,i made covenant with my eyes,260,8,0.0,2,False
14.1,how-to-block,how to limit total screen time on iphone,140,2,2.79,1,False
14.1,platform,bark desktop app for windows,140,2,5.47,1,False
14.1,blocker-tools,shift productivity app,50,3,22.41,1,False
14.1,adult-blocking,exercise accountability partner,50,0,8.0,1,False
14.1,adult-blocking,fitness accountability partner,50,0,8.0,1,False
14.0,other,focus v carta app,210,2,0.0,2,False
14.0,other,what's the max borrow limit on cash app,210,2,0.0,1,False
14.0,audiences,ohio youth ministry,210,2,0.0,1,False
14.0,competitors,freedom blocker app,210,23,2.04,1,False
14.0,platform,screen off time iphone,210,2,0.0,2,False
14.0,bible-verses,bible passages about worry and stress,170,0,1.81,1,False
14.0,devotionals,devotional on relationships,170,0,1.78,1,False
14.0,other,fasting spiritual discipline,90,1,20.07,3,False
14.0,other,barracuda web filter,90,1,33.31,1,False
14.0,devotionals,devotional for church leaders,90,0,11.35,2,False
13.9,audiences,church central app,6600,69,2.8,1,False
13.9,devotionals,daily devotional from the bible,3600,62,2.15,1,False
13.9,parental,parental control app for teens,1900,65,7.6,1,False
13.9,bible-study,printable 365 day bible reading plan,880,40,1.53,2,False
13.9,devotionals,today's devotional for women,880,42,2.8,1,False
13.9,addiction,symptoms of gaming addiction,590,44,4.93,1,False
13.9,addiction,video gaming addiction symptoms,590,44,4.93,1,False
13.9,how-to-other,how to set screen time limit on iphone,320,20,2.74,3,False
13.9,other,christian friend app,320,24,4.9,2,False
13.9,prayers,valmarie prayer journal,260,12,1.46,1,False
13.9,prayers,val marie prayer journal,260,12,1.46,1,False
13.9,addiction,treatment for internet addiction disorder,260,37,20.91,1,False
13.9,competitors,hallow lite app,260,34,5.77,1,False
13.9,competitors,how much is opal app,170,14,0.05,1,False
13.9,adult-blocking,accountability partner meaning,140,14,0.0,1,False
13.9,christian-apps,instrumental christian meditation music,140,14,4.63,3,False
13.9,competitors,freedom app review,110,1,0.0,2,False
13.9,addiction,how to overcome social media addiction,90,12,15.14,1,False
13.9,adult-blocking,hire an accountability partner,50,0,7.34,1,False
13.9,competitors,freedom care app for android,50,2,17.42,1,False
13.8,audiences,christian dior men sweater,1600,,1.08,3,False
13.8,other,cash app monthly limit,480,25,0.0,1,False
13.8,other,blue light blocker app,390,22,0.94,1,False
13.8,prayers,short powerful prayer,320,16,0.47,1,False
13.8,platform,check screen time android,320,15,0.0,4,False
13.8,addiction,does grayscale help phone addiction,260,19,0.0,1,False
13.8,other,screen time limit not working,210,3,0.0,1,False
13.8,other,christian guided sleep meditation,210,3,0.0,5,False
13.8,how-to-other,how to move time on lock screen iphone,210,3,0.0,2,False
13.8,other,funnel web air filter,170,0,1.32,1,False
13.8,devotionals,paul david tripp new morning mercies devotional,140,0,4.0,1,False
13.8,blocker-tools,screen time app limit not working,110,4,0.0,2,False
13.8,prayers,intercessory prayer for today,90,0,10.95,1,False
13.8,adult-blocking,covenant eyes cancel subscription,90,3,0.4,3,False
13.8,adult-blocking,covenant eyes filtering,70,0,2.45,1,False
13.8,adult-blocking,covenant eyes filter,70,0,2.45,1,False
13.7,addiction,breaking addiction to phone,480,36,1.47,2,False
13.7,other,bark monitoring app,390,24,1.77,1,False
13.7,other,bark monitor app,390,24,1.77,1,False
13.7,parental,digital wellbeing & parental control,210,18,0.0,4,False
13.7,addiction,solution of social media addiction,210,14,0.0,6,False
13.7,addiction,do dopamine detox work,210,14,0.0,3,False
13.7,catholic,detailed examination of conscience,170,0,0.0,1,False
13.7,verse-display,summer bible verse wallpaper,140,0,0.1,1,False
13.7,verse-display,black and white bible verse wallpaper,140,0,0.09,1,False
13.7,competitors,is screenzen safe,110,2,0.0,1,False
13.7,competitors,hallow app peter thiel,110,2,0.0,1,False
13.7,christian-apps,ccb church app,70,8,17.17,1,False
13.6,other,ad blocker app,1600,54,4.32,7,False
13.6,bible-study,bible 365 reading plan,720,37,1.49,1,False
13.6,other,app to monitor screen time,390,32,6.54,3,False
13.6,blocker-tools,how to unblock website blocker,260,31,2.22,1,False
13.6,prayers,intercessory prayer for priests,210,4,0.0,1,False
13.6,other,christian spiritual discipline,210,7,1.25,1,False
13.6,catholic,catholic daily reading app,210,13,2.86,4,False
13.6,how-to-other,how to take screen time off iphone,210,4,0.0,1,False
13.6,other,la mer concentrate how to use,170,0,1.12,2,False
13.6,competitors,forest river owners manual app,170,15,0.0,2,False
13.6,addiction,test for internet addiction,140,10,3.22,1,False
13.6,verse-display,bible verse mac wallpaper,140,0,0.0,1,False
13.6,verse-display,pinterest aesthetic bible verse wallpaper,140,0,0.0,1,False
13.6,verse-display,jesus wallpaper bible verse,140,0,0.0,2,False
13.6,verse-display,hd wallpaper bible verse,140,0,0.0,4,False
13.6,verse-display,sunset bible verse wallpaper,140,0,0.02,1,False
13.6,verse-display,lock screen purple bible verse wallpaper,140,0,0.0,1,False
13.6,christian-apps,text in church app,110,16,8.83,1,False
13.6,addiction,breaking social media addiction,90,8,8.81,1,False
13.6,parental,bark app promo code,70,0,5.91,1,False
13.5,audiences,bark parent app,880,40,0.76,2,False
13.5,other,bark parenting app,880,40,0.76,1,False
13.5,how-to-other,how to turn on sleep focus on apple watch,320,16,0.0,1,False
13.5,bible-verses,morning devotional scriptures,260,15,2.0,2,False
13.5,catholic,hallo app catholic,260,19,2.83,1,False
13.5,other,topical memory system verses,170,0,0.93,1,False
13.5,audiences,youth activating concentrate lancome how to use,170,0,0.86,1,False
13.5,how-to-other,how to use lancome youth activating concentrate,170,0,0.86,1,False
13.5,blocker-tools,mac app blocker,110,15,4.68,3,False
13.5,adult-blocking,accountability software iphone,50,3,8.08,3,False
13.4,blocker-tools,productivity pomodoro,2900,66,0.0,2,False
13.4,blocker-tools,forest focus app,720,48,0.36,1,False
13.4,competitors,brick search app,320,34,1.82,1,False
13.4,prayers,val marie paper prayer journal,260,14,1.46,1,False
13.4,other,christian for teens,210,5,0.02,1,False
13.4,christian-apps,listen to church app,210,17,0.0,1,False
13.4,bible-study,kindergarten bible memory verses,170,0,0.6,1,False
13.4,bible-verses,memory bible verses for preschoolers,170,0,0.6,2,False
13.4,devotionals,devotional on new beginnings,170,0,0.65,1,False
13.4,prayers,30 day intercessory prayer request,90,0,9.78,2,False
13.3,verse-display,bible.com verse of the day,14800,80,5.9,3,False
13.3,other,free screen backgrounds,1900,55,2.26,1,False
13.3,other,focus time app,1000,46,2.97,1,False
13.3,verse-display,daily bible verse random,590,37,0.0,2,False
13.3,how-to-other,how to change focus on iphone,320,17,0.0,1,False
13.3,audiences,on fire youth ministry,210,5,0.0,1,False
13.3,audiences,adventist youth ministry,210,5,0.0,1,False
13.3,other,web filter home,170,15,7.75,3,False
13.3,other,christian book series for teens,170,0,0.54,1,False
13.3,prayers,intercessory prayer request,140,0,3.05,2,False
13.3,verse-display,lockscreen bible verse widget,140,9,3.22,1,False
13.3,blocker-tools,norton website blocker,110,24,9.69,1,False
13.3,blocker-tools,disable digital wellbeing,90,0,0.0,2,False
13.3,blocker-tools,pushup time app blocker,90,0,0.0,2,False
13.3,blocker-tools,push up time app blocker,90,0,0.0,2,False
13.2,other,app limit phone use,590,38,3.99,2,False
13.2,addiction,internet addiction disease,260,39,13.2,1,False
13.2,addiction,internet addiction syndrome,260,39,13.2,1,False
13.2,catholic,formed catholic app,210,19,5.14,1,False
13.2,prayers,prayer journal flannery o'connor,170,1,0.73,4,False
13.2,prayers,diy prayer journal,170,0,0.35,2,False
13.2,other,nlt spiritual growth bible,170,0,0.3,1,False
13.2,audiences,appreciation message to church leaders,170,0,0.25,1,False
13.2,addiction,gaming addiction hotline,140,26,27.33,1,False
13.2,addiction,book about phone addiction,110,0,1.25,2,False
13.2,addiction,gaming addiction treatments,110,20,13.74,1,False
13.2,addiction,social media addiction settlement,70,8,18.11,1,False
13.1,bible-verses,bible passages about healing the sick,320,18,0.11,1,False
13.1,how-to-other,how to find screen time passcode on iphone,260,12,0.0,1,False
13.1,how-to-other,how to change screen time on android,260,12,0.0,1,False
13.1,blocker-tools,google digital wellbeing,210,35,6.89,3,False
13.1,addiction,social media addiction in adolescence,210,19,1.28,1,False
13.1,audiences,verses in memory of dad,170,0,0.17,1,False
13.1,prayers,evening prayer pictures,170,0,0.03,1,False
13.1,prayers,evening prayer image,170,0,0.03,2,False
13.1,prayers,evening prayer for family and friends,170,0,0.03,1,False
13.1,prayers,prayer when you are afraid,170,0,0.07,1,False
13.1,prayers,prayer when you are scared,170,0,0.07,2,False
13.1,prayers,prayer when in doubt,170,0,0.03,1,False
13.1,prayers,intercessory prayer point,170,0,0.03,3,False
13.1,devotionals,devotional on jeremiah 29 11,170,0,0.11,1,False
13.1,other,spiritual growth pictures,170,0,0.11,1,False
13.1,other,spiritual growth image,170,0,0.11,3,False
13.1,bible-verses,scriptures to meditate on for spiritual growth,140,0,2.51,1,False
13.1,addiction,que es doomscrolling,140,5,0.0,1,False
13.1,christian-apps,10 minute christian meditation,110,0,0.0,1,False
13.1,christian-apps,5 minute christian meditation,110,0,0.0,2,False
13.1,christian-apps,elevate church app,110,0,0.0,1,False
13.1,prayers,intercessory prayer for israel,90,0,9.07,1,False
13.1,blocker-tools,productivity app reddit,90,1,0.0,3,False
13.1,other,palo alto web filter,90,5,13.1,1,False
13.1,competitors,forest app similar,90,11,5.47,1,False
13.1,competitors,hallow app 3 months free,70,0,3.91,1,False
13.1,competitors,how much is the hallow app per month,70,0,3.9,1,False
13.0,other,free screen recorder for macbook air,880,48,6.0,1,False
13.0,platform,chrome web filter,260,20,3.63,3,False
13.0,adult-blocking,canopy app login,210,34,3.96,1,False
13.0,prayers,bride ministries evening prayer,170,0,0.0,1,False
13.0,prayers,prayer when disappointed,170,0,0.0,1,False
13.0,prayers,is intercessory prayer a spiritual gift,170,0,0.0,4,False
13.0,how-to-other,how to lead intercessory prayer in church,170,0,0.0,1,False
13.0,devotionals,devotional on time,170,0,0.0,1,False
13.0,how-to-other,how to remove ignore limit option on screen time,170,0,0.0,1,False
13.0,other,why did my overdraft limit change on cash app,170,0,0.0,1,False
13.0,other,cash app green status borrow limit,170,0,0.0,1,False
13.0,other,url blocked by content blocker,170,0,0.0,2,False
13.0,how-to-other,how to make fruit juice concentrate,170,0,0.0,1,False
13.0,how-to-other,how to concentrate on studying when depressed,170,0,0.0,1,False
13.0,how-to-other,how to make juice concentrate,170,0,0.0,3,False
13.0,other,teens christian songs,170,0,0.0,3,False
13.0,audiences,church leaders crossword,170,0,0.0,1,False
13.0,verse-display,display date and time on home screen android,140,6,1.37,1,False
13.0,blocker-tools,ios focus mode,140,14,0.0,1,False
13.0,addiction,how to quit gaming addiction,70,9,17.95,1,False
13.0,blocker-tools,best screen time app reddit,50,0,7.52,1,False
12.9,other,app for screen time,2900,62,3.07,3,True
12.9,platform,youtube chrome ad blocker,2900,61,1.88,5,False
12.9,audiences,youth ministry resources,320,29,5.88,2,False
12.9,other,cash app daily sending limit,260,13,0.0,1,False
12.9,audiences,sda church youth ministry,210,7,0.0,1,False
12.9,blocker-tools,proxy site blocker,170,26,3.51,1,False
12.9,competitors,hallow app free version,170,21,1.7,2,False
12.9,addiction,doomscrolling doordash,140,6,0.0,1,False
12.9,addiction,digital detox reddit,140,6,0.0,1,False
12.9,audiences,devotion for church leaders,90,5,11.35,2,False
12.9,competitors,ac freedom app,90,3,1.4,1,False
12.9,adult-blocking,adult content blocker iphone,50,0,5.27,1,False
12.9,adult-blocking,is covenant eyes worth it,50,0,5.11,1,False
12.8,blocker-tools,focus to do pomodoro app,260,30,0.0,3,False
12.8,bible-verses,memory verses for adults,170,3,0.72,1,False
12.8,how-to-other,how to make juice from concentrate,170,1,0.0,1,False
12.8,how-to-other,how to hide screen time on iphone,170,1,0.0,1,False
12.8,blocker-tools,digital wellbeing iphone,140,15,0.0,1,False
12.8,competitors,freedom plus app,110,6,0.0,1,False
12.8,competitors,brick match app,90,0,0.0,1,False
12.8,competitors,brick city app,90,0,0.0,1,False
12.8,competitors,brick matching app,90,0,0.0,1,False
12.8,competitors,screenzen reddit,90,0,0.0,1,False
12.8,competitors,alex jones hallow app,90,0,0.0,2,False
12.8,competitors,hallow app owner,90,0,0.0,1,False
12.8,competitors,hallow app family plan,90,0,0.0,1,False
12.8,christian-apps,lakepointe church app,70,0,5.31,1,False
12.7,prayers,when is asr prayer today,390,24,0.0,1,False
12.7,other,cash app sending limit per day,260,14,0.0,1,False
12.7,prayers,prayer when going to bed,210,8,0.06,1,False
12.7,other,focus will app,210,19,5.58,1,False
12.7,bible-study,bible study topics pdf,140,0,1.7,1,False
12.7,blocker-tools,freedom internet blocker,140,17,0.8,2,False
12.7,how-to-other,how to concentrate during studies,140,0,1.67,1,False
12.7,christian-apps,christian meditation music for sleep,110,2,0.0,1,False
12.7,christian-apps,elevation church app,110,2,0.0,1,False
12.7,competitors,freedom credit union app,110,7,0.13,1,False
12.7,addiction,gaming addiction test,90,17,33.15,1,False
12.7,verse-display,lock screen bible verse wallpaper phone,90,0,3.99,1,False
12.7,adult-blocking,covenant eyes owosso,90,8,0.51,1,False
12.7,competitors,hallow prayer app review,70,1,3.46,2,False
12.6,other,free classic mahjong full screen,5400,67,0.26,1,False
12.6,how-to-other,how to improve focus concentration,1000,49,4.02,3,False
12.6,bible-verses,bible verse about daily devotion,480,32,1.68,1,False
12.6,audiences,leadership training church leaders,390,35,6.39,2,False
12.6,competitors,forest app productivity,210,24,0.0,1,False
12.6,other,why should parents limit screen time,170,24,23.62,2,False
12.6,other,cash app borrow limit increase,170,2,0.0,1,False
12.6,how-to-other,how to erase iphone without screen time passcode,170,2,0.0,1,False
12.6,how-to-other,how to change color of time on iphone home screen,170,2,0.0,1,False
12.6,other,funnel web filter,140,0,1.6,1,False
12.6,blocker-tools,wifi website blocker,110,9,0.0,1,False
12.6,blocker-tools,productivity app ios,110,9,0.0,2,False
12.6,addiction,phone addiction drawing,110,0,0.0,1,False
12.6,addiction,phone addiction images,110,0,0.0,1,False
12.6,addiction,phone addiction cartoon,110,0,0.0,1,False
12.6,addiction,screen addiction among teens is there such a thing answers,110,0,0.0,1,False
12.6,addiction,social media addiction quote,110,0,0.0,3,False
12.6,addiction,quote about social media addiction,110,0,0.0,2,False
12.6,addiction,quotation about social media addiction,110,0,0.0,1,False
12.6,addiction,social media addiction reddit,110,0,0.0,1,False
12.6,addiction,students survey questionnaire about internet addiction,110,0,0.0,1,False
12.6,addiction,doomscrolling in spanish,110,0,0.0,1,False
12.6,addiction,digital minimalism pdf,110,0,0.0,1,False
12.6,audiences,church mobile app builder,110,13,20.43,1,False
12.6,competitors,how does brick app work,90,6,2.08,1,False
12.5,other,holy bible kjv app,5400,69,2.69,1,False
12.5,other,daily reading bible plan,4400,66,1.45,4,False
12.5,bible-study,bible daily reading plan,4400,66,1.45,4,False
12.5,other,christian movies app,590,42,5.5,5,False
12.5,other,what's the limit you can send on cash app,320,20,0.0,1,False
12.5,how-to-other,how to change cash app limit,210,9,0.0,1,False
12.5,addiction,mobile phone addiction in adolescence,170,22,4.63,1,False
12.5,other,free internet web filter,170,17,6.95,1,False
12.5,catholic,catholic examination of conscience for women,140,0,0.09,1,False
12.5,catholic,examination of conscience for seniors,140,0,0.11,1,False
12.5,other,christian t-shirts for teens,140,0,1.32,2,False
12.5,other,christian shirts for teens,140,0,1.32,1,False
12.5,prayers,portals of prayer app,110,3,6.0,1,False
12.5,other,worship team app,110,8,8.77,2,False
12.5,platform,bark desktop app for mac,110,0,4.68,1,False
12.5,devotionals,quiet time music for preschoolers,90,8,12.61,1,False
12.5,devotionals,preschool quiet time music,90,8,12.61,2,False
12.5,devotionals,monday morning devotional,70,0,14.81,1,False
12.5,devotionals,devotional on trust,70,0,17.05,1,False
12.5,devotionals,devotional on love,70,0,18.44,1,False
12.5,bible-verses,bible verses about spiritual discipline,70,0,16.35,1,False
12.5,other,pfsense web filter,70,0,22.8,2,False
12.5,other,pfsense web content filter,70,0,22.8,1,False
12.5,how-to-other,how to concentrate with add,70,0,24.25,1,False
12.5,how-to-other,how to concentrate with adhd,70,0,24.25,1,False
12.5,adult-blocking,does covenant eyes monitor instagram,70,0,0.0,1,False
12.5,adult-blocking,covenant eyes careers,70,0,0.0,1,False
12.5,competitors,hallow app customer service,70,0,2.56,1,False
12.5,blocker-tools,employee productivity app,50,10,49.02,1,False
12.4,devotionals,insight for living devotional,880,42,0.0,1,False
12.4,addiction,why is social media addiction,590,42,0.46,1,False
12.4,other,screen time reducing app,480,38,5.26,3,False
12.4,how-to-other,how to set app limit on iphone,320,23,1.36,1,False
12.4,other,tips on how to focus,320,28,4.07,1,False
12.4,catholic,catholic examination of conscience checklist,260,18,0.11,1,False
12.4,how-to-other,how to concentrate while study,260,16,0.48,1,False
12.4,how-to-other,how to concentrate during study,260,16,0.48,1,False
12.4,addiction,digital minimalism by cal newport,210,20,0.46,1,False
12.4,blocker-tools,freedom block app,210,30,2.04,1,False
12.4,prayers,prayer when you can't receive communion,170,3,0.0,1,False
12.4,prayers,hanukkah prayer when lighting menorah,170,3,0.0,1,False
12.4,audiences,roles and responsibilities of church leaders,170,10,3.1,1,False
12.4,other,the music lesson a spiritual search for growth through music,140,0,1.1,1,False
12.4,blocker-tools,business productivity app,110,10,0.0,1,False
12.4,audiences,church communication app,110,14,17.74,2,False
12.4,competitors,forest river backup camera app,70,0,2.27,1,False
12.4,christian-apps,share your faith app,50,4,30.02,1,False
12.3,other,uptv faith and family app,1900,58,3.24,1,False
12.3,other,up faith and family app,1900,58,3.24,3,False
12.3,bible-verses,daily text bible verse,480,38,4.98,3,False
12.3,christian-apps,life church bible app,320,33,1.15,3,False
12.3,christian-apps,bible app by life church,320,33,1.15,1,False
12.3,platform,what is the average screen time per day iphone,320,21,0.0,1,False
12.3,other,christian parenting resources,260,23,3.86,1,False
12.3,how-to-block,how to limit app usage on iphone,210,20,2.57,1,False
12.3,competitors,brick search minifigure scanner app,210,25,0.0,1,False
12.3,devotionals,quiet time activities for 4 year olds,140,0,0.93,1,False
12.3,bible-study,short bible study topics,90,2,8.01,2,False
12.3,addiction,claimshero gaming addiction,90,0,1.88,1,False
12.3,bible-verses,spiritual discipline bible verse,70,1,13.64,2,False
12.3,adult-blocking,covenant eyes software,70,13,5.47,1,False
12.2,prayers,christian prayers app,1900,58,2.89,5,True
12.2,devotionals,our daily bread devotional for today audio,1600,59,6.49,1,False
12.2,other,app for controlling screen time,880,47,3.27,1,False
12.2,other,productivity timer app,720,46,5.28,1,False
12.2,audiences,lds church directory of leaders,210,10,0.0,1,False
12.2,other,screen time limit screenshot,170,4,0.0,1,False
12.2,how-to-other,how to lock phone to one app,170,4,0.0,4,False
12.2,addiction,social media causing addiction,170,33,11.61,1,False
12.2,other,web filter fortigate,170,4,0.0,3,False
12.2,other,web filter fortinet,170,4,0.0,2,False
12.2,other,fortigate web content filter,170,4,0.0,1,False
12.2,other,anti bark sound app,170,4,0.02,1,False
12.2,prayers,simple prayer journal,140,0,0.83,1,False
12.2,devotionals,preschool quiet time activities,140,0,0.67,1,False
12.2,devotionals,quiet time activities for preschoolers,140,0,0.67,1,False
12.2,how-to-other,how to add a bible verse to your lock screen,140,4,2.31,1,False
12.2,prayers,free printable prayer journal pdf,110,0,3.9,1,False
12.2,blocker-tools,brick app blocker review,70,3,2.18,1,False
12.1,platform,block ads apps android,3600,66,3.16,7,False
12.1,platform,block ads from android apps,3600,66,3.16,2,False
12.1,other,block game apps,1900,61,6.1,2,False
12.1,other,screen time control app,880,47,3.06,9,False
12.1,addiction,what does doomscrolling do to your brain,170,15,0.0,1,False
12.1,prayers,evening prayer hansel and gretel,140,0,0.52,3,False
12.1,prayers,hansel and gretel opera evening prayer,140,0,0.52,1,False
12.1,prayers,evening prayer from hansel and gretel,140,0,0.52,1,False
12.1,prayers,prayer gratitude journal,140,0,0.55,4,False
12.1,other,celebration of discipline the path to spiritual growth,140,2,1.36,2,False
12.1,other,christian romance novels for teens,140,0,0.53,1,False
12.1,christian-apps,christian meditation podcast,140,12,0.0,2,False
12.1,other,christian books on meditation,140,0,0.58,1,False
12.1,verse-display,inspirational cross with bible verse wallpaper,110,0,0.01,1,False
12.1,verse-display,lock screen faith bible verse wallpaper,110,0,0.0,1,False
12.1,blocker-tools,all-in-one productivity app,70,16,8.67,3,False
12.0,devotionals,today devotional for women,880,47,2.8,3,False
12.0,other,cash app card limit,260,17,0.0,1,False
12.0,other,lightspeed web filter,260,21,2.05,1,False
12.0,addiction,symptoms of screen addiction,210,24,1.74,1,False
12.0,audiences,youth ministry sda,210,11,0.0,1,False
12.0,competitors,freedom blocking app,210,30,2.04,1,False
12.0,platform,where to see screen time on iphone,210,11,0.0,1,False
12.0,devotionals,john piper advent devotional,170,5,0.0,2,False
12.0,blocker-tools,freedom distraction blocker,170,27,2.02,1,False
12.0,blocker-tools,google productivity app,170,36,8.17,1,False
12.0,how-to-other,how to get rid of screen time on iphone,170,5,0.0,1,False
12.0,how-to-other,how to see screen time from months ago iphone,170,5,0.0,1,False
12.0,prayers,hosanna revival 5 year prayer journal,140,0,0.36,2,False
12.0,other,richard foster spiritual discipline,140,0,0.38,2,False
12.0,addiction,screen addiction nyt,140,30,16.14,1,False
12.0,how-to-other,how to add bible verse widget lock screen android,140,5,2.33,1,False
12.0,other,good christian movies for teens,140,0,0.34,1,False
12.0,competitors,freedom credit union mobile app,110,10,0.13,1,False
12.0,competitors,screenzen not working,90,4,0.0,1,False
12.0,adult-blocking,contact covenant eyes,90,11,0.31,2,False
11.9,addiction,is dopamine detox real,210,21,0.0,1,False
11.9,prayers,what does intercessory prayer mean,140,0,0.05,1,False
11.9,bible-verses,prayer for church leaders bible verses,140,0,0.04,1,False
11.9,bible-verses,praying for church leaders bible verses,140,0,0.04,1,False
11.9,bible-verses,top ten bible verses to memorize,110,0,3.18,1,False
11.9,bible-verses,top 10 bible verses to memorize,110,0,3.18,1,False
11.9,blocker-tools,opal focus app,110,15,1.17,1,False
11.9,addiction,how to quit doomscrolling,90,11,6.16,1,False
11.9,christian-apps,healing christian meditation,90,0,0.0,3,False
11.8,verse-display,daily bible verse and meaning,590,51,7.71,1,False
11.8,prayers,when is prayer time today,320,23,0.0,2,False
11.8,addiction,cell phone addiction teens,170,25,4.63,2,False
11.8,bible-study,christmas memory verses,140,0,0.03,1,False
11.8,bible-verses,memory verses for christmas,140,0,0.03,1,False
11.8,bible-verses,memory verses about christmas,140,0,0.03,1,False
11.8,prayers,evening prayer by jim reeves,140,0,0.0,1,False
11.8,prayers,evening prayer jim reeves,140,0,0.0,3,False
11.8,prayers,holden evening prayer pdf,140,0,0.0,1,False
11.8,devotionals,short devotional on thanksgiving,140,0,0.0,1,False
11.8,devotionals,devotional on teamwork,140,0,0.0,1,False
11.8,devotionals,sesame street quiet time vhs,140,0,0.01,2,False
11.8,devotionals,quiet time crossword clue,140,0,0.0,1,False
11.8,other,pain is the touchstone of all spiritual growth,140,0,0.0,1,False
11.8,devotionals,catholic advent devotional,140,0,0.0,3,False
11.8,other,teens christian music,140,0,0.0,2,False
11.8,audiences,lutheran church leaders,140,0,0.0,1,False
11.8,bible-verses,bible passages about faith,110,0,2.97,1,False
11.8,addiction,cell phone game addiction,110,4,0.09,1,False
11.8,competitors,abide app review,110,11,0.0,2,False
11.8,adult-blocking,canopy mac app,50,0,2.71,1,False
11.7,other,free gov phone,165000,86,2.69,1,False
11.7,catholic,catholic holy bible online,8100,75,3.29,3,False
11.7,other,free screen recording program,4400,70,4.94,5,False
11.7,bible-verses,bible verse memorization app,1000,49,2.01,1,False
11.7,audiences,church directory app,480,40,4.96,2,False
11.7,platform,limiting screen time iphone,260,23,2.43,1,False
11.7,other,christian magazine teens,170,10,1.54,2,False
11.7,other,dog bark stopper app,140,5,1.68,1,False
11.7,prayers,catholic rosary app,110,0,2.7,1,False
11.7,adult-blocking,canopy shield app,110,23,3.09,1,False
11.7,addiction,how to stop screen addiction,90,2,1.51,1,False
11.7,platform,web filter android,90,3,7.1,3,False
11.7,other,web filter test,90,1,6.19,2,False
11.7,blocker-tools,internet blocker iphone,70,6,2.39,2,False
11.7,blocker-tools,digital wellbeing definition,70,0,0.0,1,False
11.7,blocker-tools,digital wellbeing icon,70,0,0.0,1,False
11.7,blocker-tools,digital wellbeing icon png,70,0,0.0,1,False
11.6,prayers,when is asr prayer time,210,19,2.86,1,False
11.6,other,cash app exceeded limit,210,13,0.0,1,False
11.6,how-to-block,how to turn off safe browsing,210,18,0.0,1,False
11.6,verse-display,bible verse widget iphone,210,24,1.94,1,True
11.6,audiences,directory of church leaders,170,7,0.0,2,False
11.6,addiction,cell phone addiction symptoms,140,13,0.53,2,False
11.6,addiction,21 days to stop technology addiction,140,12,0.0,1,False
11.6,audiences,protestant church leaders,140,1,0.0,1,False
11.6,addiction,mobile gaming addiction,110,5,0.09,1,False
11.6,other,router web filter,110,1,3.01,3,False
11.6,christian-apps,worship app,110,19,5.69,1,True
11.5,audiences,homeschool christian curriculum,22200,82,4.73,7,False
11.5,prayers,powerful prayer quote,1000,,2.46,4,False
11.5,bible-study,bible project reading plan,720,41,0.0,1,False
11.5,how-to-other,how to concentrate,320,24,0.0,1,False
11.5,bible-verses,morning devotional bible verse,260,23,2.0,2,False
11.5,platform,iphone app time limit,260,23,1.99,6,False
11.5,competitors,forest study app,260,33,0.0,1,False
11.5,bible-verses,random bible verse generator app,210,16,1.08,1,False
11.5,other,recommended screen time for teens,210,21,3.72,2,False
11.5,other,christian parenting guide,210,15,0.64,1,False
11.5,how-to-other,how to concentrate studies,140,6,1.67,6,False
11.5,how-to-other,how to be more productive at home,140,2,0.18,1,False
11.5,competitors,tour boston freedom trail app,110,17,2.36,1,False
11.5,blocker-tools,avast website blocker,70,1,0.0,1,False
11.5,parental,central bark app,70,1,1.7,1,False
11.5,competitors,reservations freedom boat club sign in app,50,13,17.21,1,False
11.4,verse-display,daily bible verse king james version,4400,71,1.99,1,False
11.4,blocker-tools,phone block apps,1000,61,3.94,1,False
11.4,other,screen time limiter app,720,46,3.44,1,False
11.4,blocker-tools,ad app blocker,590,54,3.99,1,False
11.4,how-to-block,how to limit screen time,590,46,3.5,3,True
11.4,how-to-other,how to get past screen time on iphone,170,8,0.0,1,False
11.4,blocker-tools,alfred productivity app,140,21,0.0,1,False
11.4,prayers,chris pratt prayer app,140,10,3.31,1,False
11.4,other,christian parenting course,110,1,2.42,2,False
11.4,other,christian clothing for teens,110,0,2.04,1,False
11.4,other,christian clothes for teens,110,0,2.04,1,False
11.4,addiction,phone addiction picture,90,0,0.0,2,False
11.4,addiction,social media addiction image,90,0,0.0,2,False
11.4,addiction,internet addiction questionnaire pdf,90,0,0.0,1,False
11.4,addiction,reddit internet addiction,90,0,0.0,2,False
11.4,addiction,doomscrolling en español,90,0,0.0,1,False
11.4,addiction,result of doomscrolling perhaps crossword,90,0,0.0,1,False
11.4,addiction,digital detox camp,90,0,0.0,2,False
11.4,addiction,nomophobia pronunciation,90,0,0.0,1,False
11.4,adult-blocking,covenant eyes owosso michigan,90,14,0.51,1,False
11.4,blocker-tools,adhd focus app,70,17,7.53,1,False
11.4,adult-blocking,youtube adult content blocker,70,6,0.0,1,False
11.4,blocker-tools,focus mode app,50,0,3.74,1,False
11.3,other,mahjong online free full screen,1600,56,1.22,5,False
11.3,other,screen capture recorder free,1600,60,5.28,1,False
11.3,other,screen recorder programs free,1600,60,5.28,1,False
11.3,other,limit app time,720,45,2.35,4,False
11.3,how-to-other,how to increase focus and memory,590,43,3.52,1,False
11.3,other,no filter web search,320,29,2.24,1,False
11.3,prayers,evening prayer to god,210,15,0.31,1,False
11.3,devotionals,jesus calling morning and evening devotional,170,10,0.65,1,False
11.3,competitors,youversion life church,170,40,10.78,1,False
11.3,catholic,daily examination of conscience,140,6,0.14,1,False
11.3,other,christian instrumental meditation music,140,13,4.63,2,False
11.3,how-to-other,how to keep prayer journal,110,0,1.93,2,False
11.3,prayers,prayer journal pdf,110,0,1.94,2,False
11.3,prayers,prayer journal bulk,110,0,1.92,1,False
11.3,addiction,how to break screen addiction,110,12,2.44,1,False
11.3,prayers,prayer lock app,110,0,1.94,1,False
11.3,christian-apps,christian meditation for sleep and healing,90,3,0.0,1,False
11.3,parental,bark app for ipad,90,8,1.09,1,False
11.3,blocker-tools,finding focus app,70,2,0.0,1,False
11.3,competitors,opal vs screenzen,70,0,0.0,2,True
11.3,competitors,hallow app controversy reddit,70,0,0.0,1,False
11.3,competitors,hallow vs ascension app,70,0,0.0,1,False
11.3,competitors,hallow app promo code,70,0,0.0,1,False
11.3,competitors,hallow app gift card,70,0,0.0,1,False
11.3,competitors,is the hallow app only for catholics,70,0,0.0,1,False
11.3,competitors,hallow app criticism,70,0,0.0,1,False
11.3,competitors,sister miriam hallow app,70,0,0.0,1,False
11.3,adult-blocking,adult content blocker android,50,16,9.82,1,False
11.3,adult-blocking,canopy accountability partner,50,3,2.74,1,False
11.2,other,good screen recorder free,880,53,6.22,1,False
11.2,prayers,evening prayer for tonight,210,15,0.05,1,False
11.2,prayers,vespers evening prayer today,210,15,0.0,1,False
11.2,catholic,examination of conscience guide,210,18,0.18,1,False
11.2,other,does cash app have a daily limit,210,15,0.0,1,False
11.2,other,when does cash app limit reset,170,9,0.0,1,False
11.2,platform,find screen time on iphone,170,9,0.0,1,False
11.2,addiction,social media addiction signs,140,14,0.0,2,False
11.2,addiction,digital detox challenge,140,14,0.0,1,False
11.2,addiction,r digital minimalism,140,14,0.0,2,False
11.2,bible-study,bible study small group topics,110,7,4.71,5,False
11.2,blocker-tools,how to remove site blocker,110,18,1.04,1,False
11.2,addiction,how to cure phone addiction,110,13,2.71,1,False
11.2,other,christian parenting classes,110,2,2.42,1,False
11.2,addiction,cbt for social media addiction,90,1,0.0,1,False
11.2,how-to-other,how to be productive while depressed,90,8,8.3,1,False
11.2,addiction,social media addiction help,70,17,25.25,1,False
11.1,bible-study,gateway bible reading plan,3600,73,15.66,1,False
11.1,platform,screen record mac free,880,53,6.0,4,False
11.1,platform,set screen time on iphone,260,21,0.0,1,False
11.1,how-to-other,how to view screen time on android,260,21,0.0,1,False
11.1,other,spiritual discipline definition,170,10,0.08,2,False
11.1,other,a time of quiet between the storms,140,4,0.0,1,False
11.1,verse-display,hourly bible verse widget,140,14,0.81,1,False
11.1,prayers,christian prayer journal,110,0,1.34,2,False
11.1,prayers,leather prayer journal,110,0,1.29,2,False
11.1,competitors,freedom trail tour app,110,19,2.36,1,False
11.1,catholic,blessed is she examination of conscience,90,0,2.64,1,False
11.1,addiction,how to quit social media addiction,90,8,2.63,1,False
11.1,addiction,digital detox flip phone,90,4,1.06,1,False
11.0,devotionals,daily devotional for catholic,2400,64,3.69,2,False
11.0,devotionals,catholic devotional for today,2400,64,3.69,1,False
11.0,bible-study,365 days chronological bible reading plan,1300,53,0.43,1,False
11.0,bible-study,365-day chronological bible reading plan,1300,53,0.43,1,False
11.0,blocker-tools,phone app blocker,1000,62,3.94,1,False
11.0,other,app lock phone,1000,53,3.82,13,False
11.0,addiction,quitting phone addiction,480,44,1.47,1,False
11.0,blocker-tools,us bank focus app,320,43,1.89,1,False
11.0,addiction,statistics on phone addiction,260,31,0.8,2,True
11.0,other,bark parental app,260,24,1.5,1,False
11.0,how-to-other,how to put screen time on iphone,260,24,1.48,1,False
11.0,how-to-other,how to make cold brew concentrate at home,140,5,0.19,1,False
11.0,prayers,prayer journal printable,110,0,1.21,3,False
11.0,devotionals,midwest quiet time crate cover,110,0,1.08,1,False
11.0,catholic,examination of conscience for married woman,110,0,0.0,2,False
11.0,catholic,traditional catholic examination of conscience,110,0,0.01,2,False
11.0,addiction,dopamine detox challenge,110,8,0.0,1,False
11.0,addiction,smartphone addiction scale,110,8,0.0,1,False
11.0,other,christian parenting class,110,3,2.42,1,False
11.0,audiences,books for church leaders,110,0,1.11,1,False
11.0,other,christian shows for teens,90,0,3.91,1,False
11.0,audiences,church text app,90,15,37.24,1,False
11.0,competitors,app like forest,90,20,5.47,1,False
11.0,adult-blocking,victory covenant eyes login,90,16,0.41,1,False
11.0,adult-blocking,canopy app for adults,70,17,4.42,1,False
10.9,prayers,evening prayer universalis,390,31,0.0,2,False
10.9,catholic,detailed catholic examination of conscience,260,24,0.0,1,False
10.9,audiences,church finder app,260,29,4.12,1,False
10.9,how-to-other,how to set screen time limit on ipad,140,15,4.6,3,False
10.9,how-to-other,how to concentrate hydrogen peroxide,140,5,0.0,1,False
10.9,how-to-other,how to concentrate peroxide,140,5,0.0,1,False
10.9,how-to-other,how to concentrate h2o2,140,5,0.0,1,False
10.9,devotionals,quiet time activities for 3 year olds,110,0,0.84,1,False
10.9,devotionals,quiet time toys,110,0,0.89,1,False
10.9,blocker-tools,android focus app,110,25,4.11,3,False
10.9,addiction,phone addiction in teens,90,9,2.84,1,True
10.9,how-to-other,how to get around a web filter,90,0,3.57,1,False
10.9,how-to-other,how to bypass web filter,90,0,3.57,1,False
10.9,verse-display,change lock screen time android,90,0,0.0,1,False
10.9,parental,bark app reddit,70,0,0.0,1,False
10.8,blocker-tools,social media app blocker,880,61,4.06,1,False
10.8,blocker-tools,android app blocker,880,61,4.23,3,False
10.8,prayers,sunday evening prayer,320,27,0.02,1,False
10.8,other,cash app limit screenshot,210,17,0.0,1,False
10.8,other,screen time recommendations for teens,210,24,3.72,1,False
10.8,devotionals,kindergarten quiet time music,170,11,0.0,3,False
10.8,devotionals,devotional on depression,110,0,0.82,1,False
10.8,other,blocksi web filter,110,0,0.6,1,False
10.8,addiction,nomophobia treatment,90,3,0.0,1,False
10.8,how-to-other,how to be productive when depressed,90,10,8.3,1,False
10.8,how-to-other,how to be productive with depression,90,10,8.3,1,False
10.8,other,bible group study topics,70,9,12.27,1,False
10.8,competitors,freedom boat club app,70,3,0.0,1,False
10.8,blocker-tools,bible focus app,50,0,2.25,1,False
10.7,how-to-other,how do i limit screen time,590,45,3.5,3,True
10.7,catholic,catholic mass times app,480,38,0.0,1,False
10.7,how-to-other,how to focus more,390,38,4.05,2,False
10.7,platform,forgot screen time password iphone,390,32,0.0,1,False
10.7,catholic,catholic first saturday devotion,320,40,6.88,2,False
10.7,devotionals,devotional on the holy spirit,110,0,0.56,1,False
10.7,devotionals,devotional on strength,110,0,0.58,1,False
10.7,addiction,meta and youtube found liable in social media addiction trial,110,30,12.0,1,False
10.7,how-to-other,how to use redken acidic bonding concentrate leave-in treatment,110,0,0.58,2,False
10.7,competitors,hallow app login,110,18,0.89,1,False
10.7,addiction,tiktok doomscrolling,90,4,0.0,3,False
10.7,christian-apps,lightpost church app,70,6,3.08,1,False
10.6,prayers,ibreviary evening prayer today,720,44,0.0,1,False
10.6,addiction,social media addiction effects,320,50,27.43,3,False
10.6,addiction,consequences of social media addiction,320,,27.43,1,False
10.6,other,cloud web filter,170,28,9.05,1,False
10.6,competitors,forest app for studying,170,27,0.0,1,False
10.6,competitors,youversion bible app for apple watch,170,27,0.0,1,False
10.6,how-to-other,how to control screen time on iphone,170,18,2.69,1,False
10.6,prayers,christian prayer evening,110,8,3.72,3,False
10.6,prayers,prayer journal for beginners,110,0,0.2,1,False
10.6,how-to-other,how to write a prayer journal,110,0,0.18,2,False
10.6,devotionals,devotional on fasting,110,0,0.21,1,False
10.6,other,christian game app,110,6,2.72,2,False
10.6,other,christian gaming app,110,6,2.72,1,False
10.6,addiction,phone addiction in teenagers,90,11,2.84,1,False
10.6,how-to-other,how to use la mer concentrate,90,0,2.72,2,False
10.6,adult-blocking,explicit content blocker,70,23,6.85,1,False
10.6,audiences,christian church leaders,70,10,17.93,2,False
10.6,competitors,freedom boat club reservation app,70,4,0.0,1,False
10.6,bible-study,famous memory verses,50,0,12.42,1,False
10.6,bible-study,top memory verses,50,0,12.42,1,False
10.6,bible-study,popular memory verses,50,0,12.42,1,False
10.6,devotionals,devotional on community,50,0,28.42,1,False
10.6,addiction,teenage internet addiction,50,11,21.27,1,False
10.6,addiction,internet addiction teenager,50,11,21.27,5,False
10.6,adult-blocking,accountability partner in spanish,50,0,0.0,1,False
10.6,adult-blocking,another word for accountability partner,50,0,0.0,1,False
10.6,other,enterprise web filter,50,0,63.52,1,False
10.6,devotionals,church of christ daily devotional app,50,0,41.12,1,False
10.6,adult-blocking,covenant eyes affiliate,50,0,0.0,1,False
10.6,adult-blocking,covenant eyes for linux,50,0,0.01,1,False
10.6,adult-blocking,does covenant eyes cost money,50,0,0.0,1,False
10.5,verse-display,daily bible verse net,720,49,0.0,1,False
10.5,other,limit app,590,48,5.64,2,False
10.5,addiction,article about social media addiction,260,47,15.41,2,False
10.5,audiences,leaders life church,260,28,2.56,2,False
10.5,blocker-tools,personal productivity app,170,40,7.34,2,False
10.5,bible-verses,most important bible verses to memorize,110,0,0.06,1,False
10.5,bible-verses,100 bible verses to memorize pdf,110,0,0.0,1,False
10.5,prayers,journey deeper evening prayer,110,0,0.0,1,False
10.5,prayers,evening gratitude prayer,110,0,0.0,2,False
10.5,prayers,evening prayer st augustine,110,0,0.0,3,False
10.5,prayers,good evening prayer message,110,0,0.0,2,False
10.5,prayers,evening prayer for my wife,110,0,0.0,1,False
10.5,prayers,kreupasanam evening prayer,110,0,0.0,1,False
10.5,bible-verses,intercessory prayer scriptures kjv,110,0,0.0,2,False
10.5,prayers,intercessory prayer for the sick,110,0,0.0,1,False
10.5,prayers,intercessory prayer warrior,110,0,0.0,2,False
10.5,prayers,sample prayer journal entry,110,0,0.05,1,False
10.5,prayers,notebook prayer journal ideas,110,0,0.06,1,False
10.5,prayers,what to write in prayer journal,110,0,0.1,2,False
10.5,prayers,examples of prayer journal entries,110,0,0.05,1,False
10.5,prayers,prayer journal entry examples,110,0,0.05,1,False
10.5,devotionals,devotional good morning friday god images,110,0,0.0,1,False
10.5,devotionals,devotional on proverbs 3:5-6,110,0,0.02,3,False
10.5,devotionals,advent hope devotional,110,0,0.0,4,False
10.5,devotionals,devotional on kindness,110,0,0.0,1,False
10.5,devotionals,devotional on change,110,0,0.0,1,False
10.5,devotionals,advent peace devotional,110,0,0.0,4,False
10.5,devotionals,devotional on unity,110,0,0.0,1,False
10.5,devotionals,quiet time meaning,110,0,0.0,2,False
10.5,devotionals,johnny gill quiet time to play,110,0,0.0,1,False
10.5,devotionals,a quiet time rdr2 gold,110,0,0.0,2,False
10.5,bible-verses,verses about spiritual discipline,110,0,0.0,1,False
10.5,other,spiritual discipline verse,110,0,0.0,2,False
10.5,other,personal and spiritual growth,110,0,0.0,1,False
10.5,devotionals,women's advent devotional,110,0,0.0,1,False
10.5,devotionals,advent christmas devotional,110,0,0.0,2,False
10.5,devotionals,advent devotional women,110,0,0.0,2,False
10.5,other,why is my screen time limit going off early,110,0,0.0,1,False
10.5,how-to-other,how to get ignore limit on screen time without password,110,0,0.0,1,False
10.5,how-to-other,how to get ignore limit on screen time,110,0,0.0,3,False
10.5,other,block at end of limit screen time,110,0,0.0,1,False
10.5,other,focus town app,110,0,0.0,1,False
10.5,other,lightspeed web filter bypass,110,0,0.0,1,False
10.5,how-to-other,how to set screen lock time on iphone,110,0,0.0,1,False
10.5,how-to-other,how to mix antifreeze concentrate,110,0,0.0,2,False
10.5,how-to-other,how to make frozen orange juice concentrate,110,0,0.0,1,False
10.5,how-to-other,how to make orange juice from frozen concentrate,110,0,0.0,1,False
10.5,how-to-other,how to smoke concentrate dabs,110,0,0.0,1,False
10.5,audiences,why did church leaders oppose the practice of simony,110,0,0.0,1,False
10.5,other,christian sleep meditation music,110,0,0.0,2,False
10.5,bible-verses,scriptures about intercessory prayer,90,0,2.59,1,False
10.5,how-to-other,how to use kiehl's midnight recovery concentrate,90,0,2.51,1,False
10.5,verse-display,daily bible verse on lock screen,90,6,1.61,2,False
10.5,addiction,adhd and screen addiction,70,0,1.21,1,False
10.5,christian-apps,easy worship app,70,8,3.48,1,False
10.5,christian-apps,grace church app,70,0,0.0,1,False
10.4,prayers,daily kairos prayer journal,210,20,0.71,1,False
10.4,audiences,youth ministry convention,210,37,18.51,1,False
10.4,other,cash app money limit,170,13,0.0,1,False
10.4,other,cash app receive limit,170,13,0.0,1,False
10.4,how-to-other,how to turn screen time off on iphone,170,13,0.0,1,False
10.4,how-to-block,how to disable pop up blocker internet explorer,110,6,0.0,6,False
10.4,addiction,social media addiction facts,110,31,19.54,2,False
10.4,prayers,not consumed prayer journal,90,0,2.25,1,False
10.4,catholic,thorough examination of conscience,90,0,0.96,1,False
10.4,how-to-block,how to turn off content blocker on iphone,90,0,0.0,1,False
10.4,christian-apps,realm church app,90,15,3.27,1,False
10.4,competitors,is opal app safe,90,12,0.0,1,False
10.4,competitors,freedom portal login app,70,5,0.0,1,False
10.4,other,web content filter appliance,50,1,17.63,1,False
10.3,other,mario game online play free full screen,880,51,2.2,1,False
10.3,prayers,divine office evening prayer,320,29,0.0,2,False
10.3,prayers,when is maghrib prayer time today,320,29,0.0,1,False
10.3,prayers,prayer meditation app,260,30,3.23,2,False
10.3,how-to-other,how to set screen time on android,210,19,0.0,1,False
10.3,devotionals,quiet time companion,110,2,0.38,1,False
10.3,other,christian parenting workshops,110,7,2.42,1,False
10.3,bible-study,bible study lesson topics,90,0,2.14,4,False
10.3,prayers,christian prayer meditation,90,9,6.39,7,False
10.3,competitors,freedom tv app,90,19,3.06,1,False
10.3,addiction,teenage screen addiction,70,4,2.37,1,False
10.3,audiences,church notes app,70,0,5.44,1,False
10.3,adult-blocking,covenant eyes sign in,70,12,0.07,1,False
10.3,other,web filter appliance,50,2,17.63,1,False
10.3,adult-blocking,covenant eyes on android,50,9,3.21,1,False
10.2,addiction,smart phone addiction,590,50,1.45,1,False
10.2,addiction,teens social media addiction,320,50,10.45,2,False
10.2,addiction,teenage social media addiction,320,50,10.45,2,False
10.2,how-to-other,how to fix screen time on iphone,170,14,0.0,1,False
10.2,addiction,how to stop phone addiction for students,140,23,2.18,1,False
10.2,other,safe browsing tips,140,9,0.0,2,False
10.2,how-to-other,how to hide an app from screen time,110,2,0.0,2,False
10.2,addiction,how to break gaming addiction,110,25,6.67,2,False
10.2,christian-apps,christian app games,110,20,2.72,1,False
10.2,how-to-other,how to get past web filter,90,4,3.57,1,False
10.2,competitors,does opal app cost money,90,13,0.0,1,False
10.2,competitors,yellow brick app,90,13,0.0,1,False
10.2,other,app to help you focus,70,0,5.12,2,False
10.2,christian-apps,haven christian app,50,15,20.76,1,False
10.1,how-to-other,how to improve focus and memory,590,47,3.52,2,False
10.1,other,focus tree app,210,36,10.28,1,False
10.1,other,united christian broadcasters app,140,13,1.68,1,False
10.1,devotionals,word of life quiet time,110,4,0.68,3,False
10.1,other,kiehl's midnight recovery concentrate how to use,90,0,1.62,2,False
10.1,parental,bark app login,90,12,0.08,1,False
10.1,devotionals,devotional on esther,70,0,5.05,1,False
10.1,blocker-tools,brain focus app,70,17,3.99,1,False
10.1,christian-apps,2819 church app,70,2,0.0,1,False
10.1,verse-display,display time on home screen android,70,4,2.82,1,False
10.1,other,cisco web filter,50,3,25.59,1,False
10.0,blocker-tools,site blocker addon,880,61,2.19,1,False
10.0,other,tree bark id app,720,,2.98,1,False
10.0,other,google transparency report safe browsing,590,55,11.36,2,False
10.0,blocker-tools,screen time blocker app,260,44,2.91,3,False
10.0,platform,screen time management app for iphone,260,26,0.0,1,False
10.0,catholic,catholic examination of conscience guide,170,18,0.0,1,False
10.0,how-to-other,how to set up screen time on ipad,140,10,0.02,1,False
10.0,other,christian radio app,140,12,0.78,1,False
10.0,bible-verses,100 most important bible verses to memorize,110,3,0.05,1,False
10.0,prayers,examination of conscience prayer,110,3,0.02,2,False
10.0,how-to-other,how to set up screen time passcode,110,3,0.0,2,False
10.0,other,topical memory system verses pdf,90,0,1.21,1,False
10.0,catholic,roman catholic confession app,90,0,0.0,4,False
10.0,catholic,examination of conscience opus dei,90,0,0.0,2,False
10.0,catholic,7 deadly sins examination of conscience,90,0,0.0,2,False
10.0,catholic,printable examination of conscience worksheet,90,0,0.06,1,False
10.0,other,focus green noise green noise app,90,0,1.35,1,False
10.0,blocker-tools,desktop productivity app,90,23,3.45,1,False
10.0,blocker-tools,permanent site blocker,90,22,2.86,1,False
10.0,addiction,my strange addiction title screen,90,8,0.0,1,False
10.0,verse-display,bible verse lock screen iphone,90,6,0.35,1,False
10.0,addiction,social media addiction meme,70,0,0.0,2,False
10.0,addiction,doomscrolling clipart,70,0,0.0,1,False
10.0,addiction,how to stop doomscrolling adhd,70,0,0.0,1,False
10.0,addiction,is playing video games better than doomscrolling,70,0,0.0,1,False
10.0,addiction,help me reduce youtube doomscrolling,70,0,0.0,1,False
10.0,addiction,dopamine detox pdf,70,0,0.0,1,False
10.0,addiction,digital detox retreat near me,70,0,0.0,1,False
10.0,addiction,digital detox coach,70,0,0.0,1,False
10.0,addiction,digital detox crossword,70,0,0.0,1,False
10.0,addiction,why is nomophobia a problem,70,0,0.0,2,False
10.0,addiction,technology addiction scholarship,70,0,0.0,1,False
10.0,christian-apps,christian app org,50,16,18.68,1,False
10.0,competitors,hallow app in spanish,50,7,4.3,1,False
9.9,bible-verses,daily random bible verse,590,43,0.0,1,False
9.9,how-to-other,how to spiritual growth,390,37,1.22,1,True
9.9,prayers,when did like a prayer come out,320,31,0.0,1,False
9.9,blocker-tools,stayfree screen time app,210,38,1.29,1,False
9.9,blocker-tools,forest productivity app,210,36,0.0,1,False
9.9,competitors,youversion events login,170,30,0.0,1,False
9.9,prayers,prayer diary app,140,17,2.97,1,False
9.9,prayers,evening devotion prayer,110,4,0.23,2,False
9.9,addiction,doomscrolling urban dictionary,110,14,0.0,1,False
9.9,bible-verses,shortest bible verses to memorize,90,0,1.0,1,False
9.9,bible-verses,short bible verses to memorize,90,0,1.0,1,False
9.9,prayers,blank prayer journal,90,0,1.09,1,False
9.9,devotionals,quiet time activities for 5 year olds,90,0,0.98,1,False
9.9,blocker-tools,firewall internet blocker,70,10,0.0,1,False
9.9,competitors,emergency unbrick brick app,70,9,0.35,1,False
9.9,blocker-tools,fitness focus app charge on credit card,50,0,0.0,1,False
9.9,blocker-tools,uninstall digital wellbeing,50,0,0.0,1,False
9.8,devotionals,turning point daily devotional for today,720,47,0.15,1,False
9.8,competitors,youversion bible app for ipad,320,43,0.0,1,False
9.8,competitors,youversion sign in,210,35,0.0,1,False
9.8,how-to-block,how to turn off screen time limit,170,21,0.0,1,False
9.8,prayers,st joseph intercessory prayer,110,4,0.0,2,False
9.8,devotionals,quiet time with god music,110,4,0.0,2,False
9.8,catholic,catholic exorcism app,110,7,0.0,1,False
9.8,how-to-other,how to pronounce concentrate,110,4,0.0,1,False
9.8,bible-verses,bible passages about fatherhood,90,0,0.75,1,False
9.8,bible-study,bible study group topics,90,0,0.69,3,False
9.8,prayers,prayer journal cover,90,0,0.89,2,False
9.8,prayers,war room prayer journal pdf,90,0,0.8,1,False
9.8,prayers,words with god prayer journal,90,0,0.74,1,False
9.8,devotionals,quiet time toys for 3 year olds,90,0,0.78,1,False
9.8,addiction,how to get rid of social media addiction,90,9,0.0,1,False
9.8,how-to-other,how to use starbucks cold brew concentrate,90,0,0.79,1,False
9.8,how-to-other,how to use shiseido ultimune power infusing concentrate,90,0,0.82,1,False
9.8,how-to-other,how to use shiseido power infusing concentrate,90,0,0.82,1,False
9.8,bible-verses,bible verse bracelet app,90,0,0.88,2,False
9.8,christian-apps,christian faith app,90,11,0.0,1,False
9.8,blocker-tools,camera focus app,70,14,1.57,2,False
9.8,competitors,freedom app price,50,3,1.91,1,False
9.8,competitors,freedom app pricing,50,3,1.91,1,False
9.7,other,screen time reduce app,480,47,5.26,1,False
9.7,how-to-other,how to change screen time on iphone 13,170,17,0.0,1,False
9.7,blocker-tools,forest screen time app,140,29,0.4,1,False
9.7,other,best time of day to take beta blocker,110,5,0.0,2,False
9.7,addiction,addiction to phone games,110,15,0.09,1,False
9.7,bible-study,family bible study topics,90,0,0.58,2,False
9.7,prayers,intercessory prayer examples in the bible,90,0,0.49,3,False
9.7,prayers,biblical examples of intercessory prayer,90,0,0.49,1,False
9.7,devotionals,devotional on rest,90,0,0.56,1,False
9.7,how-to-other,how to make chai concentrate at home,90,1,0.94,1,False
9.7,christian-apps,mark wahlberg christian app,70,7,0.91,1,False
9.7,competitors,brick app cost,70,13,1.78,1,False
9.7,competitors,screenzen for mac,70,9,0.0,1,False
9.6,devotionals,christian devotional app,590,46,1.43,1,True
9.6,how-to-block,how to block ads android apps,260,36,2.56,7,False
9.6,how-to-block,how to block ads from android apps,260,36,2.56,2,False
9.6,bible-verses,inspirational bible passages about hope,140,17,2.22,1,False
9.6,blocker-tools,screen time app limit,140,29,0.0,5,True
9.6,how-to-other,how to concentrate study,140,16,1.67,6,False
9.6,platform,screen lock time android,140,12,0.0,2,False
9.6,catholic,mark wahlberg catholic app,110,16,3.63,1,False
9.6,bible-verses,bible passages about grandparents,90,0,0.21,1,False
9.6,bible-study,memory verses cards,90,0,0.39,1,False
9.6,prayers,war room prayer journal template,90,0,0.28,1,False
9.6,prayers,prayer journal near me,90,0,0.21,1,False
9.6,prayers,dear future husband prayer journal,90,0,0.41,1,False
9.6,devotionals,bible study quiet time,90,1,0.62,3,False
9.6,how-to-other,how to concentrate better while studying,90,4,1.87,1,False
9.6,how-to-other,how to make matcha concentrate,90,0,0.4,1,False
9.6,other,christian romance books for teens,90,0,0.32,1,False
9.6,other,christian quotes for teens,90,0,0.16,1,False
9.6,catholic,traditional examination of conscience,70,0,2.35,1,False
9.6,verse-display,pinterest bible verse lock screen,70,0,0.0,1,False
9.6,other,worship leader app,70,8,7.59,1,True
9.6,blocker-tools,digital wellbeing experiment,50,2,0.0,2,False
9.6,christian-apps,eagle brook church app,50,11,7.34,1,False
9.5,other,google safe browsing site status,880,51,0.0,1,False
9.5,other,snapchat filter web,390,,11.12,1,False
9.5,addiction,how to get over phone addiction,210,35,2.22,2,False
9.5,competitors,youversion bible app widget,170,32,0.0,1,False
9.5,addiction,doomscrolling vs mindless scrolling,140,22,0.0,1,False
9.5,adult-blocking,victory by covenant eyes,140,33,0.46,1,False
9.5,how-to-block,how to disable screen time on android,140,18,0.0,1,False
9.5,devotionals,quiet time with god instrumental,110,6,0.0,1,False
9.5,catholic,catholic examination of conscience before confession,110,15,2.98,1,False
9.5,prayers,mark wahlberg prayer app cost,110,14,3.58,1,False
9.5,christian-apps,christian meditation london,110,18,0.0,1,False
9.5,other,covenant with my eyes,110,6,0.0,1,False
9.5,bible-verses,bible passages about vocation,90,0,0.0,1,False
9.5,bible-study,easter memory verses,90,0,0.0,1,False
9.5,bible-verses,memory verses for easter,90,0,0.0,1,False
9.5,bible-study,memory verses kjv,90,0,0.0,2,False
9.5,bible-study,kjv bible memory verses,90,0,0.0,2,False
9.5,bible-verses,children's memory verses for christmas,90,0,0.0,1,False
9.5,bible-verses,loving memory rest in peace bible verses about death,90,0,0.06,1,False
9.5,bible-verses,bible verses in memory of a loved one,90,0,0.03,1,False
9.5,bible-study,king james bible memory verses,90,0,0.0,1,False
9.5,prayers,intercessory prayer for church leaders,90,0,0.0,1,False
9.5,prayers,intercessory prayer images,90,0,0.04,1,False
9.5,prayers,intercessory prayer for lost souls,90,0,0.0,1,False
9.5,prayers,intercessory prayer pictures,90,0,0.04,1,False
9.5,prayers,free printable prayer journal template,90,0,0.0,1,False
9.5,devotionals,devotional on perseverance,90,0,0.0,1,False
9.5,devotionals,devotional on psalm 1,90,0,0.0,1,False
9.5,devotionals,ladies devotional on friendship,90,0,0.01,1,False
9.5,devotionals,quiet time song,90,0,0.0,3,False
9.5,other,what time is quiet hours in apartments,90,0,0.0,2,False
9.5,how-to-other,how to have quiet time with god,90,0,0.08,2,False
9.5,devotionals,sesame street quiet time dvd,90,0,0.02,2,False
9.5,devotionals,quiet time visual,90,0,0.01,1,False
9.5,devotionals,sesame street quiet time trailer,90,0,0.0,1,False
9.5,devotionals,the greatest gift advent devotional,90,0,0.0,2,False
9.5,prayers,prayer before examination of conscience,90,0,0.0,1,False
9.5,other,exclude app from screen time,90,0,0.0,1,False
9.5,other,screen time remove app,90,0,0.0,1,False
9.5,how-to-other,how to remove ignore limit on screen time,90,0,0.0,1,False
9.5,other,ignore limit screen time,90,0,0.0,3,False
9.5,other,web filter violation,90,0,0.0,1,False
9.5,other,antifreeze concentrate how to mix,90,0,0.0,1,False
9.5,how-to-other,how to mix neem oil concentrate,90,0,0.02,1,False
9.5,other,how much cold brew concentrate to use,90,0,0.0,1,False
9.5,audiences,jewish church leaders,90,0,0.0,1,False
9.5,audiences,devotion for church leaders meeting,90,0,0.0,1,False
9.5,audiences,church leaders names,90,0,0.0,3,False
9.5,other,christian transcendental meditation,90,0,0.0,2,False
9.5,other,christian healing meditation,90,0,0.0,1,False
9.5,platform,change screen lock time android,90,0,0.0,1,False
9.5,other,get around web filter,70,0,3.13,1,False
9.5,other,web filter bypass,70,0,3.13,2,False
9.5,christian-apps,real faith app,70,6,0.0,1,False
9.5,competitors,how does opal app work,70,29,11.05,1,False
9.5,competitors,freedom app cost,70,15,2.23,3,False
9.5,competitors,brick dynasty app,50,0,0.0,1,False
9.5,competitors,unpluq vs brick,50,0,0.0,2,True
9.5,competitors,hallow app ads,50,0,0.0,1,False
9.5,competitors,who created hallow app,50,0,0.0,1,False
9.5,competitors,hallow app creator,50,0,0.0,1,False
9.5,competitors,problems with hallow app,50,0,0.0,1,False
9.5,competitors,hallow app commercial actors,50,0,0.0,1,False
9.5,competitors,hallow app actors,50,0,0.0,1,False
9.4,prayers,church of england daily prayer app,390,37,0.0,3,False
9.4,competitors,bible youversion login,390,48,0.0,3,False
9.4,prayers,liturgy of the hours evening prayer,320,33,0.0,2,False
9.4,audiences,church center app icon,320,33,0.0,1,False
9.4,other,screen time limit by age,260,31,1.28,1,False
9.4,addiction,social media addiction article,260,47,8.23,5,False
9.4,catholic,simple examination of conscience pdf,170,26,2.54,1,False
9.4,competitors,youversion connect login,140,28,0.0,1,False
9.4,prayers,prayer com app,110,20,6.87,1,False
9.4,audiences,church texting app,90,23,37.24,1,False
9.4,catholic,catholic missal app,70,1,2.03,2,False
9.4,competitors,iphone brick app,70,15,1.86,1,False
9.4,competitors,forest app adhd,70,11,0.0,1,False
9.4,competitors,hallow meditation app,70,17,2.91,1,False
9.4,catholic,ascension catholic app,50,8,10.69,1,False
9.4,competitors,hallow app advertisement,50,1,0.0,1,False
9.4,competitors,hallow app commercial,50,1,0.0,1,False
9.3,devotionals,devotional for teenagers,720,,1.11,1,False
9.3,platform,limit screen time ipad,260,31,0.98,5,False
9.3,other,productivity ai app,260,29,0.0,2,False
9.3,other,best time to take beta blocker,170,19,0.0,1,False
9.3,devotionals,sda morning devotional today,140,14,0.0,1,False
9.3,addiction,how long does a dopamine detox take,140,23,0.0,2,False
9.3,catholic,catholic calendar app,110,10,0.0,1,False
9.3,how-to-other,how to use thc concentrate wax,110,7,0.0,1,False
9.3,competitors,hallow prayer and meditation app,110,28,2.63,1,False
9.3,competitors,opal ice maker app,110,23,0.0,1,False
9.3,prayers,jesuit prayer app,90,1,0.0,1,False
9.3,competitors,android freedom app,70,16,2.0,4,False
9.3,blocker-tools,study bunny focus timer,50,17,6.22,2,False
9.3,platform,web filter for ipad,50,0,7.71,1,False
9.3,adult-blocking,canopy web filter,50,13,2.4,1,False
9.3,bible-verses,ask bible verse app,50,6,10.9,1,False
9.3,christian-apps,new life church app,50,4,3.05,1,False
9.2,other,speed limit app,480,44,1.53,2,False
9.2,blocker-tools,screen time block app,260,47,2.91,2,False
9.2,how-to-other,how to add bible verse widget lock screen iphone,260,31,0.77,1,False
9.2,addiction,doomscrolling examples,210,33,0.0,1,False
9.2,parental,web filter parental control,210,36,0.0,2,False
9.2,how-to-other,how to concentrate studying,140,18,1.67,2,False
9.2,verse-display,cute bible verse wallpaper aesthetic,140,22,0.02,1,False
9.2,catholic,catholic examination of conscience for teens,90,5,0.0,3,False
9.2,how-to-other,how to get daily bible verse on lock screen,90,7,2.02,1,False
9.2,audiences,church leaders summit,90,24,28.31,1,False
9.2,other,bark jr app,90,5,1.4,1,False
9.2,blocker-tools,jolt screen time app,70,14,0.0,1,False
9.2,competitors,freedom app reddit,70,12,0.0,1,False
9.2,devotionals,devotional on servant leadership,50,0,7.13,1,False
9.2,addiction,articles to read instead of doomscrolling,50,0,2.05,1,False
9.1,christian-apps,bible app downloads,3600,75,2.64,1,False
9.1,christian-apps,downloadable bible app,3600,75,2.64,1,False
9.1,bible-study,the sermon on the mount bible study book,720,,0.74,1,False
9.1,other,app for monitoring screen time,390,47,6.54,2,False
9.1,other,best free apps to limit screen time for adults,320,38,2.23,3,False
9.1,competitors,forest time management app,170,34,0.0,1,False
9.1,prayers,simple evening prayer,140,15,0.01,1,False
9.1,blocker-tools,hank green productivity app,140,31,0.0,1,False
9.1,competitors,ge opal ice maker app,110,24,0.0,1,False
9.1,competitors,youversion churches,110,24,0.0,1,False
9.1,how-to-other,how to make a good confession examination of conscience,90,3,0.08,1,False
9.1,christian-apps,breeze church app,90,25,5.24,1,False
9.1,christian-apps,eric church app state,90,15,0.0,1,False
9.1,other,bark premium app,90,7,1.97,1,False
9.1,addiction,doomscrolling synonym,70,6,0.0,1,False
9.1,audiences,baptist church leaders,70,0,2.04,1,False
9.1,bible-study,good bible study topics for women,50,0,6.88,1,False
9.1,bible-study,good women's bible study topics,50,0,6.88,2,False
9.1,devotionals,devotional on courage,50,0,6.9,1,False
9.1,competitors,magic brick app,50,10,3.05,1,False
9.0,blocker-tools,website blocker freeware,880,64,2.73,1,False
9.0,devotionals,catholic advent daily devotional,140,16,0.0,1,False
9.0,addiction,gaming addiction statistics,140,25,0.0,2,False
9.0,other,app screen lock time password,110,9,0.0,2,False
9.0,other,is private browsing safe,110,9,0.0,2,False
9.0,catholic,catholic owned app,90,6,0.0,1,False
9.0,how-to-other,how to turn on ignore limit on screen time,90,3,0.0,1,False
9.0,addiction,meta social media addiction lawsuit,90,33,23.07,1,False
9.0,how-to-other,how to concentrate when you have adhd,90,3,0.0,1,False
9.0,prayers,intercessory prayer training manual pdf,70,0,1.79,1,False
9.0,devotionals,quiet time bins,70,0,1.71,1,False
9.0,devotionals,quiet time boxes,70,0,1.71,1,False
9.0,devotionals,quiet time box,70,0,1.71,1,False
9.0,other,app to help limit screen time,70,8,5.62,3,False
9.0,christian-apps,christian meditation music for anxiety,70,9,0.03,1,False
9.0,competitors,forest shuffle app,70,13,0.0,1,False
9.0,blocker-tools,flora focus app,50,6,0.0,1,False
9.0,adult-blocking,canopy accountability software,50,16,2.87,1,False
8.9,platform,free screen recording software for mac,880,59,6.0,1,False
8.9,other,app to track screen time,480,46,1.99,2,False
8.9,addiction,how to beat phone addiction,210,35,0.49,2,False
8.9,prayers,prayer for when you wake up,170,21,0.0,1,False
8.9,addiction,social media causes addiction,170,45,11.61,7,False
8.9,other,live focus camera app,110,10,0.0,1,False
8.9,addiction,gaming addiction in teenagers,110,28,4.72,1,False
8.9,how-to-other,how to be productive at workplace,110,10,0.0,1,False
8.9,audiences,church of jesus christ of latter day saints leaders,110,10,0.0,1,False
8.9,adult-blocking,canopy app library,110,30,0.0,1,False
8.9,how-to-other,how to memorize bible verses fast,90,12,3.57,1,False
8.9,addiction,adhd dopamine detox,90,14,0.0,3,False
8.9,addiction,dopamine detox side effects,90,14,0.0,1,False
8.9,audiences,church life app,90,13,4.19,1,False
8.9,competitors,lego brick app,90,22,0.79,2,False
8.9,platform,screen time setting android,90,4,0.0,1,False
8.9,addiction,doomscrolling que significa,70,7,0.0,1,False
8.9,other,christian apologetics for teens,70,0,1.61,1,False
8.9,christian-apps,faith ai bible app,70,17,3.42,1,False
8.9,competitors,freedom fight app,70,16,0.98,1,False
8.9,competitors,forest app pc,70,14,0.0,2,False
8.9,christian-apps,christian meditation practices,50,2,0.97,1,False
8.9,audiences,church 360 app,50,0,6.34,1,False
8.9,competitors,forest app icon,50,4,0.0,2,False
8.8,devotionals,charles spurgeon devotional morning and evening,880,54,0.77,3,False
8.8,addiction,app to reduce screen time,320,47,3.08,3,False
8.8,competitors,chase freedom app,320,54,6.33,1,False
8.8,bible-verses,bible passages about environment,170,22,0.05,1,False
8.8,other,define spiritual discipline,170,22,0.08,1,False
8.8,other,christian ai app,170,26,2.29,1,False
8.8,how-to-block,how to limit screen time on android,140,34,7.69,1,False
8.8,how-to-other,how to set screen time password,140,17,0.0,2,False
8.8,other,christian summer camps teens,140,23,3.13,3,False
8.8,catholic,mychart catholic health app,110,13,0.0,2,False
8.8,catholic,catholic daily readings and reflections app,110,17,1.89,1,False
8.8,addiction,doomscrolling addiction,110,23,1.41,1,False
8.8,other,bark guard dog app,110,12,0.59,1,False
8.8,addiction,cal newport digital minimalism book,90,15,0.0,1,False
8.8,devotionals,midwest quiet time pet bed,70,0,1.35,1,False
8.8,devotionals,midwest quiet time pet beds,70,0,1.35,1,False
8.8,catholic,catholic devotion crossword clue,70,0,0.0,1,False
8.8,catholic,examination of conscience seven deadly sins,70,0,0.0,2,False
8.8,catholic,examination of conscience for married adults,70,0,0.02,1,False
8.8,catholic,nightly examination of conscience,70,0,0.0,1,False
8.8,blocker-tools,freedom productivity app,70,20,1.84,1,False
8.8,blocker-tools,digital wellbeing app timer,50,7,0.0,1,False
8.8,christian-apps,christian meditation mantra,50,0,0.0,1,False
8.8,christian-apps,lcbc church app,50,0,0.0,1,False
8.7,verse-display,lock screen time android,390,45,0.0,2,False
8.7,how-to-block,how to turn off screen time on android,170,27,0.0,1,False
8.7,blocker-tools,good website blocker,140,42,6.17,1,False
8.7,other,dns web filter,140,36,18.77,2,False
8.7,bible-study,easy memory verses,110,11,0.04,1,False
8.7,devotionals,daily light on the daily path devotional,110,11,0.0,1,False
8.7,blocker-tools,how to remove website blocker,110,30,1.04,1,False
8.7,how-to-block,how to turn off pop-up blocker internet explorer,110,16,0.0,2,False
8.7,addiction,teenage gaming addiction,110,29,4.72,1,False
8.7,audiences,bethel church worship leaders,110,11,0.0,1,False
8.7,blocker-tools,website blocker studying,90,30,3.85,2,False
8.7,blocker-tools,study website blocker,90,30,3.85,1,False
8.7,other,screen time remover app,90,5,0.0,1,False
8.7,other,why shouldn't parents limit screen time,90,5,0.0,2,False
8.7,other,tiktok screen time limit,90,17,5.63,1,False
8.7,other,focus lock app,90,5,0.0,1,False
8.7,prayers,intercessory prayer by dutch sheets pdf,70,0,0.99,1,False
8.7,prayers,intercessory prayer pdf dutch sheets,70,0,0.99,3,False
8.7,blocker-tools,motion productivity app,70,23,3.15,1,False
8.7,other,web filter fresh,70,0,0.82,1,False
8.7,other,redken acidic bonding concentrate how to use,70,0,0.98,1,False
8.7,competitors,forest app macbook,70,15,0.0,1,False
8.7,blocker-tools,flip focus timer for study,50,8,0.0,1,False
8.7,parental,is bark app safe,50,15,5.39,1,False
8.6,devotionals,today's daily devotional,4400,75,4.63,1,False
8.6,platform,screen recorder free mac,880,60,6.0,2,False
8.6,other,google safe browsing url check,390,45,3.24,2,False
8.6,platform,best android app productivity,320,40,2.18,3,False
8.6,other,focus plant app,260,34,0.86,1,False
8.6,competitors,youversion bible app for mac,260,44,0.0,1,False
8.6,addiction,video gaming addiction statistics,140,27,0.0,1,False
8.6,competitors,youversion bible in a year plan,140,34,1.04,1,False
8.6,addiction,fact about social media addiction,110,39,19.54,2,False
8.6,devotionals,wholehearted quiet time,90,6,0.0,1,False
8.6,catholic,catholic faith app,90,9,0.0,1,False
8.6,audiences,church leaders resources,90,6,0.0,2,False
8.6,how-to-other,how to extend screen time on android,90,6,0.0,1,False
8.6,bible-study,interesting bible study topics,70,0,0.74,1,False
8.6,devotionals,morning mercies devotional,70,0,0.53,1,False
8.6,devotionals,morning devotional book,70,0,0.61,2,False
8.6,devotionals,quiet time journal,70,0,0.67,1,False
8.6,devotionals,quiet time pet beds,70,0,0.72,1,False
8.6,devotionals,quiet time pet bed,70,0,0.72,1,False
8.6,other,christian book reader app,70,0,0.75,1,False
8.6,competitors,abide bible app,70,28,7.07,1,False
8.6,addiction,book about technology addiction,50,0,0.33,2,False
8.6,addiction,technology addiction book,50,0,0.33,2,False
8.6,other,christian single parenting,50,0,5.09,1,False
8.6,other,christian filipina app,50,12,12.66,1,False
8.6,other,worship planning app,50,12,13.36,1,False
8.6,christian-apps,elizabeth baptist church app,50,2,0.0,1,False
8.6,competitors,opal travel app,50,6,0.0,1,False
8.6,competitors,screenzen for windows,50,6,0.0,1,False
8.6,competitors,forest app christmas tree,50,6,0.0,1,False
8.6,competitors,how much is the hallow app subscription,50,6,0.0,1,False
8.5,other,app timer limit,720,54,2.35,1,False
8.5,blocker-tools,apple screen time app,590,60,1.91,2,False
8.5,competitors,forest app for focus,320,48,0.0,1,False
8.5,catholic,examination of conscience checklist,140,26,2.56,1,False
8.5,christian-apps,world community for christian meditation uk,110,24,0.0,1,False
8.5,competitors,hallow christian app,90,29,3.64,2,False
8.5,bible-study,women's small group bible study topics,70,0,0.51,1,False
8.5,other,navigators topical memory system verses list,70,0,0.5,1,False
8.5,devotionals,new mercies every morning devotional,70,0,0.47,1,False
8.5,devotionals,devotional on worry,70,0,0.41,1,False
8.5,devotionals,devotional on trusting god,70,0,0.27,1,False
8.5,prayers,women's devotional on prayer,70,0,0.49,1,False
8.5,devotionals,quiet time sign,70,0,0.32,2,False
8.5,devotionals,quiet time behr paint,70,0,0.38,2,False
8.5,devotionals,behr quiet time,70,0,0.38,2,False
8.5,other,celebration as a spiritual discipline,70,0,0.36,1,False
8.5,other,spiritual discipline celebration,70,0,0.36,3,False
8.5,verse-display,app that shows bible verse on lock screen,70,11,1.58,1,False
8.5,other,christian fantasy books for teens,70,0,0.42,1,False
8.5,other,christian cafe app,70,15,7.47,1,False
8.5,bible-verses,key bible verses to memorize,50,0,4.99,1,False
8.5,blocker-tools,photo focus app,50,20,5.36,1,False
8.5,addiction,commonlit screen addiction answer key quizlet,50,0,0.0,1,False
8.5,addiction,quotes about gaming addiction,50,0,0.0,1,False
8.5,addiction,gaming addiction lawsuit reddit,50,0,0.0,1,False
8.5,addiction,pc gaming addiction,50,9,3.83,1,False
8.5,addiction,gaming addiction lawyer,50,0,0.0,1,False
8.5,addiction,gaming addiction questionnaire,50,0,0.0,1,False
8.5,addiction,welcome break from doomscrolling crossword clue,50,0,0.0,1,False
8.5,addiction,dopamine detox book pdf,50,0,0.0,1,False
8.5,addiction,digital detox image,50,0,0.0,2,False
8.5,addiction,cal newport quotes digital minimalism,50,0,0.0,1,False
8.5,addiction,digital minimalism summary,50,0,0.0,1,False
8.5,other,christian period tracker app,50,0,4.83,1,False
8.5,christian-apps,creed christian app,50,7,1.83,1,False
8.4,competitors,chase freedom unlimited app,320,54,5.01,1,False
8.4,competitors,youversion bible app for macbook air,260,45,0.0,1,False
8.4,how-to-other,how to turn safe browsing off,210,29,0.0,1,False
8.4,audiences,episcopal church leaders,170,24,0.0,1,False
8.4,other,focus bean app,140,19,0.0,1,False
8.4,competitors,hallow app logo,140,33,0.0,1,False
8.4,other,wifi blocker website,110,13,0.0,1,False
8.4,other,ways to limit screen time,110,15,1.03,2,False
8.4,how-to-other,how to remove pop up blocker internet explorer,110,13,0.0,3,False
8.4,how-to-other,how to be productive at work,110,13,0.0,1,False
8.4,how-to-other,how to check weekly screen time on android,110,13,0.0,1,False
8.4,addiction,how to control internet addiction,90,17,0.0,1,False
8.4,other,christian ringtone app,90,8,0.17,2,False
8.4,competitors,forest procrastination app,90,23,0.0,1,False
8.4,other,passages about slavery in the bible,70,0,0.03,1,False
8.4,bible-verses,bible passages about death and grieving,70,0,0.04,1,False
8.4,bible-study,couple bible study topics,70,0,0.0,3,False
8.4,bible-study,men's alliance memory verses,70,0,0.0,1,False
8.4,bible-study,navigators memory verses pdf,70,0,0.0,1,False
8.4,bible-verses,top 100 bible verses to memorize kjv pdf,70,0,0.15,1,False
8.4,prayers,jesus intercessory prayer,70,0,0.0,1,False
8.4,prayers,intercessory prayer group,70,0,0.0,2,False
8.4,prayers,intercessory prayer for young adults,70,0,0.0,1,False
8.4,bible-verses,intercessory prayer scriptures pdf,70,0,0.03,1,False
8.4,prayers,intercessory prayer for political leaders,70,0,0.0,1,False
8.4,prayers,intercessory prayer ministries,70,0,0.0,1,False
8.4,devotionals,morning devotional meaning,70,0,0.0,1,False
8.4,devotionals,advent joy devotional,70,0,0.0,4,False
8.4,devotionals,devotional on wisdom,70,0,0.0,1,False
8.4,devotionals,devotional on being thankful,70,0,0.0,1,False
8.4,devotionals,devotional on psalm 46,70,0,0.0,1,False
8.4,devotionals,devotional on pentecost,70,0,0.0,1,False
8.4,devotionals,devotional on faithfulness,70,0,0.0,1,False
8.4,devotionals,live on purpose devotional,70,0,0.2,1,False
8.4,devotionals,quiet time with god verses,70,0,0.02,1,False
8.4,devotionals,quiet time jesus,70,0,0.0,3,False
8.4,bible-verses,scripture about quiet time with god,70,0,0.0,2,False
8.4,devotionals,quiet time for preschoolers,70,0,0.0,1,False
8.4,devotionals,quote about quiet time,70,0,0.0,2,False
8.4,devotionals,when is quiet time in apartments,70,0,0.0,1,False
8.4,devotionals,quiet time preschool,70,0,0.0,2,False
8.4,devotionals,quiet time quotes,70,0,0.0,2,False
8.4,other,quiet work time,70,0,0.0,1,False
8.4,bible-verses,verses about quiet time with god,70,0,0.0,1,False
8.4,devotionals,cocomelon quiet time,70,0,0.0,1,False
8.4,bible-verses,quiet time with god scripture,70,0,0.02,1,False
8.4,devotionals,when is quiet time,70,0,0.0,1,False
8.4,other,christian habits,70,0,0.0,1,False
8.4,catholic,catholic liturgical calendar app,70,3,0.0,1,False
8.4,devotionals,the advent adventure a family devotional,70,0,0.0,2,False
8.4,devotionals,advent devotional for teens,70,0,0.0,1,False
8.4,devotionals,family advent devotional pdf,70,0,0.0,1,False
8.4,devotionals,tim keller advent devotional,70,0,0.0,2,False
8.4,other,remove app from screen time,70,0,0.0,1,False
8.4,other,roblox screen time limit reached,70,0,0.0,1,False
8.4,other,screen time ignore limit glitch,70,0,0.0,1,False
8.4,how-to-other,how to bypass screen time limit on iphone,70,0,0.0,1,False
8.4,other,focus v carta 2 app,70,0,0.0,1,False
8.4,how-to-other,how to lock your phone on one app iphone,70,0,0.0,1,False
8.4,other,a spreadsheet app is a type of productivity software,70,0,0.0,1,False
8.4,platform,turn off content blocker safari iphone,70,0,0.0,1,False
8.4,how-to-other,how to mix roundup pro concentrate,70,0,0.12,1,False
8.4,other,neem oil concentrate how to mix,70,0,0.1,1,False
8.4,how-to-other,how to make frozen juice concentrate,70,0,0.0,1,False
8.4,how-to-other,how to make espresso concentrate,70,0,0.0,1,False
8.4,other,how often to use redken acidic bonding concentrate,70,0,0.0,1,False
8.4,how-to-other,how to be productive after work,70,0,0.0,1,False
8.4,other,popular christian songs for teens,70,0,0.0,1,False
8.4,other,good christian songs for teens,70,0,0.0,1,False
8.4,audiences,what the bible says about church leaders,70,0,0.05,1,False
8.4,audiences,leaders of the early church,70,0,0.0,1,False
8.4,other,5 minute christian morning meditation,70,0,0.0,1,False
8.4,other,bark for chromebook app,70,3,1.34,2,False
8.4,other,therapy productivity calculator app,50,0,4.56,1,False
8.4,competitors,us forest service app,50,19,5.45,1,False
8.3,parental,apple screen time parental control app,1300,68,2.19,1,False
8.3,blocker-tools,focus app for study,140,40,3.2,3,False
8.3,other,youtube content blocker,140,28,4.39,1,False
8.3,verse-display,bible verse of the day widget,140,28,0.79,1,True
8.3,other,bark text monitoring app,140,20,0.0,1,False
8.3,other,web filter solutions,110,33,25.69,1,False
8.3,catholic,examination of conscience questions,90,11,0.09,1,False
8.3,audiences,government run by church leaders,90,8,0.0,1,False
8.3,audiences,church of the highlands app,90,15,3.11,1,False
8.3,addiction,doomscrolling effects on brain,70,11,0.0,1,False
8.3,addiction,digital detox resort,50,1,0.0,2,False
8.3,competitors,opal ai app builder,50,29,16.98,1,False
8.2,other,block puzzle apps,880,59,3.71,2,False
8.2,verse-display,daily bible verse and explanation,590,61,7.71,2,False
8.2,blocker-tools,site blocker mac,390,60,6.75,2,False
8.2,prayers,when is the next prayer,210,30,0.0,1,False
8.2,blocker-tools,website blocker software,210,53,8.38,1,False
8.2,platform,screen time control app for iphone,170,25,0.0,2,False
8.2,other,cash app check deposit limit,170,25,0.0,1,False
8.2,blocker-tools,windows app blocker,90,30,2.32,2,False
8.2,bible-verses,memory verses on thanksgiving,70,1,0.02,2,False
8.2,catholic,deeper examination of conscience,70,4,0.0,1,False
8.2,competitors,opal app for iphone,70,18,0.0,1,False
8.2,devotionals,jesse tree advent devotional,50,15,18.69,1,False
8.2,blocker-tools,craft productivity app,50,31,16.86,1,False
8.2,addiction,doomscrolling in bed,50,2,0.0,1,False
8.2,addiction,adhd doomscrolling,50,2,0.0,1,False
8.1,how-to-block,how to quit smoke,9900,82,3.63,1,False
8.1,other,block site apps,1000,61,3.87,2,False
8.1,blocker-tools,website blocker plugin,880,66,2.19,1,False
8.1,other,focus work timer,880,64,9.7,1,False
8.1,other,enhanced safe browsing,390,48,3.93,2,False
8.1,other,christian mission trips for teens,390,48,3.9,1,False
8.1,other,unity center of spiritual growth,170,26,0.0,1,False
8.1,catholic,catholic mass app,140,32,5.07,2,False
8.1,prayers,blessing evening prayer,110,15,0.01,1,False
8.1,prayers,evening prayer quotes,110,15,0.03,1,False
8.1,prayers,blessed evening prayer,110,15,0.01,1,False
8.1,prayers,intercessory prayer music,110,15,0.0,1,False
8.1,how-to-other,how to put screen time limit on iphone,110,15,0.0,1,False
8.1,addiction,dopamine detox meaning,110,24,0.0,1,False
8.1,addiction,dopamine detox means,110,24,0.0,1,False
8.1,catholic,my catholic life app,90,12,0.0,1,False
8.1,bible-study,navigator memory verses,70,2,0.09,2,False
8.1,devotionals,advent devotional desiring god,70,2,0.0,2,False
8.1,catholic,deep examination of conscience,70,5,0.0,1,False
8.1,catholic,examination of conscience catholic teenager,70,5,0.0,1,False
8.1,other,why is my screen time limit not working,70,2,0.0,1,False
8.1,addiction,technology addiction teenagers,70,14,0.51,3,False
8.1,other,inappropriate content blocker,70,11,3.86,1,False
8.1,other,christian crafts for teens,70,4,0.75,1,False
8.1,competitors,lego brick scanner app,70,31,7.19,1,False
8.1,verse-display,iphone lock screen aesthetic bible verse wallpaper pink,50,0,0.0,1,False
8.1,christian-apps,relaxing christian meditation,50,5,0.0,1,False
8.1,competitors,screenzen app for iphone,50,10,0.0,1,False
8.1,parental,stop bark app,50,10,0.88,1,False
8.1,adult-blocking,canopy client portal app,50,34,11.49,1,False
8.1,competitors,hallow app ad,50,10,0.0,1,False
8.0,devotionals,morning devotional guide,4400,75,2.5,1,False
8.0,devotionals,biblical devotional for today,1000,62,4.43,1,False
8.0,blocker-tools,site blocker extension,260,51,2.75,1,False
8.0,blocker-tools,ios screen time app,210,54,8.76,2,False
8.0,catholic,examination of conscience for men,110,18,0.0,1,False
8.0,competitors,forest timer app,110,30,0.0,1,False
8.0,bible-verses,bible verses for memory of loved ones,90,10,0.03,1,False
8.0,addiction,dopamine detox rules,90,20,0.0,1,False
8.0,other,christian fm app,90,10,0.0,1,False
8.0,how-to-other,how to change lock screen time on android,90,10,0.0,3,False
8.0,catholic,catholic missalette app,70,10,2.03,1,False
8.0,catholic,daily examination of conscience catholic,70,10,1.92,2,False
8.0,blocker-tools,freedom website blocker iphone,70,21,0.0,1,False
8.0,other,core app dashboard focus,70,3,0.0,1,False
8.0,bible-study,spiritual discipline bible study,50,6,5.92,1,False
7.9,other,safe browsing,2900,73,4.64,6,False
7.9,blocker-tools,website blocker application,1000,69,3.87,1,False
7.9,addiction,statistics about phone addiction,260,44,0.8,1,False
7.9,blocker-tools,site blocker chrome mobile,170,44,2.32,1,False
7.9,devotionals,define quiet time,110,16,0.0,1,False
7.9,other,worship keys app,110,16,0.0,1,False
7.9,devotionals,quiet time hours,90,11,0.0,1,False
7.9,competitors,abide christian sleep meditation,90,28,1.16,1,False
7.9,blocker-tools,mobile productivity app,70,22,0.0,1,False
7.9,other,worship music app,70,10,2.8,1,False
7.9,audiences,community church builder app,70,25,12.08,2,False
7.9,devotionals,devotional on stress,50,0,2.68,1,False
7.9,devotionals,quiet time dog bed,50,0,2.67,1,False
7.9,blocker-tools,site blocker for chrome android,50,17,1.84,1,False
7.9,competitors,forest explorer app,50,11,0.0,1,False
7.8,other,phone blocker app,1000,62,3.94,1,False
7.8,other,block phone apps,1000,62,3.94,1,False
7.8,competitors,youversion plan,140,36,0.0,2,False
7.8,prayers,audio evening prayer,110,17,0.0,2,False
7.8,other,how disable pop up blocker internet explorer,110,17,0.0,2,False
7.8,competitors,forest time app,110,31,0.0,1,False
7.8,other,central bark petsmart app,110,17,0.0,1,False
7.8,addiction,statistics about technology addiction,90,25,1.91,1,False
7.8,bible-verses,memory verses about love,70,4,0.0,1,False
7.8,audiences,church teams app,70,12,3.29,1,False
7.8,competitors,abide app cost,70,29,4.84,1,False
7.8,devotionals,devotional on discipleship,50,0,2.55,1,False
7.8,blocker-tools,asana productivity app,50,33,28.38,1,False
7.8,addiction,technology addiction anonymous,50,6,0.27,1,False
7.8,other,zscaler web filter,50,4,4.37,1,False
7.8,competitors,forest service app,50,12,0.0,1,False
7.7,christian-apps,bethel church app,140,35,0.88,1,False
7.7,how-to-block,how to stop screen time on android,140,28,0.0,1,False
7.7,prayers,morning evening prayer,110,19,0.69,3,False
7.7,catholic,catholic examination of conscience for men,90,15,0.0,1,False
7.7,catholic,reconciliation examination of conscience,90,15,0.0,3,False
7.7,catholic,sacrament of reconciliation examination of conscience,90,15,0.0,1,False
7.7,catholic,ewtn examination of conscience,90,15,0.0,2,False
7.7,catholic,catholic reconciliation examination of conscience,90,15,0.0,1,False
7.7,how-to-other,how to get rid of screen time limit,90,12,0.0,1,False
7.7,blocker-tools,focus app windows,90,35,3.78,2,False
7.7,audiences,methodist church leaders,90,12,0.0,1,False
7.7,other,worship backing tracks app,90,15,1.41,1,False
7.7,bible-study,love memory verses,70,5,0.0,1,False
7.7,other,roblox screen time limit not working,70,5,0.0,1,False
7.7,other,instagram screen time limit,70,5,0.0,1,False
7.7,competitors,forest app review,70,21,0.0,2,False
7.7,competitors,electric forest app,70,21,0.0,1,False
7.7,catholic,examination of conscience booklet,50,0,0.74,1,False
7.7,addiction,how to get over gaming addiction,50,16,4.82,2,False
7.7,parental,does bark app work on iphone,50,16,2.42,2,False
7.7,verse-display,screen time widget android,50,3,0.0,1,False
7.6,how-to-other,how to concentrate more,390,50,4.05,1,False
7.6,verse-display,bible app verse of the day yesterday,140,34,1.94,2,False
7.6,devotionals,men's morning devotional,110,18,0.03,1,False
7.6,how-to-other,how to lock app on phone,110,18,0.0,2,False
7.6,other,faith and fellowship app,110,18,0.0,1,False
7.6,platform,screen time unlock app iphone,90,13,0.0,1,False
7.6,addiction,what does nomophobia mean,90,22,0.0,1,False
7.6,audiences,bark parent app android,90,16,1.45,1,False
7.6,prayers,prayer intercessory ministry,70,6,0.0,3,False
7.6,how-to-block,how to turn off screen time limit on iphone,70,11,0.0,1,False
7.6,other,limit screen time before bed,70,6,0.0,1,False
7.6,addiction,digital detox for teens,70,23,3.43,1,False
7.6,addiction,digital detox smartphone,70,16,0.0,1,False
7.6,how-to-block,how to disable content blocker,70,11,0.0,1,False
7.6,how-to-other,how to add bible verse widget,70,9,1.35,1,False
7.6,prayers,theo prayer and meditation app reviews,70,6,0.0,2,False
7.6,competitors,forest app mac,70,22,0.0,1,False
7.6,catholic,daily examination of conscience pdf,50,0,0.62,1,False
7.6,other,app to focus pictures,50,8,5.36,1,False
7.6,competitors,flora vs forest app,50,13,0.0,1,True
7.5,verse-display,today's bible verse of the day,2900,78,8.92,1,False
7.5,verse-display,today bible verse of the day,2900,78,8.92,2,False
7.5,blocker-tools,website blocker for productivity,590,61,0.0,1,False
7.5,prayers,when is islamic prayer times,480,54,4.43,2,False
7.5,blocker-tools,pomodoro focus timer,210,50,2.97,3,False
7.5,other,cash app debit card limit,210,34,0.0,1,False
7.5,addiction,social media addiction definition,140,33,0.0,2,False
7.5,other,faith based app,140,25,0.0,2,False
7.5,other,web search filter,110,37,17.21,1,False
7.5,how-to-other,how to be productive in work,110,19,0.0,1,False
7.5,competitors,lego brick finder app,110,33,0.0,1,False
7.5,addiction,phone addiction effects,90,40,29.4,2,False
7.5,addiction,how to stop internet addiction,90,23,0.0,2,False
7.5,christian-apps,faith the video bible app,90,25,0.0,1,False
7.5,bible-verses,memory verses on love,70,7,0.01,1,False
7.5,bible-verses,memory verses about thanksgiving,70,7,0.02,1,False
7.5,other,christian chat app,70,24,9.38,1,False
7.5,bible-verses,top 100 bible verses to memorize,50,0,1.39,1,False
7.5,catholic,catholic mass readings app,50,7,3.28,2,False
7.5,addiction,phone gaming addiction,50,8,0.32,1,False
7.5,other,christian book app,50,0,1.56,2,False
7.5,christian-apps,christian meditation center,50,10,0.0,1,False
7.4,platform,ad blocker app for android,6600,80,4.55,7,False
7.4,verse-display,daily bible verse light of the day,1600,71,3.97,2,False
7.4,other,block social media apps,880,62,4.06,3,False
7.4,other,free online spider solitaire full screen,880,58,0.01,1,False
7.4,competitors,youversion bible app daily devotional,480,58,0.0,1,False
7.4,other,google safe browsing url checker,390,,3.24,1,False
7.4,addiction,social media addiction teenager,320,59,10.45,3,False
7.4,blocker-tools,google website blocker,210,51,3.24,2,False
7.4,blocker-tools,google site blocker,210,51,3.24,1,False
7.4,addiction,how to fix phone addiction,110,38,6.33,1,False
7.4,other,safe internet browsing,110,29,5.33,1,False
7.4,christian-apps,world christian meditation community,110,30,0.0,3,False
7.4,catholic,amen catholic app,90,17,0.0,2,False
7.4,how-to-other,how to set quiet time on iphone,70,7,0.0,1,False
7.4,catholic,catholic calendar app for iphone,70,10,0.0,1,False
7.4,blocker-tools,digital wellbeing settings,70,25,0.0,1,False
7.4,addiction,screen addiction in teens,70,25,4.07,1,False
7.4,audiences,lakewood church worship leaders,70,7,0.0,1,False
7.4,catholic,catholic fitness app,50,0,0.0,1,False
7.4,catholic,forty hours devotion catholic,50,0,0.0,1,False
7.4,catholic,catholic 40 hours devotion,50,0,0.0,1,False
7.4,catholic,examination of conscience for married couples,50,0,0.0,1,False
7.4,catholic,sspx examination of conscience,50,0,0.0,1,False
7.4,catholic,fr altier examination of conscience,50,0,0.0,1,False
7.4,catholic,father altier examination of conscience,50,0,0.0,1,False
7.4,addiction,how to overcome gaming addiction,50,29,26.5,2,False
7.4,competitors,freedom debt client dashboard login app for iphone,50,22,3.63,1,False
7.4,competitors,screenzen app for android,50,15,0.0,1,False
7.4,competitors,jacaranda forest app,50,15,0.0,1,False
7.3,verse-display,daily verse from the bible,3600,78,4.8,1,False
7.3,blocker-tools,website blocker addon,880,68,2.19,1,False
7.3,other,ad blocker test site,320,43,0.0,1,False
7.3,addiction,digital detox benefits,210,42,0.0,3,False
7.3,addiction,how to overcome phone addiction,170,38,0.11,1,False
7.3,addiction,social media addiction and mental health,170,52,14.91,1,False
7.3,addiction,is doomscrolling bad,170,38,0.0,2,False
7.3,addiction,mobile phone addiction symptoms,140,35,0.53,2,False
7.3,addiction,how to reduce phone addiction,90,31,3.69,1,False
7.3,addiction,doomscrolling statistics,90,41,16.58,1,True
7.3,catholic,examination of conscience worksheet,70,11,0.13,1,False
7.3,addiction,how to avoid doomscrolling,70,18,0.0,1,False
7.3,addiction,dopamine detox symptoms,70,18,0.0,1,False
7.3,addiction,teenage addiction to technology,70,19,0.51,1,False
7.3,devotionals,devotional on god's promises,50,0,0.65,1,False
7.3,catholic,examination of conscience for married,50,1,0.0,1,False
7.3,catholic,examination of conscience for married women,50,1,0.0,1,False
7.3,blocker-tools,do i need digital wellbeing app,50,17,0.0,1,False
7.3,how-to-block,how to disable content blocker on iphone,50,4,0.0,1,False
7.3,christian-apps,youtube christian meditation music,50,11,0.0,2,False
7.3,other,bark stop app,50,0,0.88,1,False
7.2,devotionals,morning evening devotional,1300,64,0.54,4,False
7.2,addiction,social media addiction case,170,,9.39,2,False
7.2,competitors,ge opal app,140,39,0.0,1,False
7.2,addiction,gaming addiction effects,90,25,0.0,3,False
7.2,devotionals,4 week advent devotional,70,10,0.53,2,False
7.2,devotionals,luther seminary advent devotional,70,9,0.0,1,False
7.2,blocker-tools,evernote productivity app,70,26,0.0,1,False
7.2,other,private internet access ad blocker,70,13,1.83,1,False
7.2,addiction,technology addiction teens,70,20,0.51,2,False
7.2,how-to-other,how to check average screen time on android,70,9,0.0,1,False
7.2,bible-study,men's small group bible study topics,50,0,0.41,1,False
7.2,devotionals,devotional on self-control,50,0,0.57,2,False
7.2,devotionals,devotional on contentment,50,0,0.33,1,False
7.2,devotionals,focus on the family devotional,50,0,0.38,1,False
7.2,devotionals,devotional on ruth,50,0,0.48,1,False
7.2,catholic,catholic daily reflection app,50,2,0.0,2,False
7.2,addiction,how to treat gaming addiction,50,30,12.63,1,False
7.2,addiction,what is nomophobia the fear of,50,10,0.0,1,False
7.2,addiction,nomophobia causes,50,10,0.0,2,False
7.2,how-to-other,how to be more productive in life,50,7,3.36,1,False
7.2,other,christian graphic novels for teens,50,0,0.5,1,False
7.2,other,christian mystery books for teens,50,0,0.32,1,False
7.2,other,worship planner app,50,12,5.97,1,False
7.2,christian-apps,relaxation christian meditation,50,12,0.0,1,False
7.2,competitors,forest service map app,50,22,2.76,1,False
7.1,other,free online mahjong game full screen,1600,67,1.22,3,False
7.1,other,free online screen recording tool,1300,66,2.6,1,False
7.1,parental,family time parental control app,1000,68,1.68,1,False
7.1,prayers,ibreviary evening prayer,320,44,0.0,1,False
7.1,addiction,digital detox meaning,320,50,0.0,1,False
7.1,addiction,phone addiction article,170,39,0.03,4,False
7.1,addiction,article about phone addiction,170,39,0.03,2,False
7.1,christian-apps,one church app,170,48,5.84,1,False
7.1,addiction,technology addiction statistics,90,29,1.91,4,False
7.1,christian-apps,holman christian standard bible app,70,22,0.39,1,False
7.1,prayers,prayer mate app,70,26,8.91,1,False
7.1,bible-verses,bible passages about homelessness,50,0,0.0,1,False
7.1,bible-study,good bible study topics for men,50,0,0.0,1,False
7.1,bible-study,good men's bible study topics,50,0,0.0,2,False
7.1,bible-study,preschool memory verses,50,0,0.03,1,False
7.1,bible-verses,memory verses about faith,50,0,0.02,1,False
7.1,bible-verses,bible memory verses for youth,50,0,0.06,1,False
7.1,bible-verses,memory verses for youth,50,0,0.06,1,False
7.1,bible-verses,easter memory verses for preschoolers,50,0,0.0,1,False
7.1,bible-verses,10 bible verses to memorize,50,0,0.2,1,False
7.1,bible-verses,easy bible verses for preschoolers to memorize,50,0,0.09,1,False
7.1,prayers,intercessory prayer for revival,50,0,0.05,1,False
7.1,prayers,intercessory prayer for marriage,50,0,0.0,1,False
7.1,prayers,six topics for intercessory prayer,50,0,0.0,1,False
7.1,devotionals,devotional on god's faithfulness,50,0,0.12,1,False
7.1,devotionals,short devotional on serving,50,0,0.0,1,False
7.1,devotionals,focus on the family marriage devotional,50,0,0.0,1,False
7.1,devotionals,devotional on joy,50,0,0.25,1,False
7.1,devotionals,devotional on 1 corinthians 13,50,0,0.0,1,False
7.1,devotionals,set your mind on things above devotional coloring book,50,0,0.21,2,False
7.1,devotionals,devotional on obedience,50,0,0.0,1,False
7.1,devotionals,a quiet time rdr2 song,50,0,0.0,1,False
7.1,devotionals,hospital quiet time,50,0,0.0,1,False
7.1,devotionals,regina belle quiet time,50,0,0.0,1,False
7.1,devotionals,raffi quiet time,50,0,0.0,2,False
7.1,prayers,spiritual discipline prayer,50,0,0.0,3,False
7.1,other,solitude as a spiritual discipline,50,0,0.0,1,False
7.1,other,spiritual discipline simplicity,50,0,0.0,3,False
7.1,prayers,prayer as a spiritual discipline,50,0,0.0,1,False
7.1,other,solitude spiritual discipline,50,0,0.0,3,False
7.1,devotionals,unwrapping the names of jesus an advent devotional,50,0,0.0,1,False
7.1,other,app that makes you do push-ups for screen time,50,0,0.0,2,False
7.1,other,remove ignore limit on screen time,50,0,0.0,1,False
7.1,how-to-other,how to take off ignore limit on screen time,50,0,0.0,1,False
7.1,how-to-other,how to get rid of ignore limit on screen time,50,0,0.0,1,False
7.1,other,internet explorer pop-up blocker,50,0,0.0,5,False
7.1,blocker-tools,do i need digital wellbeing on my phone,50,19,0.0,1,False
7.1,other,circle web filter,50,22,12.88,1,False
7.1,other,kosher web filter,50,0,0.0,1,False
7.1,verse-display,pink bible verse widget,50,8,0.0,1,False
7.1,other,christian games for teens,50,0,0.25,1,False
7.1,other,christian easter gifts for teens,50,0,0.0,1,False
7.1,other,christian journal app,50,0,0.0,1,False
7.1,prayers,shia prayer time app,50,0,0.0,2,False
7.1,other,worship pads app,50,0,0.0,1,False
7.1,other,worship pad app,50,0,0.0,1,False
7.1,other,christian bedtime meditation,50,0,0.0,1,False
7.1,how-to-other,how to show two time zones on android lock screen,50,0,0.0,1,False
7.0,other,adguard content blocker,590,54,0.0,1,False
7.0,other,safe browsing settings,390,55,6.39,1,False
7.0,other,safe web browsing tips,140,28,0.0,1,False
7.0,competitors,youversion com login,140,43,1.88,1,False
7.0,other,focus camera app,70,14,1.57,2,False
7.0,addiction,7 day dopamine detox,70,20,0.0,2,False
7.0,prayers,christian prayer reminder app,70,27,9.34,1,False
7.0,prayers,prayer reminder app,70,27,9.34,1,False
7.0,other,youtube screen time limit,50,1,0.04,1,False
7.0,addiction,dopamine detox retreat,50,11,0.0,1,False
7.0,other,christian hoodies for teens,50,3,0.93,1,False
7.0,prayers,angelus prayer app,50,1,0.0,1,False
7.0,how-to-block,how to delete screen time history on android,50,6,0.0,1,False
6.9,devotionals,devotional morning,6600,80,2.78,4,False
6.9,other,apps to block phone numbers,260,47,4.38,1,False
6.9,how-to-other,how to set screen time,260,44,1.96,1,False
6.9,addiction,digital detox for mental health,210,44,0.0,1,False
6.9,adult-blocking,truple meaning,110,40,0.0,1,False
6.9,addiction,technology addiction article,90,27,0.0,4,False
6.9,other,apple screen time limit not working,70,11,0.0,1,False
6.9,blocker-tools,microsoft productivity app,70,31,1.47,1,False
6.9,addiction,7 days dopamine detox,70,21,0.0,1,False
6.9,audiences,worship leaders at lakewood church,70,11,0.0,1,False
6.9,other,worship song app,70,17,2.8,2,False
6.9,how-to-other,how to see weekly screen time on android,70,11,0.0,1,False
6.9,bible-study,faith memory verses,50,2,0.02,1,False
6.9,addiction,how to help someone with gaming addiction,50,14,0.81,2,False
6.9,prayers,unity prayer app,50,2,0.06,1,False
6.8,devotionals,the word for today devotional,590,65,30.28,1,False
6.8,platform,google chrome safe browsing,260,53,10.08,4,False
6.8,other,qustodio screen time control app,140,29,0.0,1,False
6.8,other,turn off safe browsing,140,29,0.0,2,False
6.8,other,apple screen time limit,110,24,0.0,1,False
6.8,prayers,prayer list app,110,41,12.55,1,False
6.8,other,faith radio app,110,24,0.1,1,False
6.8,other,christian parenting blog,90,26,3.71,1,False
6.8,prayers,amen prayer app,90,19,0.0,3,False
6.8,platform,find screen time on android,90,19,0.0,1,False
6.8,catholic,short examination of conscience,70,15,0.12,1,False
6.8,other,best app for study focus,70,32,15.47,1,False
6.8,bible-study,what are some good bible study topics,50,3,0.11,1,False
6.8,bible-study,deep bible study topics,50,3,0.22,1,False
6.8,platform,iphone screen time limit not working,50,2,0.0,1,False
6.8,blocker-tools,hcps focus app,50,21,0.0,1,False
6.8,verse-display,inspirational bible verse lock screen,50,11,0.33,1,False
6.8,other,free christian audio books app,50,14,5.35,1,False
6.8,prayers,k-love prayer app,50,13,4.91,2,False
6.8,prayers,klove prayer app,50,13,4.91,1,False
6.8,competitors,how to set up brick app,50,21,1.07,1,False
6.7,devotionals,daily bible devotional,3600,76,2.15,3,False
6.7,christian-apps,church app,2900,80,7.26,8,False
6.7,prayers,athan prayer app,260,42,0.0,1,False
6.7,prayers,azan prayer app,260,42,0.0,1,False
6.7,christian-apps,world christian meditation,110,34,0.0,1,False
6.7,addiction,addiction technology transfer center network,90,28,0.0,1,False
6.7,other,christian journaling app,50,3,0.0,1,False
6.7,other,christian science monitor app,50,4,0.17,1,False
6.7,competitors,forest service maps app,50,25,2.76,1,False
6.6,platform,pop-up blocker android app,590,57,1.18,5,False
6.6,blocker-tools,website blocker mac,390,65,6.75,2,False
6.6,other,ad blocker test website,260,43,0.0,1,False
6.6,addiction,is gaming addiction real,260,50,0.71,1,False
6.6,addiction,why is doomscrolling bad,140,38,0.0,1,False
6.6,addiction,is social media addiction real,110,33,0.0,1,False
6.6,prayers,amen catholic prayer app,90,20,0.0,1,False
6.6,addiction,how to quit internet addiction,90,29,0.0,1,False
6.6,addiction,technology addiction solution,90,29,0.0,8,False
6.6,how-to-block,how to turn off safe browsing chrome,90,25,0.0,1,False
6.6,addiction,does doomscrolling make you dumber,70,23,0.0,1,False
6.6,addiction,does doomscrolling cause brain damage,70,23,0.0,1,False
6.6,addiction,dopamine detox benefits,70,23,0.0,2,False
6.6,competitors,freedom app mac,70,31,1.35,2,False
6.6,bible-study,good bible memory verses,50,4,0.03,1,False
6.6,devotionals,mfm morning devotional for today,50,4,0.0,1,False
6.6,catholic,zeale catholic app,50,13,2.58,1,False
6.6,devotionals,advent devotional calendar,50,4,0.0,1,False
6.6,how-to-other,how to be more productive with adhd,50,7,1.27,1,False
6.5,devotionals,daily christian devotional,2900,75,2.63,3,False
6.5,bible-verses,daily inspirational bible verse,1900,71,2.02,1,False
6.5,prayers,when is friday prayer,320,47,0.0,1,False
6.5,other,screen time blocking app,260,47,2.91,1,False
6.5,devotionals,joyce meyer morning devotional,110,26,0.19,2,False
6.5,audiences,church management app,90,39,28.9,1,False
6.5,bible-study,thanksgiving memory verses,70,15,0.02,1,False
6.5,other,roblox screen time limit,70,19,2.22,1,False
6.5,addiction,gaming addiction facts,70,24,0.0,1,False
6.5,addiction,define technology addiction,70,24,0.0,1,False
6.5,audiences,realm app church,70,15,0.0,1,False
6.5,how-to-other,how to increase screen time in android,70,15,0.0,1,False
6.5,bible-verses,list of bible verses to memorize,50,5,0.0,1,False
6.5,devotionals,quiet time videos,50,5,0.0,1,False
6.5,other,focus image app,50,16,5.36,1,False
6.4,other,bible recap app,2900,75,2.13,1,False
6.4,parental,phone app parental control,720,72,9.63,3,False
6.4,other,parental phone control app,720,67,9.63,1,False
6.4,blocker-tools,manage screen time app,390,65,5.81,1,False
6.4,how-to-other,how to set up screen time,260,44,0.0,1,False
6.4,catholic,good examination of conscience,70,18,0.05,1,False
6.4,catholic,catholic answers examination of conscience,70,18,0.0,1,False
6.4,how-to-block,how to turn off content blocker,70,20,0.0,1,False
6.4,other,sing worship initiative app,70,16,0.28,2,False
6.4,devotionals,morning devotional audio,50,9,1.41,1,False
6.4,addiction,dopamine detox plan,50,17,0.52,2,False
6.4,other,is safari private browsing safe,50,6,0.0,1,False
6.4,competitors,national forest explorer app,50,22,0.0,1,False
6.4,competitors,forest river owners guide app,50,22,0.0,1,False
6.4,competitors,abide sleep app,50,32,6.03,2,False
6.3,platform,screen time limiter iphone,480,54,0.0,1,False
6.3,catholic,halo app catholic,140,39,2.95,1,False
6.3,competitors,google opal app,140,44,0.0,1,False
6.3,other,christian camp for teens,110,34,4.02,2,False
6.3,catholic,catholic audio bible app,90,28,1.54,3,False
6.3,blocker-tools,todoist productivity app for iphone,90,37,0.0,1,False
6.3,addiction,cell phone addiction statistics,90,32,0.72,3,False
6.3,addiction,dsm v gaming addiction,90,31,0.0,1,False
6.3,devotionals,blessed is she advent devotional,70,16,0.0,1,False
6.3,catholic,fathers of mercy examination of conscience pdf,70,19,0.0,1,False
6.3,catholic,brief examination of conscience,70,19,0.12,1,False
6.3,blocker-tools,what is digital wellbeing on my phone,70,32,0.0,1,False
6.3,other,safari safe browsing,70,27,5.93,2,False
6.3,how-to-other,how to set screen time passcode on iphone,70,16,0.0,1,False
6.3,other,christian audio app,70,16,0.0,1,False
6.3,other,i made a covenant with my eyes kjv,70,16,0.0,1,False
6.3,bible-verses,memory verses on faith,50,7,0.02,1,False
6.3,catholic,simple examination of conscience,50,10,0.05,1,False
6.3,how-to-other,how to remove screen time limit,50,7,0.0,1,False
6.3,platform,focus v app for iphone,50,7,0.0,1,False
6.2,verse-display,daily bible verse niv version,480,60,1.62,1,False
6.2,verse-display,daily bible verse niv,480,60,1.62,3,False
6.2,blocker-tools,phone website blocker,320,61,2.98,2,False
6.2,blocker-tools,focus app for studying,140,50,3.2,1,False
6.2,how-to-other,how to set screen time limit,110,28,0.0,3,False
6.2,competitors,forest fire app,110,43,2.03,1,False
6.2,devotionals,quiet time ministries,90,23,0.0,1,False
6.2,addiction,dsm gaming addiction,70,26,0.0,1,False
6.2,platform,iphone safe browsing,70,25,4.4,3,False
6.2,prayers,common book of prayer app,70,17,0.0,2,False
6.2,competitors,lego brick building app,70,33,1.1,1,False
6.2,catholic,examination of conscience book,50,12,0.74,1,False
6.2,other,grow christian social app,50,8,0.0,2,False
6.2,other,christian music streaming app,50,9,0.46,1,False
6.2,parental,what does the bark app monitor,50,27,2.57,1,False
6.2,other,bark stopper app,50,10,0.88,1,False
6.1,blocker-tools,block apps ads android,3600,82,3.16,1,False
6.1,devotionals,christian morning devotional,2900,76,2.63,1,False
6.1,bible-study,read the bible in a year reading plan,1000,66,1.97,2,False
6.1,other,christian tv app,590,64,6.68,2,False
6.1,blocker-tools,site blocker software,210,61,8.38,1,False
6.1,other,web filter for google,210,42,0.0,3,False
6.1,audiences,the church of jesus christ of latter-day saints app,210,52,8.65,3,False
6.1,addiction,define social media addiction,140,41,0.0,1,False
6.1,other,mixed content blocker,140,34,0.0,1,False
6.1,platform,screen time tracking android,110,29,0.0,2,False
6.1,addiction,effect of social media addiction among teenager,90,32,0.0,2,False
6.1,addiction,how to detox from dopamine,70,27,0.0,1,False
6.1,competitors,abide prayer app,70,32,0.0,1,False
6.1,devotionals,rick warren devotional on faith,50,9,0.0,1,False
6.1,catholic,quick examination of conscience,50,12,0.0,1,False
6.1,addiction,is nomophobia real,50,19,0.0,1,False
6.0,addiction,effects of doomscrolling,170,45,0.0,2,False
6.0,competitors,opal card app,140,46,0.0,1,False
6.0,devotionals,good morning devotional,90,25,0.06,2,False
6.0,audiences,passion city church worship leaders,70,19,0.0,1,False
6.0,competitors,youversion prayer app,70,33,0.0,1,False
6.0,audiences,church track app,70,37,17.74,1,False
6.0,devotionals,quiet time books,50,10,0.2,2,False
6.0,other,focus friend app reddit,50,10,0.0,1,False
6.0,how-to-other,how to put bible verse on lock screen iphone,50,13,1.27,1,False
5.9,other,social media blocker app,880,67,4.06,1,False
5.9,other,christian streaming app,590,64,5.68,1,False
5.9,other,quiet rest time music,140,35,0.01,2,False
5.9,prayers,prayer log app,140,40,2.97,1,False
5.9,other,spiritual discipline meaning,90,26,0.0,2,False
5.9,prayers,prayer watch app,90,26,0.0,1,False
5.9,bible-verses,bible study scriptures and topics,70,20,0.0,1,False
5.9,other,should parents limit screen time,70,20,0.0,1,False
5.9,other,effects of screen time on teens,70,37,11.49,1,False
5.9,bible-study,bible study topics for beginners,50,11,0.0,1,False
5.9,how-to-other,how to remove screen time limit on iphone,50,11,0.0,1,False
5.9,other,app focus photo,50,21,5.36,2,False
5.9,addiction,how to get rid of gaming addiction,50,37,11.01,2,False
5.9,competitors,freedom debt client dashboard login app,50,26,0.0,1,False
5.9,competitors,forest app logo,50,26,0.0,1,False
5.8,other,free phone directory lookup,90500,91,2.63,1,False
5.8,devotionals,morning devotional for today,2900,76,1.16,1,False
5.8,blocker-tools,gamified productivity app,1300,76,3.27,1,False
5.8,other,scammer blocker app,320,55,3.9,1,False
5.8,blocker-tools,website blocker program,210,62,8.38,1,False
5.8,blocker-tools,windows site blocker,170,58,6.41,2,False
5.8,other,web browser filter,140,42,4.27,1,False
5.8,prayers,vespers evening prayer today english,110,31,0.0,1,False
5.8,other,focus writing app,90,37,6.63,1,False
5.8,blocker-tools,site blocker for studying,90,46,3.85,1,False
5.8,devotionals,morning catholic devotional,70,22,0.75,1,False
5.8,addiction,digital detox program,70,29,0.0,2,False
5.8,addiction,digital detox programme,70,29,0.0,1,False
5.8,platform,android phone lock app,50,16,2.02,9,False
5.8,addiction,is doomscrolling a word,50,21,0.0,1,False
5.8,platform,ipad content blocker,50,24,6.56,3,False
5.8,prayers,jonathan roumie prayer app,50,21,4.84,1,False
5.8,how-to-other,how to check total screen time on android,50,12,0.0,1,False
5.8,platform,see screen time android,50,12,0.0,1,False
5.7,how-to-block,how to block ads from apps,320,56,1.87,1,False
5.7,addiction,internet gambling addiction,260,62,9.35,1,False
5.7,blocker-tools,tree focus app,210,55,0.0,1,False
5.7,platform,where to find screen time on android,110,32,0.0,1,False
5.7,other,limit screen time icon,90,27,0.0,1,False
5.7,other,focus on the family app,90,30,1.41,1,False
5.7,addiction,doomscrolling def,90,35,0.0,1,False
5.7,verse-display,yesterday's verse of the day bible app,90,33,0.0,1,False
5.7,catholic,examination of conscience st ignatius,70,24,0.27,2,False
5.7,blocker-tools,firefox focus app,50,39,6.23,1,False
5.7,platform,samsung internet pop-up blocker,50,13,0.0,3,False
5.7,addiction,end-stage screen addiction,50,22,0.0,2,False
5.6,other,web blocker app,1000,69,3.87,1,False
5.6,addiction,article about gaming addiction,140,44,0.0,2,False
5.6,addiction,gaming addiction article,140,44,0.0,4,False
5.6,other,safe search browsing,140,39,0.98,1,False
5.6,prayers,pray catholic novena app,70,22,0.0,3,False
5.6,catholic,examination of conscience catholic simple,70,25,0.08,1,False
5.6,other,how safe is incognito browsing,70,22,0.0,1,False
5.6,addiction,how to deal with gaming addiction,50,23,0.0,2,False
5.6,addiction,is doomscrolling bad for your brain,50,23,0.0,1,False
5.6,addiction,how does doomscrolling affect your brain,50,23,0.0,1,False
5.6,other,christian parenting tips,50,18,1.88,1,False
5.6,other,parenting advice christian,50,18,1.88,2,False
5.6,competitors,forest park parking app,50,35,4.05,1,False
5.6,competitors,hallow religious app,50,28,0.0,1,False
5.6,how-to-other,how to see average screen time on android,50,14,0.0,1,False
5.5,prayers,evening prayer breviary today,170,42,0.0,2,False
5.5,addiction,psychological effects of cell phone addiction,140,45,0.0,1,False
5.5,how-to-block,how to disable pop up blocker for a site,90,33,0.07,1,False
5.5,catholic,first confession examination of conscience,70,25,0.02,3,False
5.5,other,bark com app,70,36,8.35,1,False
5.5,other,productivity planner app,50,24,5.18,1,False
5.5,blocker-tools,what is digital wellbeing on my android phone,50,31,0.0,1,False
5.5,verse-display,bible app verse of the day history,50,22,0.0,1,False
5.5,audiences,church music app,50,22,3.89,1,False
5.5,audiences,church musician app,50,22,3.89,1,False
5.4,devotionals,devotional for the day,2400,76,1.75,1,False
5.4,bible-verses,daily niv bible verse,480,60,1.62,1,False
5.4,other,focus period app,210,46,0.0,1,False
5.4,prayers,lectio 365 prayer app,170,44,0.98,1,False
5.4,other,family web filter,140,51,10.53,1,False
5.4,addiction,understanding social media addiction a deep dive,110,41,0.0,1,False
5.4,addiction,digital detox strategies,110,41,0.0,1,False
5.4,audiences,church center app logo,110,34,0.0,1,False
5.4,addiction,define internet addiction,90,37,0.0,1,False
5.4,addiction,definition of internet addiction disorder,90,37,0.0,1,False
5.4,catholic,fr mike schmitz examination of conscience,50,18,0.0,1,False
5.4,other,focus group app,50,19,1.7,1,False
5.4,competitors,freedom social media app,50,30,0.0,1,False
5.3,audiences,app for church,2900,80,7.26,1,False
5.3,other,apps to block ads,590,65,3.99,5,False
5.3,competitors,chase freedom card login app,320,66,5.7,1,False
5.3,blocker-tools,apps that block distractions,260,61,1.47,1,False
5.3,platform,android safe browsing,210,52,4.35,4,False
5.3,competitors,youversion bible app for macbook,110,46,0.0,1,False
5.3,addiction,social media addiction trial verdict,90,38,0.0,1,False
5.3,addiction,negative effects of doomscrolling,90,38,0.0,1,False
5.3,addiction,dopamine detox supplements,90,38,0.0,1,False
5.3,addiction,article about technology addiction,90,38,0.0,2,False
5.3,other,productivity tool app,70,25,0.0,1,False
5.3,addiction,technology addiction definition,70,33,0.0,2,False
5.3,audiences,my church home app,50,27,5.7,1,False
5.2,platform,advertisement blocker app for android,3600,80,3.16,1,False
5.2,blocker-tools,stay focus app,320,64,1.55,1,False
5.2,other,productivity tracker app,90,42,7.37,1,False
5.2,addiction,internet addiction definition,90,39,0.0,4,False
5.2,addiction,internet addiction symptoms,90,39,0.19,2,False
5.2,addiction,internet sexual addiction,90,,8.97,1,False
5.2,other,bark watch app,90,38,4.12,1,False
5.2,devotionals,calming music for quiet time,70,26,0.0,1,False
5.2,other,productivity tracking app,70,42,13.17,1,False
5.2,addiction,gaming addiction causes,70,34,0.0,4,False
5.2,addiction,reasons for gaming addiction,70,34,0.0,1,False
5.2,addiction,doomscrolling rewires your brain,70,34,0.0,1,False
5.2,christian-apps,pushpay church app,70,50,12.87,1,False
5.2,platform,focus lock app iphone,50,17,0.0,2,False
5.2,addiction,signs of screen addiction,50,26,0.0,1,False
5.2,addiction,doomscrolling meaning slang,50,26,0.0,1,False
5.2,verse-display,aesthetic bible verse widget,50,24,0.0,1,False
5.2,other,christian companion app,50,17,0.0,1,False
5.1,catholic,catholic app,1600,75,2.91,3,False
5.1,other,social media time limit app,320,58,3.57,4,False
5.1,other,safe website browsing,320,61,6.86,1,False
5.1,blocker-tools,website blocker windows,170,61,6.41,3,False
5.1,blocker-tools,monitor screen time app,170,59,3.84,1,False
5.1,other,healthy screen time for teens,70,27,0.15,1,False
5.1,platform,android limit screen time,50,18,0.0,4,False
5.1,how-to-other,how to be productive working at home,50,19,0.27,1,False
5.1,bible-verses,bible verse every hour app,50,23,2.22,1,False
5.1,other,my faith assistant app,50,18,0.0,1,False
5.0,catholic,catholic meditation app,390,62,3.39,1,False
5.0,blocker-tools,gamified focus app,90,46,0.0,1,False
5.0,catholic,catholic answers app,70,33,2.11,1,False
5.0,addiction,why is doomscrolling addictive,70,35,0.0,1,False
5.0,competitors,opal app android,70,45,3.67,2,False
5.0,addiction,adult gaming addiction,50,44,49.82,1,False
5.0,addiction,facts about technology addiction,50,28,0.0,1,False
5.0,addiction,what is a good indicator for smartphone addiction,50,28,0.0,1,False
5.0,how-to-other,how to be productive when working from home,50,20,0.27,1,False
5.0,how-to-other,how to be productive working from home,50,20,0.27,1,False
5.0,other,worship artistry app,50,21,0.94,1,False
4.9,platform,ad blocker chrome android,4400,82,3.73,6,False
4.9,other,faith and family app,320,59,3.52,1,False
4.9,catholic,catholic health app,110,41,0.97,1,False
4.9,addiction,social media dopamine addiction,90,41,0.0,1,False
4.9,addiction,dopamine detox fast,90,41,0.0,1,False
4.9,other,dog bark translator app,90,36,1.5,1,False
4.9,addiction,internet game addiction,70,36,0.0,2,False
4.9,platform,where is screen time on android,70,28,0.0,1,False
4.9,prayers,intercessory prayer for healing,50,20,0.0,1,False
4.9,addiction,technology addiction facts,50,29,0.0,2,False
4.9,addiction,technology addiction effects,50,29,0.0,3,False
4.8,blocker-tools,focus keeper pomodoro timer app,140,54,0.0,2,False
4.8,platform,android screen time tracker,110,39,0.0,2,False
4.8,addiction,how to break cell phone addiction,90,44,1.51,3,False
4.8,how-to-other,how to memorize bible verses quickly,70,30,0.17,1,False
4.8,platform,set screen time limit on iphone,50,22,0.0,1,False
4.8,other,mcafee safe browsing,50,34,7.35,1,False
4.8,other,is the angel app christian,50,21,0.0,1,False
4.8,christian-apps,christian app for movies,50,42,7.18,1,False
4.8,competitors,celestial tree forest app,50,35,0.0,1,False
4.7,devotionals,daily devotional guide,4400,82,2.5,2,False
4.7,other,safe browsing site status,140,44,0.0,1,False
4.7,blocker-tools,permanent website blocker,90,51,2.86,1,False
4.7,blocker-tools,bark screen time app,90,,1.49,1,False
4.7,devotionals,catholic devotional app,70,37,4.51,1,False
4.7,catholic,catholic church app,50,38,8.68,1,False
4.7,other,what is a good screen time limit,50,23,0.0,1,False
4.7,addiction,how to break internet addiction,50,32,0.7,2,False
4.6,how-to-block,how to reduce your blood pressure,18100,89,1.55,2,False
4.6,other,google safe browsing warning,210,51,0.0,1,False
4.6,devotionals,morning and evening devotional book,170,48,0.27,1,False
4.6,other,timer for focus,170,48,0.0,3,False
4.6,bible-verses,games to memorize bible verses,50,26,1.41,1,False
4.6,prayers,study on intercessory prayer,50,24,0.0,1,False
4.6,other,best way to limit screen time,50,26,1.38,1,False
4.6,addiction,signs and symptoms of internet addiction,50,33,0.48,1,False
4.6,addiction,internet addiction signs,50,33,0.48,3,False
4.6,addiction,digital detox day,50,32,0.0,1,False
4.5,devotionals,new every morning devotional,90,37,0.0,1,False
4.5,addiction,gaming addiction definition,90,44,0.02,2,False
4.5,other,where is the web filter on google,90,37,0.0,1,False
4.5,competitors,chase freedom card app,70,50,5.21,1,False
4.5,prayers,studies on intercessory prayer,50,25,0.0,1,False
4.5,other,christian mindfulness app,50,30,2.95,1,False
4.5,platform,bark android app,50,28,1.57,1,False
4.4,verse-display,catholic daily bible verse,4400,87,16.07,2,False
4.4,devotionals,spurgeon's morning and evening devotional,480,64,0.57,1,False
4.4,devotionals,spurgeon morning and evening devotional,480,64,0.57,2,False
4.4,verse-display,daily bible verse devotional,480,68,1.68,2,False
4.4,blocker-tools,focus todo pomodoro app,260,64,0.0,1,False
4.4,blocker-tools,focus todo pomodoro timer,170,59,0.0,1,False
4.4,blocker-tools,ticktick productivity app,90,,0.0,1,False
4.4,audiences,church by ministry one app,90,48,8.04,1,False
4.4,other,a quiet place running time,70,33,0.0,1,False
4.4,catholic,catholic morning devotion,70,36,0.75,1,False
4.4,christian-apps,realm connect church app,50,50,14.56,1,False
4.3,prayers,guided prayer app,210,56,2.43,1,False
4.3,prayers,daily devotional morning prayer,70,34,0.0,1,False
4.3,addiction,digital detox tips,70,41,0.0,1,False
4.3,bible-study,verse by verse bible study app,70,43,6.39,1,False
4.3,catholic,examination of conscience jesuit,50,29,0.0,1,False
4.3,blocker-tools,reduce screen time app,50,46,4.23,1,False
4.3,addiction,cell phone addiction facts,50,35,0.0,1,False
4.3,addiction,how to stop cell phone addiction,50,35,0.38,1,False
4.2,how-to-other,how to easily memorize bible verses,50,28,0.35,2,False
4.2,other,bark us app,50,35,4.52,1,False
4.1,other,adguard ad blocker app,2900,80,0.07,1,False
4.1,competitors,bible verse of the day/youversion,720,79,9.3,5,False
4.1,other,internet connection blocker,390,64,1.24,1,False
4.1,other,internet access blocker,390,64,1.24,1,False
4.1,audiences,free church mobile app,260,64,7.34,3,False
4.1,christian-apps,bible app verse day,140,57,1.5,2,False
4.1,platform,bark phone app for iphone,70,39,2.09,1,False
4.1,how-to-other,how to memorize bible verses easy,50,30,0.35,1,False
4.1,other,k-love christian radio app,50,30,0.57,2,False
4.1,competitors,google opal ai app,50,44,1.92,1,False
4.0,bible-verses,bible verse daily devotional,480,67,1.68,2,False
4.0,addiction,internet video game addiction,70,44,0.0,2,False
4.0,competitors,emotional freedom technique app,70,48,0.0,1,False
3.9,other,advertisement blocker app,1600,79,4.32,1,False
3.9,other,block list apps,260,61,2.47,1,False
3.9,devotionals,sunday morning devotional,110,58,11.65,1,False
3.8,bible-verses,scriptures reading for today,12100,90,8.6,1,False
3.8,bible-verses,daily devotional scripture,3600,83,2.15,4,False
3.8,devotionals,bible devotional for the day,1000,76,4.43,1,False
3.8,devotionals,bible devotional for today,1000,76,4.43,1,False
3.8,bible-verses,daily devotional scripture for today,1000,76,4.43,1,False
3.8,other,focus keeper app,170,54,0.0,1,False
3.8,other,daily meditation christian,140,56,4.33,2,False
3.8,platform,does android have screen time,140,51,0.0,1,False
3.8,blocker-tools,gambling website blocker,110,62,5.52,1,False
3.8,blocker-tools,gambling site blocker,110,62,5.52,1,False
3.8,audiences,church center app android,110,47,0.0,2,False
3.8,addiction,video gaming addiction definition,90,50,0.02,1,False
3.8,blocker-tools,limiting screen time app,70,55,3.88,1,False
3.8,addiction,is internet addiction real,50,39,0.0,1,False
3.7,catholic,catholic daily bible reading,8100,88,3.73,2,False
3.7,blocker-tools,distraction blocker app,260,69,1.47,2,False
3.7,blocker-tools,pop up site blocker,70,54,2.44,1,False
3.7,addiction,dopamine detox techniques,70,46,0.0,1,False
3.7,bible-verses,app to help memorize bible verses,50,34,0.73,2,False
3.7,devotionals,morning by morning devotional,50,33,0.1,1,False
3.7,how-to-other,how to remove google safe browsing,50,33,0.0,1,False
3.6,other,google safe browsing report,170,55,0.0,2,False
3.6,catholic,catholic devotion for today,140,64,26.81,1,False
3.6,catholic,national catholic reporter app,50,36,0.0,1,False
3.6,addiction,cell phone addiction article,50,41,0.0,3,False
3.6,other,average screen time for teens in america,50,34,0.0,1,False
3.5,devotionals,daily biblical devotional,3600,84,2.15,1,False
3.5,competitors,youversion bible recap,210,66,0.33,1,False
3.5,platform,focus android app,110,54,4.11,3,False
3.5,other,brain focus productivity timer,90,46,0.0,1,False
3.5,other,disable google safe browsing,90,46,0.0,2,False
3.5,other,turn off google safe browsing,90,46,0.0,2,False
3.5,how-to-other,how to turn on safe browsing,90,46,0.0,1,False
3.5,other,focus music app,70,49,5.13,1,False
3.5,competitors,untitled opal app,50,47,0.0,1,False
3.4,devotionals,morning devotional reading,1000,77,3.12,2,False
3.4,other,block distracting apps,260,64,2.27,1,False
3.4,other,should i turn on enhanced safe browsing,90,47,0.0,1,False
3.4,addiction,facts about cell phone addiction,50,44,0.0,1,False
3.3,other,blocker internet,720,76,5.12,1,False
3.3,other,google safe browsing api,140,55,0.0,1,False
3.2,addiction,digital detox definition,70,51,0.0,1,False
3.2,competitors,lego brick builder app,70,56,1.1,1,False
3.2,platform,chrome content blocker,50,49,7.74,3,False
3.1,devotionals,daily devotional reading for today,720,75,1.35,1,False
3.1,other,url content blocker,170,59,0.0,1,False
3.1,other,christian news app,140,57,0.0,1,False
3.1,blocker-tools,block site website blocker,90,60,0.0,1,False
3.1,other,is enhanced safe browsing good,70,46,0.0,1,False
3.1,catholic,catholic liturgy of the hours app,50,42,0.0,1,False
3.1,blocker-tools,site blocker with password,50,55,2.97,1,False
3.0,blocker-tools,pomodoro timing,90500,98,1.23,1,False
3.0,blocker-tools,ads app blocker,590,80,3.99,1,False
3.0,platform,chrome safe browsing,390,73,5.34,5,False
3.0,other,google safe browsing turn on,110,56,1.4,1,False
3.0,how-to-other,how to check app screen time,70,47,0.0,1,False
3.0,other,christian sleep app,70,50,2.01,1,False
3.0,competitors,brick builder app,70,56,0.0,1,False
3.0,competitors,brick building app,70,56,0.0,1,False
3.0,other,safe browsing browser extension,50,41,0.0,1,False
2.9,competitors,youversion bible app,110000,100,1.01,27,False
2.9,competitors,holy bible app youversion,110000,100,1.01,4,False
2.9,competitors,bible app by youversion,110000,100,1.01,2,False
2.9,devotionals,devotional reading for today,720,76,1.35,2,False
2.9,other,google safe browsing check,480,73,1.75,1,False
2.9,other,google safe browsing checker,480,73,1.75,1,False
2.9,other,google's safe browsing site status checker,170,61,0.0,1,False
2.9,prayers,free daily prayer app for android,90,55,2.06,1,False
2.9,competitors,opal phone app,70,57,0.0,1,False
2.9,competitors,chase freedom unlimited mobile app,70,62,5.38,1,False
2.9,platform,disable safe browsing chrome,50,43,0.0,1,False
2.8,other,robocalls blocker app,1000,80,3.46,1,False
2.8,other,worship online app,110,56,0.0,1,True
2.8,addiction,gaming addiction meaning,90,58,0.02,1,False
2.8,adult-blocking,canopy tax app,70,66,6.1,1,False
2.8,bible-study,verbum catholic bible study app,50,44,0.0,1,False
2.8,how-to-block,how to turn off google safe browsing,50,47,0.0,1,False
2.7,other,google's safe browsing,480,73,0.0,1,False
2.7,verse-display,daily bible verse and devotion,480,76,1.68,2,False
2.7,parental,screen time parental control for iphone,170,68,0.0,1,False
2.7,christian-apps,planning center church app,110,69,7.75,1,False
2.7,audiences,church planning app,90,59,4.88,1,False
2.7,other,a quiet place run time,70,51,0.0,1,False
2.7,devotionals,morning and evening daily devotional,50,48,1.76,2,False
2.6,christian-apps,you verse bible app,110000,100,1.01,1,False
2.6,christian-apps,you bible app,110000,100,1.01,16,False
2.6,christian-apps,your version bible app,110000,99,1.01,1,False
2.6,christian-apps,bible app website,110000,100,1.01,1,False
2.6,other,best app for managing screen time,50,54,6.5,1,False
2.6,blocker-tools,google calendar productivity app,50,57,0.0,1,False
2.6,blocker-tools,productivity site blocker,50,61,4.73,2,False
2.6,other,turn on safe browsing,50,46,0.0,1,False
2.6,how-to-other,how do i turn off google safe browsing,50,47,0.0,1,False
2.5,other,focus list app,170,64,0.0,1,False
2.5,addiction,internet gaming addiction,70,58,0.0,3,False
2.4,bible-verses,bible verse daily devotion,480,76,1.68,2,False
2.4,platform,turn off safe browsing chrome,50,49,0.0,1,False
2.3,catholic,today's bible reading catholic,8100,91,3.73,5,False
2.3,competitors,logos bible app,2400,88,0.43,1,False
2.3,other,internet browser pop up blocker,720,80,3.36,1,False
2.3,verse-display,christianity com daily bible verse,590,79,0.01,2,False
2.3,christian-apps,church app login,70,70,22.12,1,False
2.3,blocker-tools,ipad screen time app,50,62,2.76,3,False
2.3,blocker-tools,app blocker productivity,50,62,2.45,3,False
2.2,other,app bible,60500,100,2.2,12,False
2.2,blocker-tools,block apps ads,320,79,1.77,2,False
2.2,other,google safe browsing website check,140,73,20.11,2,False
2.2,other,christian broadcasting network app,90,60,0.0,1,False
2.1,platform,chrome safe browsing settings,90,65,3.97,1,False
2.0,other,web search without filter,320,76,2.24,1,False
2.0,competitors,youversion daily bible verse,320,79,0.57,2,False
2.0,competitors,youversion daily verse,320,79,0.57,1,False
2.0,prayers,universalis evening prayer today,170,69,0.0,1,False
2.0,christian-apps,service church app,170,75,3.21,2,False
2.0,blocker-tools,internet website blocker,50,63,0.0,1,False
2.0,prayers,daily prayer us app,50,54,0.04,1,False
1.9,other,google's safe browsing tool,260,74,0.0,1,False
1.9,other,screen time labs app,90,64,0.0,1,False
1.9,other,safe browsing test,90,63,0.0,1,False
1.8,audiences,instant church directory app,590,81,1.71,1,False
1.8,other,google safe browsing tool,210,73,0.0,1,False
1.8,devotionals,short morning devotional message,50,58,0.0,1,False
1.7,bible-verses,daily catholic bible verse,4400,92,11.98,1,False
1.7,addiction,facts about phone addiction,90,69,0.0,1,False
1.7,competitors,chase freedom unlimited login app,50,66,0.0,1,False
1.6,prayers,catholic prayer booklet,8100,92,0.8,2,False
1.6,how-to-block,how to block ads in apps,320,80,1.87,1,False
1.6,other,google safe browsing report page,210,76,1.52,1,False
1.6,other,google enhanced safe browsing,170,73,0.0,3,False
1.6,bible-verses,bible verse explanation app,50,64,3.05,1,False
1.5,christian-apps,free holy bible app,18100,100,2.19,3,False
1.5,blocker-tools,pop-up website blocker,70,74,2.44,1,False
1.4,competitors,alkitab youversion,14800,100,0.86,1,False
1.4,competitors,bible from youversion,14800,100,0.86,1,False
1.4,other,block ads from apps,320,81,3.08,1,False
1.4,devotionals,morning bible devotional,170,76,1.24,2,False
1.3,verse-display,verse of the day catholic,1600,91,8.48,1,False
1.3,other,google safe browsing site,260,79,0.0,1,False
1.3,other,google's safe browsing transparency report,110,73,0.0,1,False
1.3,blocker-tools,track productivity app,90,80,7.37,1,False
1.3,devotionals,short morning devotional,70,71,2.73,1,False
1.2,other,free app holy bible,18100,99,2.19,6,False
1.2,parental,parental control google,6600,100,8.07,5,False
1.2,audiences,church service app,170,79,3.21,3,False
1.2,audiences,church phone app,110,80,28.09,1,False
1.2,other,site pop up blocker,90,74,1.76,1,False
1.2,other,safe browsing checker,90,73,0.0,1,False
1.2,other,safe browsing check,90,73,0.0,1,False
1.2,audiences,church planner app,90,76,4.88,1,False
1.1,parental,family link parental control,5400,100,7.86,2,False
1.0,audiences,church centre app,50,71,0.0,1,False
0.9,catholic,bible catholic reading today,8100,98,3.73,12,False
0.9,catholic,catholic bible reading of the day,8100,95,3.73,2,False
0.9,catholic,today's bible reading roman catholic,8100,100,3.73,1,False
0.9,other,google control parental,6600,100,8.07,2,False
0.9,other,control parental en google,6600,100,8.07,1,False
0.9,christian-apps,good bible app,5400,100,3.04,1,False
0.9,verse-display,catholic scripture verse of the day,4400,95,16.07,1,False
0.9,verse-display,verse of the day catholic bible,4400,95,16.07,3,False
0.9,other,website ad blocker,320,86,2.82,1,False
0.9,devotionals,morning daily devotional,70,76,0.12,1,False
0.9,catholic,catholic tv app,70,78,2.85,1,False
0.9,other,photo filter web,70,77,3.87,2,False
0.8,christian-apps,audio bible app,4400,97,2.39,3,False
0.8,christian-apps,audio holy bible app,4400,100,2.39,1,False
0.8,christian-apps,audible bible app,4400,100,2.39,1,False
0.8,audiences,church giving app,170,86,20.2,1,False
0.8,other,meditation app for focus,140,82,0.0,1,False
0.8,devotionals,morning devotional message for today,50,75,0.07,1,False
0.8,other,safe browsing site,50,78,6.61,2,False
0.7,bible-study,software for bible study,4400,95,7.3,1,False
0.7,other,internet ad blocker,90,82,5.45,1,False
0.7,audiences,church tithe app,50,82,15.05,2,False
0.6,other,app bible audio,4400,100,2.39,5,False
0.6,other,holy bible audio app,4400,100,2.39,1,False
0.6,competitors,youversion bible study app,2900,100,0.91,3,False
0.5,other,bible com app,3600,100,1.78,1,False
0.5,bible-study,you version bible study app,2900,100,0.91,1,False
0.5,other,bible websites for study,1900,100,10.32,1,False
0.5,competitors,youversion bible app downloads,1900,100,1.04,1,False
0.5,competitors,bible com youversion,1600,100,4.15,2,False
0.5,competitors,biblia youversion,140,89,0.93,1,False
0.5,audiences,church tithing app,50,86,15.05,1,False
0.4,competitors,youversion application,1000,100,0.86,1,False
0.4,competitors,youversion bible app pc,480,100,19.23,4,False
0.4,audiences,planning center church center app,90,88,3.18,2,False
0.3,competitors,youversion niv bible,720,100,0.0,1,False
0.3,christian-apps,tithely church app,260,95,14.14,1,False
0.3,audiences,church center app login,70,88,0.0,1,False
0.2,other,google's safe browsing site status,390,100,0.0,1,False
0.2,christian-apps,tithe ly church app,210,96,9.61,2,False
0.2,competitors,youversion devotions,170,100,3.5,1,False
0.2,competitors,youversion devotional,170,100,3.5,2,False
0.1,platform,safe web browsing android,210,100,4.35,1,False
0.1,other,ad blocker site,170,100,3.45,1,False
0.1,christian-apps,you verse bible app for android,170,100,0.27,1,True
0.1,competitors,youversion app android,170,100,0.27,1,False
0.1,competitors,hallow app for lent,140,95,0.0,1,False
0.1,christian-apps,u verse bible app,110,100,0.88,1,False
0.1,other,pop up blocker website,90,100,1.76,3,False
0.1,bible-study,christian bible study app,90,99,4.13,1,False
0.1,other,bark tracking app,70,95,1.81,1,False
