score,category,keyword,volume,kd,cpc,variants
325.5,catholic,lent 2026,90500,2,8.8,4
293.8,catholic,when lent,49500,13,15.68,3
271.9,verse-display,christian computer wallpaper,49500,0,0.44,5
245.4,bible-verses,bible verses on encouraging,110000,0,2.34,4
235.8,bible-verses,bible verse about anxious,49500,0,1.44,3
235.8,bible-verses,bible verses on nervousness,49500,0,1.44,1
231.7,blocker-tools,how to block sites iphone,27100,7,2.16,18
228.5,catholic,how long lent,27100,9,11.22,5
228.0,catholic,divine chaplet,135000,6,0.56,2
226.2,bible-verses,about love bible verse,165000,5,2.35,5
220.3,catholic,mercy divine chaplet,135000,8,0.56,14
212.7,prayers,night prayer,60500,4,0.37,13
211.0,prayers,times for prayer,246000,17,6.52,9
205.7,prayers,prayer for night time,60500,6,0.37,3
203.8,bible-verses,about forgiveness bible verses,33100,0,2.89,1
203.8,bible-verses,bible verse about forgiveness of sins,33100,0,2.89,2
203.8,bible-verses,bible verse about forgiveness of sin,33100,0,2.89,1
203.8,bible-verses,bible verses on forgiving,33100,0,2.89,2
200.6,blocker-tools,how block websites on iphone,27100,15,2.16,10
200.2,catholic,prayer for catholic church,40500,8,0.8,4
198.7,prayers,prayer at night time,60500,8,0.37,1
198.7,prayers,night time prayer,60500,8,0.37,4
196.7,prayers,prayer to st michael angel,135000,8,0.12,1
193.0,prayers,prayer for morning,110000,10,0.52,12
193.0,prayers,morning prayer,110000,10,0.52,13
191.2,bible-verses,bible verses on inspiration,33100,4,2.92,6
190.1,catholic,prayers of the catholic rosary,40500,11,0.83,1
189.9,prayers,prayer to protect,33100,0,1.05,1
189.1,adult-blocking,covenant eyes inc,33100,25,2.35,1
189.1,adult-blocking,covenant eyes,33100,25,2.35,11
187.4,blocker-tools,how to block websites chromebook,14800,4,3.22,1
187.2,bible-verses,verses about communion,33100,0,0.69,8
186.1,bible-verses,about faith bible verse,27100,2,4.03,1
185.9,devotionals,daily devotional in touch,40500,26,11.89,2
183.8,catholic,prayer of rosary,60500,18,0.63,10
183.8,catholic,prayerful rosary,60500,18,0.63,1
183.4,prayers,prayer for st anthony,33100,0,0.19,3
183.3,catholic,last week of lent,33100,21,8.05,1
183.2,bible-verses,background for bible verses,33100,0,0.17,2
183.2,bible-verses,k-love verse of the day,22200,0,5.51,2
182.5,prayers,glory to be prayer,33100,0,0.07,1
181.3,bible-verses,quotation about bible verse,60500,25,6.84,1
178.1,blocker-tools,how to block websites in chrome browser,14800,7,3.22,1
176.7,prayers,prayer for act of contrition,33100,2,0.08,1
174.4,bible-verses,bible verses about consolation,27100,0,1.42,1
174.1,prayers,prayer to san miguel arcangel,40500,9,0.15,1
173.1,catholic,prayers for roman catholic,40500,16,0.8,1
173.1,catholic,prayer roman catholic,40500,16,0.8,2
172.3,prayers,thanksgiving prayer for thanksgiving day,22200,0,3.75,1
172.1,bible-verses,bible verse about matrimony,27100,0,1.09,2
170.0,bible-verses,bible verses on popularity,22200,0,3.38,3
169.0,blocker-tools,how do i block websites on chrome,14800,10,3.22,10
168.3,catholic,chaplet st michael,22200,0,0.65,6
166.8,prayers,prayer for saint michael,135000,17,0.12,3
166.7,catholic,st jude novena,18100,4,4.86,6
166.7,catholic,st jude's novena,18100,4,4.86,1
166.1,devotionals,today's devotional our daily bread,74000,28,6.16,1
165.9,catholic,lent rose,22200,0,0.3,1
165.3,prayers,prayer for tonight,60500,18,0.37,3
165.1,devotionals,daily devotional by billy graham,14800,2,9.64,1
165.1,devotionals,daily devotional billy graham,14800,2,9.64,2
165.0,bible-verses,what does scripture say about cremation,27100,1,0.45,2
165.0,bible-verses,what does the bible say about cremation,27100,1,0.45,1
164.9,prayers,words to livin on a prayer,33100,6,0.02,1
164.6,prayers,jewish prayer for hanukkah,27100,0,0.0,1
163.9,blocker-tools,penne pomodoro,12100,2,1.47,1
163.7,prayers,prayer for hail mary,135000,18,0.14,1
163.5,catholic,prayers during the rosary,40500,19,0.83,1
163.4,prayers,for today prayer,74000,27,5.02,1
163.3,bible-verses,bible quotes about motivation,33100,13,2.92,1
163.2,bible-verses,verses about being thankful,22200,0,2.28,5
162.1,prayers,night time prayer christian,60500,19,0.37,2
161.4,prayers,for healing prayer,90500,20,0.76,12
160.8,prayers,prayer for st jude,27100,2,0.22,2
160.5,prayers,christian prayer for strength,40500,15,0.82,2
160.1,blocker-tools,how to block websites chrome,14800,13,3.22,5
159.8,prayers,prayers for forgiveness of sins,18100,0,4.5,2
159.7,prayers,glory to father prayer,33100,8,0.07,5
158.7,bible-verses,for healing bible verses,33100,11,1.22,3
158.3,bible-verses,bible verse about lovely,165000,24,2.35,1
157.6,catholic,st michael's chaplet,22200,4,0.63,1
156.6,prayers,prayers for intercessors,14800,0,6.89,1
156.6,prayers,prayers for intercession,14800,0,6.89,1
156.6,prayers,intercessory prayer,14800,0,6.89,22
156.3,prayers,prayer for day,74000,29,5.02,7
155.9,catholic,significance of lent,22200,21,9.28,1
155.9,blocker-tools,how to block websites safari,9900,0,1.93,4
155.8,prayers,prayers for repentance,14800,0,6.73,1
155.8,prayers,prayer to repent,14800,0,6.73,2
155.7,prayers,prayer at night,60500,21,0.37,2
155.4,bible-verses,bible verses on guarding your heart,14800,4,8.72,1
155.2,bible-verses,scriptures for life,18100,0,3.68,13
154.5,blocker-tools,how do i block websites on safari,9900,0,1.7,9
151.0,prayers,prayer for st michael,135000,22,0.12,3
150.7,bible-verses,scriptures for christmas,18100,0,2.88,11
150.7,bible-verses,scriptures for xmas,18100,0,2.88,4
150.7,bible-verses,scripture verses about christmas,18100,0,2.88,1
150.4,catholic,novena saint jude,18100,10,4.86,3
149.9,prayers,prayer for guardian angel,22200,0,0.14,4
149.8,catholic,st michael rosary chaplet,22200,7,0.63,1
149.8,catholic,saint michael the archangel chaplet,22200,7,0.63,3
149.5,bible-verses,scripture about nephilim,22200,6,2.58,1
148.5,catholic,lent en espanol,8100,0,17.55,1
148.0,other,christian curriculum homeschool,22200,11,4.73,2
147.9,prayers,prayer to saint michael archangel,135000,23,0.12,4
146.0,catholic,seven sorrows chaplet,18100,4,1.28,3
145.6,prayers,prayer for thanksgiving,22200,10,3.75,5
145.6,prayers,prayer for thanksgiving day,22200,10,3.75,3
145.6,blocker-tools,pomodoro pizza,9900,4,1.85,2
145.0,catholic,s t jude novena,18100,12,4.86,1
144.8,bible-verses,bible verses about fruit of the holy spirit,33100,15,0.77,3
144.8,bible-verses,bible verses on fruit of the spirit,33100,15,0.77,12
144.7,prayers,prayers for forgiveness christian,18100,6,4.5,1
144.7,prayers,christian prayers for forgiveness,18100,6,4.5,1
144.3,blocker-tools,chicken pomodoro,9900,0,0.0,2
143.5,addiction,screen free digital camera,12100,0,1.04,2
142.2,catholic,when lent over,27100,20,2.93,2
141.5,bible-verses,verse of the day king james,22200,21,9.23,2
141.3,adult-blocking,how to stop porn addiction,18100,27,3.81,4
141.3,adult-blocking,how to stop pornography addiction,18100,27,3.81,1
141.3,adult-blocking,how to break porn addiction,18100,27,3.81,2
141.1,prayers,morning prayer christianity,110000,26,0.52,1
140.3,blocker-tools,spaghettoni pomodoro,12100,8,0.12,1
139.8,blocker-tools,spaghetti pomodoro,12100,8,0.04,1
139.6,catholic,st michael archangel chaplet,22200,11,0.63,4
139.5,bible-verses,scriptures for those grieving,18100,0,0.89,1
139.5,other,christian louboutin shoes men,18100,0,0.88,4
139.5,other,christian louboutin men dress shoes,18100,0,0.88,3
139.5,other,christian louboutin slippers men,18100,0,0.88,1
139.4,bible-verses,bible verses for thanksgiving day,18100,0,0.87,4
139.4,bible-verses,bible verses on give thanks,18100,0,0.87,1
139.1,catholic,lent spanish,8100,4,17.55,2
139.0,catholic,rosary divine mercy,135000,31,0.56,3
139.0,prayers,songs for prayers,12100,0,6.32,1
138.8,prayers,prayer to michael archangel,135000,26,0.12,6
138.6,bible-verses,scripture about strength in hard times,14800,0,3.34,6
138.2,bible-verses,scriptures for peace,40500,25,2.12,12
137.9,catholic,divine mercy prayer chaplet,49500,32,1.07,25
137.6,catholic,how to pray holy rosary,74000,32,0.89,5
137.6,catholic,how to say a rosary prayer,74000,32,0.89,3
137.0,catholic,divine mercy novena,14800,4,2.22,6
136.6,blocker-tools,pasta pomodoro,14800,16,0.57,2
136.5,prayers,prayer when anxious,18100,4,1.99,1
136.2,catholic,christian rosary prayer,60500,32,0.63,2
136.1,bible-verses,bible verses on motherhood,18100,0,0.28,4
136.1,bible-verses,bible verses on mother,18100,0,0.28,15
136.1,bible-verses,bible verses on moms,18100,0,0.28,5
136.1,bible-verses,bible verses on mom,18100,0,0.28,5
135.8,catholic,st.joseph novena,9900,7,9.44,6
135.8,catholic,st joseph's novena,9900,7,9.44,1
135.6,prayers,now lay me down to sleep prayer,18100,0,0.19,4
135.6,prayers,now u lay me down to sleep prayer,18100,0,0.19,1
135.6,prayers,now they lay me down to sleep prayer,18100,0,0.19,1
135.0,bible-verses,bible verses for thanksgiving holiday,18100,2,0.87,1
134.7,catholic,archangel michael chaplet,22200,13,0.65,1
134.7,bible-verses,scripture about god's love,14800,0,2.57,3
134.6,catholic,st michael the archangel chaplet prayer,22200,13,0.63,1
134.6,catholic,saint michael's chaplet,22200,13,0.63,1
134.6,catholic,saint michael chaplet,22200,13,0.63,3
133.7,other,christian counselling marriage,9900,5,11.01,4
132.9,prayers,prayer to st michael archangel,135000,28,0.12,4
132.7,parental,app parental control,40500,44,6.78,17
132.7,parental,parental control application,40500,44,6.78,1
132.1,adult-blocking,accountable2you,12100,15,0.93,4
131.5,bible-verses,trust on god bible verses,14800,0,1.95,2
131.3,prayers,night prayer christian,60500,29,0.37,5
130.8,prayers,prayer for bedtime,27100,14,0.28,6
130.6,bible-verses,bible verses on giving thanks,18100,4,0.87,1
130.5,prayers,prayer for saint jude,27100,14,0.22,2
130.3,bible-verses,bible verses on protection,18100,4,0.82,7
130.3,bible-verses,bible verse about protecting,18100,4,0.82,1
130.0,bible-verses,scriptures for strength and healing,14800,0,1.64,14
129.3,catholic,prayer of catholic,40500,30,0.8,10
129.3,catholic,catholic prayer,40500,30,0.8,11
128.9,bible-verses,bible verses for dying,14800,0,1.42,3
128.9,bible-verses,bible verses for the dead,14800,0,1.42,1
128.4,prayers,prayer for bed,27100,15,0.28,5
128.0,catholic,novena surrender,27100,24,2.32,4
128.0,catholic,surrendering novena,27100,24,2.32,1
127.7,devotionals,devotional for today our daily bread,18100,21,9.22,1
127.5,bible-verses,bible verses on being patient,14800,0,1.15,2
127.5,catholic,divine chaplet song,14800,3,0.0,2
127.5,catholic,divine mercy chaplet song,14800,3,0.0,8
126.5,prayers,healing prayers for strength,18100,7,1.34,2
126.4,blocker-tools,linguine pomodoro,14800,20,0.57,1
126.3,bible-verses,bible verses on thanksgiving,18100,6,0.87,13
125.7,catholic,roman catholic morning prayer,22200,18,1.29,1
125.2,catholic,chaplet of divine mercy rosary,49500,36,1.07,2
125.2,prayers,prayer to family,14800,6,3.27,17
124.9,catholic,how to lead the rosary,74000,36,0.89,1
124.9,prayers,prayers for evening,14800,0,0.64,3
124.9,prayers,evening prayer,14800,0,0.64,7
124.5,prayers,prayer to saint francis,22200,11,0.16,2
124.3,prayers,prayer to jabez,14800,0,0.53,1
124.1,bible-verses,scriptures for a graduate,14800,0,0.49,2
124.1,bible-verses,bible verses for birth,14800,0,0.48,3
124.1,bible-verses,bible verses on birthday,14800,0,0.48,7
124.1,bible-verses,for birthday bible verses,14800,0,0.48,1
124.1,bible-verses,scriptures for graduation,14800,0,0.49,5
124.1,bible-verses,scriptures for graduates,14800,0,0.49,4
123.9,prayers,prayers for husband,14800,0,0.45,9
123.9,prayers,prayers to pray for my husband,14800,0,0.45,2
123.9,prayers,prayers for my spouse,14800,0,0.45,1
123.4,catholic,pray divine chaplet,14800,6,0.44,3
123.3,prayers,prayer for today morning,22200,15,1.76,1
123.0,prayers,prayer to st padre pio,14800,0,0.27,1
122.7,prayers,prayer for contrition,33100,22,0.08,1
122.4,prayers,prayers for before meals,14800,0,0.15,2
122.4,prayers,prayer to saint anthony,14800,0,0.14,1
122.4,prayers,prayer before meals christian,14800,0,0.15,1
122.4,prayers,prayer before meal,14800,0,0.15,6
122.4,prayers,prayer before eating,14800,0,0.15,2
122.4,prayers,christian prayer before meal,14800,0,0.15,2
122.4,prayers,before eating prayer,14800,0,0.15,1
122.4,prayers,before meal prayer,14800,0,0.15,2
122.4,prayers,prayer before you eat,14800,0,0.15,1
122.3,addiction,free phone free,110000,47,5.01,2
122.2,prayers,song prayer to st francis,22200,12,0.16,1
121.9,bible-verses,inspirational quotes about bible,12100,7,5.86,2
121.9,other,christian music artists women,6600,0,26.85,2
121.7,bible-verses,what does god say about suicide in the bible,14800,0,0.0,1
121.5,prayers,prayers for sinners,18100,8,0.76,1
121.2,parental,how to turn off parental control on iphone,5400,2,7.44,1
121.1,prayers,prayer for daily,40500,29,0.99,1
121.0,blocker-tools,pazzo pomodoro,8100,7,0.99,1
120.6,bible-verses,scripture about the promises of god,12100,0,2.32,1
120.5,prayers,prayer before food,14800,1,0.15,1
120.5,prayers,prayer before eating meal,14800,1,0.15,3
120.2,catholic,7 sorrows chaplet,18100,15,1.28,1
120.0,bible-study,bible study on women,12100,0,0.93,4
119.7,blocker-tools,pomodoro timer,90500,48,1.23,4
119.7,blocker-tools,pomodoro effect timer,90500,48,1.23,1
119.7,catholic,lent meaning,22200,33,9.28,4
119.6,prayers,prayers for miracles,12100,0,2.1,1
119.6,prayers,prayers for miracle,12100,0,2.1,3
119.3,blocker-tools,pomodoro method,22200,40,6.01,1
119.3,bible-verses,bible verse about jesus wept,14800,7,2.44,1
118.8,blocker-tools,how to block apps iphone,5400,0,2.75,4
118.8,blocker-tools,how block apps on iphone,5400,0,2.75,10
118.5,prayers,before food prayer,14800,2,0.15,1
117.8,addiction,how to stop addiction to ponography,18100,27,3.81,1
117.6,bible-verses,scripture about deborah,14800,5,1.19,1
116.7,competitors,cold turkey,12100,24,4.21,4
116.6,bible-verses,scriptures for easter,12100,0,1.43,8
116.6,bible-verses,scriptures for resurrection sunday,12100,0,1.43,1
116.6,bible-verses,scriptures for easter sunday,12100,0,1.43,1
116.3,competitors,hallow app,22200,35,2.66,16
115.7,bible-verses,scripture about gifts of the spirit,9900,5,6.29,1
115.6,prayers,prayer to st francis,22200,15,0.16,2
115.2,prayers,prayer to saint padre pio,14800,4,0.27,1
114.7,prayers,pray how to,18100,27,9.86,26
114.6,prayers,lay me down to sleep prayer,18100,10,0.19,2
114.5,parental,bark app,14800,23,2.39,11
114.4,prayers,prayers for prayer beads,12100,0,0.95,1
114.3,catholic,prayer for divine mercy chaplet,14800,10,0.26,6
114.3,bible-study,bible study for ladies,12100,3,0.93,1
113.5,bible-verses,bible verses on family life,12100,0,0.76,1
113.1,blocker-tools,pomodoro rosso restaurant,5400,3,2.75,1
112.7,catholic,rosary how to,74000,40,0.89,5
112.5,catholic,catholic bible,74000,40,0.86,23
112.5,prayers,before i lay me down to sleep prayer,18100,11,0.19,1
112.5,catholic,novena,18100,20,2.08,4
112.4,bible-verses,bible verses for kindergarteners,12100,0,0.52,1
111.6,bible-verses,bible verses on lust,12100,0,0.36,3
111.6,prayers,padre pio prayers for healing,12100,0,0.36,1
111.3,blocker-tools,pomodoro rosso,5400,4,2.75,1
111.2,bible-verses,what does scripture say about marriage,9900,0,2.83,4
111.2,christian-apps,christian apparel men,6600,0,2.27,3
111.1,prayers,prayer to holy spirit,12100,0,0.25,4
110.9,blocker-tools,block websites chromebook,8100,17,3.49,2
110.5,prayers,i pray the lord my soul to keep prayer,18100,12,0.19,1
110.5,catholic,our father prayer roman catholic,9900,0,0.22,1
110.5,blocker-tools,pomodoro durham,5400,0,0.88,1
110.2,bible-verses,bible verses on mother's day,12100,0,0.04,2
110.2,bible-verses,bible passages about righteousness,5400,0,16.33,1
110.2,prayers,wed morning prayer,5400,0,21.31,1
110.2,prayers,prayer for wednesday morning,5400,0,21.31,1
110.2,prayers,morning prayer wednesday,5400,0,21.31,3
110.2,prayers,morning prayer for wednesday,5400,0,21.31,1
109.9,prayers,prayer for our father who art in heaven,201000,36,0.1,1
109.7,catholic,how pray rosary,74000,41,0.89,65
109.7,catholic,how do we pray the rosary,74000,41,0.89,1
109.7,catholic,how to say a rosary,74000,41,0.89,1
109.7,catholic,catholic prayer for dead,8100,0,2.59,2
109.7,catholic,prayer for the deceased catholic,8100,0,2.59,1
109.7,catholic,prayer for the dead catholic,8100,0,2.59,1
109.7,catholic,catholic prayer dead,8100,0,2.59,2
109.7,catholic,prayer for the departed catholic,8100,0,2.59,1
109.7,catholic,catholic prayer for the departed,8100,0,2.59,1
109.6,catholic,catholic bible which version,12100,9,1.28,1
109.5,parental,how to add parental control on iphone,8100,11,3.07,1
109.2,bible-verses,life app study bible,14800,8,0.61,1
109.0,bible-verses,scripture about god's faithfulness,6600,0,8.2,1
108.9,catholic,what bible do catholic churches use,12100,10,1.56,4
108.9,other,christian marriage counselor near me,8100,4,7.01,2
108.9,bible-verses,scripture about trusting god in hard times,6600,0,8.18,1
108.8,bible-study,books on bible study,9900,0,0.99,7
107.8,catholic,lent 2026 dates,9900,1,0.03,1
107.8,blocker-tools,pomodoro trattoria,5400,2,1.08,1
107.6,bible-study,bible study bible for women,9900,0,0.72,4
107.5,prayers,prayer to heal a friend,12100,2,0.23,8
107.5,blocker-tools,pomodoro cafe,5400,10,4.66,1
107.4,prayers,prayers for salvation,12100,5,1.43,1
107.0,prayers,prayers for request,18100,26,6.91,1
107.0,prayers,request for prayers,18100,26,6.91,2
106.9,prayers,nice morning prayer,18100,14,0.27,1
106.9,other,christian tee shirts men,9900,0,1.79,2
106.9,other,christian tees for men,9900,0,1.79,1
106.9,other,christian t shirt men,9900,0,1.79,4
106.7,catholic,night time prayer catholic,9900,3,0.56,1
106.7,catholic,prayer for tonight catholic,9900,3,0.56,1
106.7,blocker-tools,chrome site blocker extension,8100,16,1.94,10
106.7,blocker-tools,site blocker extension chrome,8100,16,1.94,7
106.2,adult-blocking,truple,5400,4,0.68,3
105.9,addiction,doomscrolling,33100,41,1.99,2
105.9,prayers,prayer to holy ghost,12100,3,0.25,2
105.8,addiction,government phone free,165000,49,2.69,2
105.6,parental,how to turn off parental control,6600,0,0.0,2
105.6,parental,how to switch off parental control,6600,0,0.0,1
105.6,blocker-tools,pomodoro café,5400,11,4.66,1
105.5,bible-verses,bible verses on loving your neighbor,12100,4,0.57,2
105.4,bible-verses,study tools for bible,60500,41,2.32,3
105.0,catholic,what bible roman catholic use,12100,12,1.56,4
104.9,catholic,prayer at night catholic,9900,4,0.56,2
104.9,catholic,night catholic prayer,9900,4,0.56,6
104.9,catholic,prayer for night catholic,9900,4,0.56,2
104.9,catholic,nightly catholic prayer,9900,4,0.56,1
104.8,bible-verses,bible quotes about wrath,9900,0,1.27,2
104.8,catholic,perpetual help novena,5400,0,7.13,4
104.8,catholic,lady of perpetual help novena,5400,0,7.13,2
104.8,catholic,our lady perpetual help novena,5400,0,7.13,2
104.6,bible-verses,what does the christian bible say about suicide,14800,9,0.0,1
104.6,bible-verses,scripture about holy ghost,9900,0,1.23,1
104.4,devotionals,in touch ministries daily devotional,9900,20,16.32,1
104.0,bible-verses,scripture about morning,8100,0,3.74,1
104.0,catholic,novena miraculous medal,4400,0,10.22,4
104.0,catholic,immaculate medal novena,4400,0,10.22,1
103.3,blocker-tools,call block apps for android,27100,45,3.02,1
103.3,bible-verses,what does the bible say about abortion,9900,5,3.05,2
103.2,prayers,bible verses on healing prayer,9900,1,1.3,2
103.2,catholic,novena mother perpetual help,5400,1,7.13,7
103.2,catholic,our lady of perpetual help prayer novena,5400,1,7.13,1
102.9,parental,parental control roblox,18100,32,2.17,3
102.8,parental,bark parental control app,9900,18,2.21,3
102.7,catholic,catholic study bible nab,8100,0,0.89,1
102.6,bible-verses,scriptures for funerals,9900,0,0.76,3
102.6,bible-verses,verses on baptism in the bible,9900,0,0.75,1
102.3,bible-verses,bible scriptures for weddings,9900,0,0.68,1
102.3,bible-verses,bible scriptures for wedding,9900,0,0.68,1
102.3,catholic,catholic prayer book,8100,0,0.8,6
102.0,catholic,catholic translation bible,12100,13,1.28,8
101.9,prayers,prayers to pray for healing,90500,40,0.76,1
101.8,verse-display,christian wallpaper iphone,6600,0,1.06,7
101.7,catholic,catholic our father prayer,9900,5,0.22,6
101.7,catholic,54 day novena rosary,5400,0,6.2,4
101.7,catholic,rosary novena 54 days,5400,0,6.2,1
101.5,prayers,prayer to travel safe,9900,0,0.49,2
101.0,prayers,prayer to st michael's,22200,22,0.22,1
101.0,bible-verses,scriptures for athletes,9900,0,0.37,3
100.9,catholic,how to pray a rosary catholic,74000,44,0.89,12
100.8,bible-verses,study bible for women,9900,1,0.72,4
100.8,bible-verses,study bible for woman,9900,1,0.72,1
100.7,catholic,lent ash wednesday meaning,33100,,7.44,2
100.7,bible-verses,scripture about beauty,9900,0,0.3,3
100.7,bible-verses,scripture verses about beauty,9900,0,0.28,1
100.7,prayers,prayer to protect from evil,8100,0,2.86,1
100.6,bible-verses,king james version bible verse of the day,27100,34,4.51,2
100.6,prayers,healing prayers for friend,12100,6,0.23,3
100.6,blocker-tools,soya e pomodoro,4400,0,1.1,1
100.6,blocker-tools,soya y pomodoro,4400,0,1.1,1
100.6,blocker-tools,soya pomodoro,4400,0,1.1,3
100.6,blocker-tools,soya and pomodoro restaurant,4400,0,1.1,1
100.4,catholic,divine mercy chaplet youtube,12100,11,0.0,7
100.4,catholic,divine chaplet youtube,12100,11,0.0,1
100.2,bible-verses,reading the bible in a year plan,22200,27,2.71,5
100.0,bible-study,study guide for bible study,27100,31,1.13,1
100.0,prayers,prayer to archangel raphael,9900,0,0.12,4
100.0,prayers,prayer to saint raphael archangel,9900,0,0.12,2
100.0,prayers,prayer to friend,9900,0,0.13,7
100.0,prayers,prayer to saint raphael,9900,0,0.12,1
99.9,catholic,our mother of perpetual help novena,5400,3,7.13,3
99.7,other,women christian louboutin shoes,12100,8,0.85,4
99.7,catholic,catholic prayer for night time,9900,7,0.56,1
99.5,other,christian counseling marriage,9900,21,11.01,12
99.4,prayers,prayers for strength and healing,18100,20,1.34,2
99.3,catholic,giving up something for lent,8100,0,0.07,1
99.3,catholic,giving up stuff for lent,8100,0,0.07,1
99.3,catholic,things to give up on lent,8100,0,0.07,2
99.3,catholic,give up stuff for lent,8100,0,0.07,1
99.2,catholic,before meal prayer catholic,8100,0,0.06,2
99.2,catholic,catholic prayer before meal,8100,0,0.06,3
99.2,catholic,prayer before meal catholic,8100,0,0.06,3
99.2,catholic,catholic prayer before you eat,8100,0,0.06,1
99.2,catholic,prayer before eating catholic,8100,0,0.06,1
99.2,catholic,catholic prayer before eating,8100,0,0.06,1
99.2,catholic,roman catholic prayer before meals,8100,0,0.06,1
99.0,catholic,novena a san judas tadeo,8100,0,0.0,1
98.9,bible-study,soap method for bible study,8100,0,1.12,1
98.7,blocker-tools,screen time iphone,8100,22,3.02,8
98.5,bible-verses,scripture verse of the day kjv,22200,37,9.23,10
98.4,prayers,prayer to st raphael archangel,9900,1,0.12,2
98.1,catholic,catholic study bible ignatius,12100,15,1.23,3
98.0,catholic,roman catholic night prayer,9900,8,0.56,1
97.7,catholic,catholic prayer for deceased,8100,7,2.59,2
97.7,catholic,catholic prayer deceased,8100,7,2.59,1
97.6,catholic,prayer for the morning catholic,22200,30,1.29,2
97.6,catholic,catholic prayer for morning,22200,30,1.29,2
97.6,catholic,prayer catholic morning,22200,30,1.29,8
97.3,bible-verses,scripture about iron sharpens iron,18100,20,0.8,3
97.2,bible-verses,scriptures for healing sickness,8100,0,1.91,4
97.2,bible-verses,healing bible scriptures for sick,8100,0,1.91,1
97.0,prayers,time for subuh prayer,60500,43,1.59,1
97.0,devotionals,men daily devotional,9900,9,3.21,3
97.0,devotionals,men's devotional daily,9900,9,3.21,2
96.9,competitors,opal app,6600,18,4.1,6
96.9,competitors,opal mobile app,6600,18,4.1,1
96.3,other,mormon church leaders,4400,2,12.07,3
96.1,parental,how to put parental control on iphone,8100,18,3.07,3
95.8,prayers,prayer when fasting,8100,6,4.2,1
95.7,devotionals,my daily bread devotional,74000,49,6.16,1
95.7,catholic,prayer catholic church,40500,42,0.8,4
95.6,bible-verses,what does the bible say about suicide,14800,14,0.0,1
95.6,bible-verses,what does the holy bible say about suicide,14800,14,0.0,1
95.6,blocker-tools,site blocker safari,3600,0,2.36,4
95.5,parental,how do you remove parental control,5400,0,0.0,1
95.2,bible-verses,study guides for bible,27100,31,1.13,2
95.2,bible-verses,study guide for bible,27100,31,1.13,2
95.0,devotionals,daily devotional jesus calling,22200,26,0.78,4
95.0,devotionals,jesus calling daily devotional book,22200,26,0.78,1
94.7,blocker-tools,il pomodoro,4400,4,1.23,1
94.4,prayers,prayer to st joseph,12100,10,0.38,1
94.2,bible-verses,what does it say in the bible about drinking,8100,0,1.12,2
94.1,parental,aura parental control app,3600,9,9.68,1
94.0,bible-verses,scripture about working hard,8100,0,1.08,1
94.0,parental,how to turn parental control off,6600,7,0.0,2
93.7,bible-verses,what does scripture say about love,8100,2,1.82,4
93.7,competitors,cold turkey block,4400,9,4.16,2
93.6,blocker-tools,how to check screen time on iphone,5400,13,2.34,6
93.2,bible-verses,scriptures for spiritual battle,8100,0,0.85,1
93.1,prayers,prayers for sick,12100,12,0.92,7
93.1,prayers,prayers to pray for the sick,12100,12,0.92,1
93.0,bible-verses,bible quotes about forgiveness of others,6600,0,3.48,1
92.9,bible-verses,bible quotes about love and strength,6600,5,5.8,2
92.8,prayers,prayer short,6600,0,3.42,4
92.8,prayers,christian prayer short,6600,0,3.42,2
92.7,catholic,roman catholic devotion,12100,18,1.27,1
92.7,bible-verses,what does the bible say about drinking liquor,8100,1,1.12,1
92.7,bible-verses,what does the bible say about consuming alcohol,8100,1,1.12,1
92.7,bible-verses,what does it say in the bible about drinking alcohol,8100,1,1.12,1
92.7,bible-verses,what does the bible say about drinking alcohol,8100,1,1.12,2
92.5,prayers,morning prayer today,22200,29,1.76,3
92.4,catholic,how to say holy rosary,74000,47,0.89,2
92.2,catholic,saint joseph novena,9900,27,9.44,2
92.0,bible-verses,bible quotes about passing away,14800,19,1.42,1
91.7,bible-verses,bible quotes about couples,8100,1,0.86,2
91.7,catholic,what bible version do roman catholic use,6600,1,1.03,1
91.5,catholic,things to sacrifice for lent,8100,5,0.07,1
91.3,bible-verses,bible quotes about dads,8100,0,0.34,1
91.3,devotionals,pastor david jeremiah daily devotional,8100,0,0.35,1
91.3,devotionals,daily devotional by david jeremiah,8100,0,0.35,1
91.3,bible-verses,what does the bible say about sex,4400,1,9.56,1
91.3,bible-verses,what does the bible say about sexual intercourse,4400,1,9.56,1
91.2,bible-verses,what does the bible say about alcohol,8100,2,1.12,1
91.2,bible-verses,what does the bible say about alcohol consumption,8100,2,1.12,1
91.1,bible-verses,what does scripture say about divorce,12100,16,2.27,2
91.1,bible-verses,what does the holy bible say about divorce,12100,16,2.27,1
91.1,bible-verses,what does the bible say about divorce,12100,16,2.27,2
91.1,bible-verses,bible quotes about sports,8100,0,0.3,1
91.1,blocker-tools,how block websites,6600,21,3.05,7
91.1,bible-study,bible study for small group,4400,0,7.39,2
90.8,bible-verses,bible quotes about father,8100,0,0.2,3
90.8,bible-verses,bible quotes about fatherhood,8100,0,0.2,2
90.7,prayers,prayer for before surgery,8100,0,0.19,1
90.5,prayers,how do we pray to god,6600,6,5.52,2
90.2,prayers,prayer journal,9900,8,0.86,17
90.0,bible-verses,what does scripture say about gambling,8100,0,0.0,2
90.0,catholic,catholic prayer to saint michael the archangel,6600,0,0.16,1
90.0,blocker-tools,pomodoro restaurant durham,5400,12,0.88,1
90.0,blocker-tools,pomodoro italian kitchen durham,5400,12,0.88,1
90.0,blocker-tools,pomodoro italian kitchen,5400,12,0.88,1
89.9,catholic,give up something for lent,8100,6,0.07,1
89.7,bible-verses,what does the bible say about drinking,8100,3,1.12,1
89.5,blocker-tools,how to block websites on phone,4400,12,3.4,3
89.4,competitors,cold turkey meaning,6600,14,0.0,2
88.9,other,christian attire men,6600,0,2.27,1
88.9,other,christian wear for men,6600,0,2.27,1
88.8,bible-verses,scriptures for spiritual battles,8100,3,0.85,1
88.7,bible-verses,bible verses for today kjv,22200,41,9.23,1
88.7,parental,how to set parental control on iphone,8100,22,3.07,1
88.6,catholic,what is lent ash wednesday,60500,50,2.22,2
88.0,bible-verses,bible quotes about broken heart,8100,4,1.06,3
88.0,bible-verses,scriptures for heartbreak,8100,4,1.06,2
88.0,bible-verses,bible quotes about women,6600,0,1.99,1
87.8,prayers,prayers for saint joseph,12100,14,0.38,1
87.8,prayers,monday morning prayer,6600,1,2.37,3
87.8,prayers,prayer for monday morning,6600,1,2.37,2
87.7,adult-blocking,internet accountability software,2400,8,8.73,4
87.6,catholic,st therese novena,6600,3,0.69,4
87.5,bible-verses,scripture about fornication,6600,0,1.86,1
87.4,catholic,devotion catholic,12100,21,1.27,5
87.4,adult-blocking,what does the bible say about porn,2900,0,1.98,1
87.3,blocker-tools,capellini pomodoro,3600,0,0.09,1
87.2,prayers,short powerful morning prayer,8100,11,4.02,1
87.1,bible-verses,what does the bible say about gambling,8100,2,0.0,1
87.1,bible-verses,bible quotes about new year,6600,0,1.74,2
87.0,verse-display,cute christian wallpaper,5400,1,0.06,2
87.0,prayers,orthodox christian morning prayer,3600,0,10.79,1
87.0,prayers,morning prayer orthodox church,3600,0,10.79,1
87.0,prayers,morning orthodox prayer,3600,0,10.79,2
87.0,prayers,eastern orthodox morning prayer,3600,0,10.79,1
86.9,catholic,how to recite the rosary,74000,49,0.89,2
86.9,bible-verses,bible quotes about fear and anxiety,6600,0,1.67,1
86.9,bible-verses,what does the bible say about intercourse,4400,4,9.56,1
86.8,catholic,my father prayer catholic,9900,14,0.22,1
86.8,bible-verses,scripture about confidence,6600,2,2.49,1
86.7,prayers,short prayer for healing and recovery for someone,9900,11,1.21,1
86.7,prayers,morning prayer friday,5400,2,5.24,3
86.7,prayers,prayer for friday morning,5400,2,5.24,1
86.7,prayers,morning prayer for friday,5400,2,5.24,1
86.5,bible-verses,verse of the day strength,9900,22,7.04,5
86.5,catholic,can you eat chicken during lent,6600,2,0.0,1
86.3,bible-verses,scripture about marriage and love,8100,5,0.98,7
86.3,parental,parental control computer software,6600,21,4.61,1
86.3,blocker-tools,how can i block websites on my phone,4400,14,3.4,2
86.1,parental,qustodio parental control app,8100,32,8.73,1
86.1,bible-verses,scripture verse about family,6600,0,1.43,3
86.1,bible-verses,bible quotes about bravery,6600,0,1.45,1
86.1,blocker-tools,pomodoro pizza bristol ri,2900,0,2.45,1
86.1,blocker-tools,pomodoro restaurant bristol ri,2900,0,2.45,1
86.1,blocker-tools,pomodoro pizzeria bristol,2900,0,2.45,1
86.1,blocker-tools,pomodoro bristol ri,2900,0,2.45,1
86.1,blocker-tools,pomodoro bristol rhode island,2900,0,2.45,1
86.1,blocker-tools,pomodoro pizzeria bristol ri,2900,0,2.45,1
86.0,catholic,novena mary undoer of knots,5400,0,1.52,4
85.7,bible-verses,bible passages about forgiving others,6600,5,3.48,2
85.5,blocker-tools,how to block websites,4400,14,3.17,1
85.2,bible-verses,bible scripture about speaking in tongues,6600,0,1.16,2
85.1,bible-verses,scripture about discernment,6600,0,1.14,2
85.1,prayers,prayer to my son,6600,0,1.15,2
84.7,devotionals,daily devotional booklet,6600,0,1.02,2
84.7,blocker-tools,how to block websites on mobile,4400,15,3.4,1
84.3,bible-verses,best bible for study,6600,0,0.9,4
84.1,catholic,how to read rosary,74000,50,0.89,4
83.9,catholic,catholic bible version,12100,23,1.28,5
83.6,adult-blocking,partner accountability,1900,4,8.76,9
83.3,catholic,reciting rosary,60500,50,0.63,1
83.3,devotionals,daily devotional by max lucado,6600,5,2.71,1
83.3,catholic,saint therese novena,6600,6,0.69,1
83.2,prayers,prayer to saint anthony for lost things,6600,0,0.57,1
83.2,prayers,prayer to st anthony lost items,6600,0,0.57,1
83.2,prayers,prayer to st anthony to find lost things,6600,0,0.57,1
83.2,prayers,prayer for lost things to st anthony,6600,0,0.59,1
82.7,bible-verses,bible quotes about sleep,6600,0,0.42,1
82.7,prayers,prayer sunday morning,6600,0,0.42,7
82.7,prayers,prayer for sunday morning,6600,0,0.42,1
82.6,bible-verses,what does the holy bible say about marriage,9900,17,2.83,1
82.6,bible-verses,don t worry about tomorrow scripture,8100,21,8.11,2
82.2,catholic,catholic study bible,8100,13,0.89,5
82.0,prayers,prayer to a father,6600,0,0.22,1
81.8,bible-verses,scripture about flowers,6600,0,0.17,2
81.8,bible-verses,bible quotes about death of loved ones,6600,2,0.95,1
81.7,addiction,video gaming addiction lawsuit,1900,0,13.55,1
81.6,catholic,what bible version does the catholic church use,6600,8,1.03,3
81.5,bible-verses,scripture about lying,6600,0,0.09,2
81.5,blocker-tools,how to block websites ipad,2400,0,3.53,3
81.2,catholic,catholic bible how many books,9900,17,0.0,19
81.1,catholic,what giving up for lent,5400,0,0.07,3
81.1,catholic,what give up for lent,5400,0,0.07,3
81.0,catholic,catholic lent,6600,10,1.76,10
80.9,catholic,saint andrew christmas novena,5400,0,0.03,1
80.9,catholic,st michael lent,5400,0,0.03,1
80.9,blocker-tools,pasta pomodoro sewell new jersey,2900,0,0.88,1
80.9,blocker-tools,pasta pomodoro sewell nj,2900,0,0.88,1
80.8,catholic,novena de aguinaldos colombia,5400,0,0.0,1
80.8,catholic,ashley lent levinson,5400,0,0.0,1
80.5,verse-display,free screen wallpaper computer,9900,29,4.0,2
80.4,bible-verses,bible quotes about loved ones dying,6600,3,0.95,1
80.1,prayers,prayer when travelling,6600,1,0.05,1
80.1,prayers,prayer when traveling,6600,1,0.05,1
79.8,catholic,examination of conscience catholic,9900,19,0.51,2
79.8,catholic,roman catholic examination of conscience,9900,19,0.51,1
79.5,prayers,international house of prayer app,6600,4,1.07,1
79.4,prayers,prayer before operation,8100,8,0.19,2
79.1,bible-verses,marriage bible quotes about love,8100,10,0.98,1
79.1,catholic,anglican chaplet,5400,3,0.66,1
78.8,bible-verses,scriptures for good friday,8100,8,0.0,2
78.7,bible-verses,random verse of the day,5400,19,53.72,4
78.6,bible-verses,bible passages about hard times,5400,0,1.66,1
78.3,bible-verses,what does the bible say about homosexuality,22200,35,1.13,2
78.3,bible-verses,what does the bible say about homosexually,22200,35,1.13,1
78.3,bible-verses,what does the christian bible say about homosexuality,22200,35,1.13,1
78.2,prayers,daily prayer for christian,40500,46,0.99,3
78.2,bible-verses,scriptures for palm sunday,9900,14,0.0,1
78.1,parental,iphone parental control,9900,34,4.17,26
78.1,catholic,lent season,8100,14,0.09,1
78.1,other,marriage christian counseling near me,8100,22,7.01,2
78.0,bible-verses,what does bible say about the antichrist,5400,1,1.89,1
78.0,bible-verses,what does the bible say about antichrist,5400,1,1.89,2
77.9,catholic,st peregrine novena,4400,0,1.62,4
77.9,catholic,saint peregrine novena,4400,0,1.62,1
77.8,prayers,prayer to the dead,8100,10,0.56,1
77.8,catholic,lent rules,8100,14,0.0,3
77.8,other,spiritual discipline,5400,7,4.52,5
77.4,other,christian presents for women,5400,0,1.28,1
77.4,other,christian gift women,5400,0,1.28,3
77.3,prayers,prayer before meal time,14800,25,0.15,1
77.1,catholic,saint michael's lent,5400,3,0.03,1
77.0,addiction,dopamine detox,18100,41,1.57,9
76.9,bible-study,yearly reading plan bible,12100,27,2.43,2
76.9,catholic,prayer of novena,5400,16,6.16,1
76.8,prayers,prayer timing app,33100,44,1.62,2
76.6,devotionals,upper room devotional for today,12100,32,6.98,1
76.5,bible-verses,bible quotes about death of loved one,6600,6,0.95,1
76.5,bible-verses,study bible for men,5400,0,0.98,1
76.3,other,christian shirt men,9900,19,1.79,6
75.9,catholic,the mercy chaplet,6600,11,0.57,1
75.9,verse-display,christian wallpaper for phones,3600,0,1.29,1
75.9,verse-display,christian phone wallpaper,3600,0,1.29,3
75.8,devotionals,david jeremiah turning point daily devotional,8100,11,0.35,1
75.8,adult-blocking,accountability software,2400,16,8.73,4
75.3,catholic,catholic bible edition,12100,28,1.28,2
75.3,prayers,thursday prayer morning,5400,0,0.59,4
75.2,bible-verses,bible verse quotes about strength,6600,10,2.3,1
75.0,devotionals,daily devotional max lucado,6600,11,2.71,2
75.0,devotionals,women daily devotional,5400,4,2.14,5
75.0,devotionals,women's daily devotional,5400,4,2.14,2
74.9,bible-verses,bible scripture about the rapture,6600,7,0.85,3
74.8,blocker-tools,pomodoro technique for adhd,3600,9,0.0,1
74.7,verse-display,christian desktop wallpaper,2900,0,3.74,5
74.7,verse-display,background wallpaper christian,2900,0,3.74,4
74.7,verse-display,christian wallpaper for pc,2900,0,3.74,1
74.4,other,women christian conference,2900,5,28.03,2
74.4,blocker-tools,how to change lock screen time on iphone,2900,6,1.24,4
74.3,prayers,prayer to heal sickness,6600,7,0.66,1
74.2,bible-study,365 day bible reading plan pdf free,3600,14,14.08,3
73.9,prayers,before surgery prayer,5400,0,0.15,1
73.8,other,lds church leaders,4400,17,12.07,4
73.5,prayers,prayer before bible reading,2400,0,13.55,4
73.5,prayers,prayer to pray before reading the bible,2400,0,13.55,1
73.4,addiction,doomscrolling meaning,9900,29,0.49,4
73.2,bible-verses,bible reading yearly plan,12100,27,2.43,1
73.2,catholic,lent fasting ash wednesday,5400,6,0.0,1
73.1,catholic,st andrew novena,4400,0,0.05,4
73.1,catholic,st andrew's novena,4400,0,0.05,1
73.0,bible-study,bible study for couple,4400,0,1.14,1
73.0,bible-study,bible study for couples,4400,0,1.14,1
72.9,prayers,prayer for thursday morning,5400,2,0.59,1
72.9,prayers,morning prayer for thursday,5400,2,0.59,1
72.7,catholic,our father who art in heaven prayer catholic,9900,23,0.22,3
72.6,bible-verses,verse of the day inspirational,9900,35,10.89,5
72.6,bible-verses,inspiring verse of the day,9900,35,10.89,4
72.5,addiction,social media addiction,8100,41,14.25,13
72.5,addiction,social media as an addiction,8100,41,14.25,1
72.5,other,christian clothes men,6600,12,2.27,4
72.2,verse-display,aesthetic christian wallpaper,3600,0,0.07,3
71.9,prayers,a prayer before dawn film,8100,14,0.39,1
71.7,blocker-tools,how do you block websites on ipad,2400,3,1.43,1
71.6,prayers,powerful night prayer,8100,15,0.75,2
71.6,catholic,saint therese of lisieux novena,4400,5,1.56,1
71.5,prayers,prayer to sleep,8100,18,2.18,8
71.5,bible-verses,what does the bible say about a woman preacher,4400,2,2.71,2
71.0,blocker-tools,how do you block websites on android,1900,0,2.96,5
70.9,bible-verses,niv study bible for teens,4400,0,1.67,1
70.8,catholic,st andrew christmas novena,5400,8,0.03,5
70.7,other,christian t shirt women,4400,0,1.57,4
70.7,other,women christian tee shirts,4400,0,1.57,3
70.7,other,christian tees women,4400,0,1.57,2
70.7,other,women christian shirts,4400,0,1.57,3
70.6,parental,android apps for parental control,8100,38,7.13,16
70.5,catholic,what bible translation does catholic church use,6600,16,1.03,2
70.4,prayers,prayer before surgery,5400,3,0.15,3
70.3,prayers,application for prayer times,33100,47,1.62,1
70.3,catholic,lent fasting rules,5400,15,3.07,6
70.1,catholic,prayer of the divine chaplet,14800,34,0.44,1
70.0,blocker-tools,how to check screen time on android,4400,18,0.0,14
69.9,catholic,divine mercy chaplet pdf,4400,4,0.56,2
69.9,blocker-tools,how to block websites in android phone,1900,3,3.85,1
69.8,prayers,morning prayer for sunday,6600,10,0.42,1
69.5,bible-verses,study bible for couples,4400,0,1.14,1
69.4,other,men christian louboutin sneakers,4400,0,1.1,4
69.2,bible-verses,what does the bible say about condemning others,4400,4,2.71,1
69.2,prayers,prayer for saturday morning,4400,0,1.05,2
69.2,prayers,morning prayer for saturday,4400,0,1.05,1
69.2,catholic,novena st therese of lisieux,4400,7,1.56,2
69.2,bible-verses,air 1 verse of the day,2900,0,6.83,1
69.2,bible-verses,air1 verse of the day,2900,0,6.83,1
69.2,bible-verses,airone verse of the day,2900,0,6.83,1
69.1,bible-verses,scripture about zacchaeus,6600,13,1.5,1
69.0,addiction,nomophobia,12100,35,0.0,2
69.0,prayers,family morning prayer,5400,5,0.48,3
69.0,bible-verses,what does the bible say about israel,4400,0,0.97,1
69.0,bible-verses,what does the bible say about the state of israel,4400,0,0.97,1
68.9,bible-verses,what does scripture say about forgiveness,8100,22,3.35,3
68.8,other,megachurch pastors,5400,4,0.0,2
68.8,other,mega churches pastors,5400,4,0.0,1
68.7,bible-verses,bible com verse of the day,14800,39,5.9,1
68.6,bible-verses,what does the bible say about masterbation,14800,32,1.08,1
68.6,verse-display,free christmas screen wallpaper,3600,3,0.0,1
68.4,catholic,how to pray divine mercy rosary,5400,11,0.47,2
68.4,prayers,morning prayer youtube,3600,4,5.2,3
68.4,bible-verses,what does god say about money in the bible,2900,0,6.47,1
68.3,bible-study,bible reading plan chronological,8100,23,2.34,6
68.3,prayers,istikhara how to pray,4400,6,3.27,3
68.0,prayers,morning tuesday prayer,5400,5,0.11,3
68.0,prayers,prayer for tuesday morning,5400,5,0.11,1
67.9,bible-verses,what does the bible say about israelites,4400,1,0.97,1
67.7,prayers,morning offering prayer,6600,11,0.09,2
67.4,bible-verses,what does bible say about the dead,3600,0,2.94,1
67.4,catholic,how to pray rosary pdf,2900,0,3.32,2
67.3,devotionals,quiet time,4400,0,0.34,12
67.3,bible-verses,bible passages about stewardship,3600,8,6.74,1
67.3,competitors,screenzen,2400,7,2.43,3
67.1,catholic,novena sacred heart of jesus,6600,18,0.77,12
67.0,blocker-tools,brick app blocker,2900,12,1.28,3
67.0,blocker-tools,how to bypass screen time on iphone,1300,7,10.53,1
66.9,catholic,pray novena,5400,23,6.16,11
66.9,verse-display,laptop christian wallpaper,1900,0,6.7,4
66.8,catholic,prayer to st michael catholic,6600,17,0.16,2
66.8,catholic,catholic st michael prayer,6600,17,0.16,2
66.8,competitors,hallow app controversy,1900,6,5.0,1
66.5,catholic,lent restrictions,8100,22,0.0,1
66.4,catholic,catholic church morning prayer,22200,,1.29,1
66.3,bible-verses,bible passages about truth,4400,2,0.78,1
66.2,prayers,powerful night time prayer,8100,19,0.75,1
65.8,other,christian marriage counselor,9900,39,11.01,10
65.7,bible-verses,what does the bible say about judging other people,4400,7,2.71,1
65.7,bible-verses,what does the bible say about judgement of others,4400,7,2.71,1
65.7,bible-verses,what does the bible say about women preaching,4400,7,2.71,2
65.7,bible-verses,what does the bible say about judging other,4400,7,2.71,2
65.7,prayers,prayer compass app,3600,9,6.56,1
65.2,catholic,lent fast,8100,23,0.0,7
65.2,devotionals,devotional on proverbs 31,5400,9,0.75,1
65.2,bible-verses,what does god say about pride in the bible,3600,0,2.08,1
65.0,prayers,how to pray in tongues,2900,0,4.95,1
64.8,other,christian hoodies men,3600,0,1.9,2
64.8,other,christian hoodie men,3600,0,1.9,2
64.8,bible-verses,bible passages about advent,2400,2,8.78,1
64.7,verse-display,cross christian wallpaper,2900,0,0.03,4
64.7,verse-display,christian crosses wallpaper,2900,0,0.03,1
64.6,bible-verses,bible passages about nature,4400,2,0.14,1
64.6,verse-display,christmas wallpaper christian,2900,0,0.0,6
64.6,verse-display,christian xmas wallpaper,2900,0,0.0,1
64.4,catholic,prayer hail mary catholic,8100,24,0.23,5
64.4,catholic,roman catholic hail mary prayer,8100,24,0.23,2
64.4,bible-verses,what does it say in the bible about baptism,2900,6,7.68,1
64.3,bible-verses,bible passages about revenge,4400,2,0.02,1
64.0,prayers,movie a prayer before dawn,8100,20,0.39,1
64.0,bible-verses,what does the bible say about sex outside of marriage,3600,2,2.45,1
63.5,bible-verses,what does the bible say about gossip,4400,3,0.12,4
63.5,bible-verses,bible passages about loving others,3600,0,1.42,1
63.5,blocker-tools,restaurant pomodoro,3600,22,2.05,3
63.5,other,christian bracelet men,3600,0,1.41,5
63.5,other,christian wristbands for men,3600,0,1.41,1
63.5,other,christian wrist bands for men,3600,0,1.41,1
63.5,competitors,quit drinking alcohol cold turkey,1600,0,3.2,1
63.1,catholic,lent catholic religion,6600,23,1.76,2
63.0,bible-study,verse for bible study,2400,0,5.39,6
62.8,bible-verses,what does the bible say about swear words,3600,0,1.12,1
62.8,bible-verses,what does the bible say about cursing,3600,0,1.12,1
62.8,bible-verses,what does the bible say about profanity,3600,0,1.12,1
62.8,blocker-tools,how to block websites in chrome mobile,1600,2,2.84,2
62.7,bible-verses,bible passages about evangelization,2900,6,6.87,1
62.5,blocker-tools,website blocker chrome,8100,42,3.49,5
62.5,prayers,prayer before going to sleep,3600,0,1.02,2
62.5,prayers,prayer before go to sleep,3600,0,1.02,1
62.4,catholic,st andrew xmas novena,5400,15,0.03,1
62.4,catholic,st andrew's christmas novena,5400,15,0.03,1
62.4,catholic,bible study for catholic,4400,13,1.65,2
62.2,bible-verses,study bible for beginners,3600,0,0.86,3
62.2,bible-verses,bible verses to memorize,3600,5,2.99,11
62.2,prayers,how to pray salat al-istikhara,3600,11,6.0,4
62.0,bible-verses,what does the bible say about mortality,3600,5,2.94,1
62.0,other,christian louboutin boots women,3600,0,0.79,3
61.9,prayers,prayer to francis of assisi,6600,16,0.16,1
61.9,bible-verses,what does the bible say about sex before marriage,3600,4,2.45,1
61.9,prayers,prayer before confession,3600,0,0.78,1
61.9,prayers,before confession prayer,3600,0,0.78,1
61.8,bible-verses,what does the bible say about swearing on the bible,3600,1,1.12,1
61.8,prayers,family night prayer,3600,0,0.72,5
61.8,prayers,family prayer at night,3600,0,0.72,1
61.7,devotionals,book daily devotional,6600,18,1.02,3
61.7,parental,ipad parental control,6600,34,3.26,10
61.4,bible-study,bible study guides for beginners,3600,4,0.96,1
61.4,bible-study,bible study guide for beginners,3600,4,0.96,1
61.2,bible-study,closing prayer for bible study,2900,0,1.96,1
61.1,blocker-tools,what is pomodoro,5400,36,4.11,3
61.1,bible-study,bible study topics,3600,9,3.08,13
61.1,bible-study,biblical bible study topics,3600,9,3.08,1
61.1,bible-study,bible study by topics,3600,9,3.08,1
61.1,other,church pastors,2900,16,27.65,3
60.8,bible-study,bible study book for women,3600,4,0.71,2
60.6,catholic,chaplet of mercy youtube,4400,11,0.0,1
60.6,competitors,hallow app cost,1600,3,3.28,2
60.5,bible-verses,what does the bible say about witchcraft,3600,0,0.21,1
60.5,prayers,powerful of prayer,3600,10,4.63,16
60.5,bible-study,bible study for men,2900,0,1.68,1
60.4,addiction,how to quit addiction,3600,28,8.67,3
60.3,prayers,powerful good morning prayer,4400,6,0.09,5
60.2,prayers,christian prayer before exam,2900,0,2.83,1
60.2,prayers,prayer before exam,2900,0,2.83,4
60.2,prayers,prayer before test,2900,0,2.83,3
60.2,prayers,before exam prayer,2900,0,2.83,1
60.2,prayers,prayer before examination,2900,0,2.83,2
60.2,prayers,prayer to pray before a test,2900,0,2.83,1
60.2,prayers,prayer for before a test,2900,0,2.83,1
60.2,prayers,before a test prayer,2900,0,2.83,1
60.1,prayers,how to start pray,4400,27,20.49,2
60.1,bible-verses,what does the bible say about aliens,3600,0,0.04,1
60.1,bible-verses,what does the bible say about alien life,3600,0,0.04,1
60.0,prayers,acronym on how to pray,3600,0,0.0,2
60.0,prayers,taraweeh how to pray,3600,0,0.0,1
60.0,other,meditation spiritual growth,2900,0,2.76,4
60.0,bible-verses,bible verse on study,2400,0,5.39,3
60.0,competitors,cold turkey movie 1971,2400,8,0.0,1
60.0,catholic,bulldog catholic examination of conscience,1600,1,9.25,2
59.9,bible-verses,what does god say about homosexuality in the bible,22200,,1.13,1
59.9,catholic,seven sorrows chaplet rosary,18100,,1.28,1
59.6,bible-verses,what does the bible say about witches,3600,1,0.21,1
59.6,bible-study,memory verses,2900,0,1.31,20
59.6,blocker-tools,opal screen time app,1600,11,5.73,2
59.5,competitors,quitting alcohol cold turkey,1600,4,3.2,1
59.5,competitors,stopping alcohol cold turkey,1600,4,3.2,1
59.3,addiction,gaming addiction lawsuit,1000,0,15.61,3
59.2,bible-study,bible year reading plan,12100,38,2.43,14
59.0,other,christian pastors,5400,24,5.89,1
59.0,addiction,how to break addiction,3600,29,8.67,3
59.0,competitors,cold turkey 1971,2400,9,0.0,1
59.0,competitors,cold turkey film,2400,9,0.0,1
59.0,blocker-tools,how to bypass site blocker,1900,16,5.63,4
58.9,devotionals,daily devotional david jeremiah,8100,24,0.35,2
58.8,devotionals,in touch daily devotional for today,2900,18,12.93,1
58.8,verse-display,cool christian background wallpaper,2400,0,0.0,1
58.8,verse-display,cool christian wallpaper,2400,0,0.0,1
58.6,bible-study,journal for bible study,2900,0,0.87,2
58.5,bible-verses,study guide for the bible for beginners,3600,4,0.96,1
58.5,bible-study,bible study on gospel of john,2900,2,1.63,2
58.3,devotionals,daily devotional for ladies,5400,18,2.14,1
58.2,bible-verses,study bible topics,3600,9,3.08,8
58.2,bible-verses,study the bible by topics,3600,9,3.08,1
58.2,prayers,prayer for before exam,2900,0,1.93,1
58.1,prayers,how to pray tahajjud,4400,8,0.03,4
58.1,other,christmas screen backgrounds free,3600,2,0.0,1
58.0,blocker-tools,how to change screen time on iphone,2900,17,0.0,2
57.9,competitors,cold turkey movie,2400,10,0.0,3
57.7,prayers,a prayer before dawn,8100,25,0.39,1
57.7,prayers,a prayer before dawn movie,8100,25,0.39,1
57.5,bible-study,prayer for opening bible study,2900,0,0.4,5
57.5,bible-study,open prayer for bible study,2900,0,0.4,3
57.5,bible-study,opening prayer for bible study christian,2900,0,0.4,1
57.5,competitors,alcoholics quitting cold turkey,1600,6,3.2,1
57.3,other,christian gift men,2900,0,1.55,4
57.3,blocker-tools,average screen time for teens,1900,23,9.06,1
57.2,other,christian hat for men,2900,0,1.47,1
57.2,other,christian caps for men,2900,0,1.47,1
57.2,other,christian hats for men,2900,0,1.47,1
57.1,blocker-tools,pomodoro technique timer,12100,49,1.25,1
56.9,bible-verses,what does it say in the bible about swearing,3600,6,1.12,1
56.9,other,christian marriage song,2900,0,1.37,5
56.7,bible-study,notes for bible study,2900,2,0.85,1
56.7,other,christian podcast for women,2400,0,3.8,3
56.6,verse-display,how to change time on lock screen iphone,2900,8,0.0,3
56.5,catholic,how to recite divine mercy chaplet,5400,21,0.47,2
56.4,catholic,catholic bible book,6600,26,0.52,17
56.4,bible-verses,air one verse of the day,2900,12,6.83,2
56.0,catholic,morning prayer catholic daily offering,3600,10,0.1,1
56.0,bible-verses,bible passages about forgiving yourself,2400,0,3.44,1
55.9,addiction,screen free fitness tracker,5400,28,0.7,1
55.9,other,meditation as a christian,3600,11,2.93,1
55.9,addiction,camp snap screen free digital camera,1900,0,0.63,1
55.8,bible-verses,what does bible say about the rapture,3600,8,1.49,1
55.8,bible-study,book for women's bible study,3600,9,0.71,2
55.8,bible-verses,bible journals for study,2900,0,0.87,1
55.8,devotionals,devotional for couple,2900,0,0.86,1
55.6,bible-verses,motivational bible verse of the day,9900,45,10.89,1
55.5,prayers,prayer for when someone is dying,2900,0,0.74,1
55.5,other,marriage book christian,2900,0,0.72,16
55.3,bible-verses,what does the bible say about dinosaurs,3600,5,0.03,2
55.3,bible-verses,what does the christian bible say about halloween,3600,5,0.0,1
55.3,bible-verses,what does it say about dinosaurs in the bible,3600,5,0.03,1
55.1,catholic,chaplet holy face,2900,6,0.65,2
55.0,bible-verses,bible passages about hope and faith,2400,0,2.92,1
54.9,verse-display,christian wallpaper 4k,1300,0,6.43,3
54.9,parental,aura parental control app for iphone,1000,6,11.41,1
54.7,prayers,before bed prayer,3600,8,1.02,2
54.7,prayers,before bedtime prayer,3600,8,1.02,1
54.7,catholic,chaplet precious blood,2900,6,0.47,4
54.6,devotionals,david jeremiah daily devotional for today,2900,0,0.33,1
54.5,bible-study,bible study for women near me,2400,9,5.55,1
54.4,bible-verses,what does it say in the bible about worrying,3600,12,2.69,1
54.3,bible-verses,bible passages about angels,2900,0,0.19,1
54.2,catholic,catholic holiday lent,6600,30,1.76,1
54.0,bible-verses,what does the bible say about cursing and swearing,3600,9,1.12,1
54.0,bible-verses,bible passages about animals,2900,0,0.05,1
54.0,prayers,powerful prayer to keep evil away,1900,2,6.73,1
53.9,bible-verses,bible passages about spring,2900,0,0.01,1
53.9,prayers,prayer before mass,2900,0,0.03,2
53.9,prayers,prayer before holy mass,2900,0,0.03,2
53.7,other,best dating app for christian,3600,20,6.72,1
53.7,blocker-tools,how to block websites android,1900,16,2.96,4
53.6,competitors,stop alcohol cold turkey,1600,10,3.2,1
53.5,blocker-tools,pomodoro technique for focus,5400,35,0.0,1
53.3,other,christian ministry for women,1900,12,29.34,2
53.2,devotionals,rick warren daily devotional,6600,24,0.37,1
53.0,catholic,lent in catholicism,6600,31,1.76,1
53.0,catholic,morning offering prayer catholic,3600,13,0.1,6
53.0,prayers,acts how to pray,2900,3,0.79,1
52.9,bible-verses,bible passages about guidance,2900,5,1.61,1
52.9,other,christian pre marriage counseling,1600,0,7.76,4
52.8,prayers,christian prayer before sleep,3600,10,1.02,1
52.7,catholic,hail mary prayer catholic church,8100,33,0.23,1
52.7,catholic,evening prayer catholic,5400,25,0.81,3
52.7,other,spiritual growth crystal,2400,0,1.82,4
52.7,prayers,prayer pastors,2400,0,1.8,6
52.7,prayers,prayer for pastors,2400,0,1.8,3
52.6,catholic,divine mercy chaplet novena,2900,13,2.62,7
52.5,bible-verses,scripture about tithes and offering,6600,26,1.1,1
52.3,bible-verses,verses for in memory,2900,5,1.31,4
52.2,prayers,powerful gratitude prayer,1600,3,8.89,1
52.1,catholic,morning offering prayer catholic church,3600,14,0.1,1
52.1,adult-blocking,canopy porn blocker,1600,15,3.05,1
52.1,other,pre marriage counselling christian,1600,1,7.76,1
51.6,devotionals,devotional on christmas,2400,0,1.3,2
51.1,prayers,short prayer for the soul to rest in peace,2400,4,2.73,1
50.9,catholic,prayer before sleep catholic,1900,0,1.47,2
50.8,bible-verses,christian verses on marriage,2400,0,0.9,2
50.8,blocker-tools,screen time passcode iphone,1600,8,0.0,4
50.7,blocker-tools,how to see screen time on iphone,2400,19,0.0,2
50.7,prayers,short prayer for a peaceful death,1300,4,18.94,1
50.6,blocker-tools,screen time android,3600,31,1.25,9
50.6,prayers,grace prayer before meal,2900,4,0.09,1
50.6,bible-verses,study bible with room for notes,2400,0,0.81,1
50.4,christian-apps,thriving life church app,1900,15,4.78,1
50.2,prayers,protection prayer at night,2900,5,0.29,1
50.0,bible-study,biblical memory verses,1600,0,4.6,1
49.9,devotionals,in touch devotional for today,2900,26,12.93,1
49.8,bible-verses,what does it say about halloween in the bible,3600,11,0.0,1
49.8,bible-verses,what does the bible say about halloween,3600,11,0.0,1
49.8,bible-study,bible study for beginners,2400,7,2.08,1
49.7,blocker-tools,how to block websites safari iphone,1000,0,2.03,3
49.6,bible-verses,bible women pastors,2900,7,0.85,1
49.5,prayers,verse about prayer is powerful,3600,15,1.68,1
49.4,bible-verses,bible passages about the resurrection,4400,28,6.24,1
49.4,prayers,stations of the cross how to pray,3600,15,1.62,1
49.3,bible-verses,what does the bible say about curse words,3600,14,1.12,1
49.3,bible-verses,bible passages about faith in hard times,2400,11,5.12,1
49.2,addiction,addiction to computer gaming,4400,44,16.86,3
49.2,competitors,quit cigarettes cold turkey,1900,19,3.1,2
49.1,prayers,short prayer morning,5400,24,0.89,5
49.1,prayers,what does the bible say about praying in tongues,3600,15,1.46,1
49.1,prayers,prayer before crucifix,2400,0,0.06,3
49.1,catholic,prayer before bedtime catholic,1900,0,0.58,1
49.1,catholic,catholic prayer before sleep,1900,0,0.58,1
49.0,prayers,how to pray witr,2400,0,0.0,1
49.0,prayers,prayer before work,2400,0,0.0,2
49.0,prayers,before work prayer,2400,0,0.0,1
49.0,prayers,prayer for before work,2400,0,0.0,1
49.0,devotionals,synonym for devotional,2400,0,0.0,1
48.9,bible-study,bible study for teens,1900,0,1.66,2
48.9,competitors,cold turkey stop drinking,1600,15,3.2,2
48.8,bible-verses,what does the bible say about mastibation,14800,,1.08,1
48.7,bible-verses,what does the bible say about tithe,5400,25,1.19,2
48.7,bible-study,bible reading plan 2026,1600,5,6.21,1
48.6,addiction,classroom screen free,1300,5,4.09,1
48.4,prayers,morning prayer saturday,4400,20,1.05,3
48.4,prayers,short prayer for successful surgery and recovery,2400,1,0.12,1
48.4,addiction,how to stop doomscrolling,1900,12,2.17,2
48.3,catholic,prayer before bed catholic,1900,1,0.58,1
48.3,catholic,before bed prayer catholic,1900,1,0.58,1
48.3,catholic,catholic prayer before bed,1900,1,0.58,1
48.3,verse-display,bible verse laptop wallpaper,720,0,28.31,3
48.2,prayers,before sleep prayer,3600,15,1.02,3
48.2,prayers,first night hanukkah prayer,2400,1,0.0,4
48.2,catholic,catholic prayers the most powerful healing prayer padre pio,1600,0,2.28,1
48.1,catholic,catholic church lent,6600,35,1.76,5
48.1,addiction,meta social media addiction trial,4400,38,5.91,1
48.1,prayers,prayer when in need,1300,0,8.04,1
48.0,bible-study,bible study on revelation,1900,0,1.15,5
48.0,verse-display,bible verse computer wallpaper,1600,0,0.0,3
48.0,verse-display,bible verse for desktop wallpaper,1600,0,0.0,1
48.0,blocker-tools,how block websites on google chrome,1000,7,4.22,4
47.9,prayers,and if i die before i wake prayer,2400,2,0.24,2
47.9,bible-verses,verse spiritual growth,1900,0,2.39,17
47.9,other,biblical spiritual growth,1900,0,2.39,1
47.7,blocker-tools,focus app,5400,46,4.79,4
47.7,prayers,prayer for night protection,2900,8,0.29,2
47.6,other,spiritual growth,2900,18,5.17,11
47.6,prayers,prayer before the cross,2400,2,0.06,1
47.6,bible-study,bible study books on romans,1900,1,1.35,1
47.5,bible-verses,bible passages about giving to others,1900,1,2.6,1
47.4,prayers,1st night of hanukkah prayer,2400,2,0.0,1
47.4,prayers,prayer for first night of hanukkah,2400,2,0.0,1
47.4,bible-verses,bible passages about marriage problems,1900,0,2.11,1
47.4,other,christian clothes women,1900,0,2.1,4
47.4,bible-verses,bible passages about the poor,1000,0,21.94,1
47.4,bible-verses,bible passages about poverty,1000,0,21.94,1
47.4,adult-blocking,covenant eyes screenshot,1000,0,0.0,2
47.3,prayers,how to pray istikhara salat,3600,25,6.0,2
47.3,prayers,a very powerful prayer for difficult situations,1300,0,7.49,1
47.2,adult-blocking,canopy app,2400,29,2.68,2
47.2,bible-study,the bible recap reading plan pdf,1900,15,8.09,1
47.2,bible-verses,our daily bread bible verse,1300,5,10.09,1
47.1,prayers,short prayer thanking god,1600,14,19.06,2
47.0,other,women christian temperance union,6600,29,0.0,1
47.0,bible-study,how to bible study for beginners,1600,0,2.84,1
46.9,other,leaders church,2900,18,4.71,8
46.8,competitors,hallow prayer app,3600,34,1.98,4
46.7,catholic,lent wednesday fasting,5400,29,0.0,1
46.7,other,christian hoodie women,1900,0,1.73,2
46.7,other,christian hoodies women,1900,0,1.73,2
46.7,blocker-tools,how to block apps from being downloaded iphone,880,1,2.5,2
46.7,competitors,can you stop gabapentin cold turkey,880,0,2.98,1
46.7,competitors,can you quit gabapentin cold turkey,880,0,2.98,1
46.6,prayers,daily devotional on prayer,2400,4,0.39,3
46.6,bible-study,bible study for teenagers,1900,3,1.66,1
46.3,other,christian bale little women,3600,15,0.0,2
46.0,catholic,divine chaplet novena,2900,20,2.62,1
45.9,prayers,prayer when stressed,1900,0,1.26,1
45.8,bible-study,bible study on family,1600,0,2.18,4
45.8,blocker-tools,freedom website blocker,1600,17,1.56,2
45.7,prayers,most powerful healing prayer,2900,11,0.54,4
45.6,catholic,chaplet,5400,31,0.49,1
45.6,addiction,digital minimalism,4400,32,0.47,4
45.6,competitors,freedom app,3600,34,1.32,5
45.6,blocker-tools,how to find screen time on iphone,1600,14,0.0,2
45.6,addiction,technology addiction awareness scholarship,1000,0,3.69,1
45.5,competitors,how much is hallow app,1300,15,4.03,2
45.4,competitors,stopping wellbutrin cold turkey,1000,0,0.59,1
45.4,competitors,stop wellbutrin cold turkey,1000,0,0.59,2
45.3,other,marriage vows christian,1900,0,0.92,4
45.3,other,christian marriage promises,1900,0,0.92,1
45.3,other,christian marriage vow,1900,0,0.92,1
45.3,bible-study,bible study on prayer,1600,0,1.87,4
45.2,blocker-tools,ad block apps for iphone,1900,23,2.09,1
45.2,other,christian louboutin men boots,1900,0,0.89,4
45.1,devotionals,devotional for women book,1900,0,0.84,1
45.1,devotionals,daily devotional book for women,1900,0,0.84,2
45.1,devotionals,devotional books for women,1900,0,0.84,1
44.9,bible-verses,verses on pastors,1900,0,0.71,14
44.9,bible-verses,pastors verse,1900,0,0.71,8
44.8,other,parenting book christian,1900,0,0.69,19
44.8,other,christian book women,1900,0,0.65,9
44.8,other,christian books by women,1900,0,0.65,1
44.8,bible-study,bible study on ephesians,1600,0,1.62,3
44.7,blocker-tools,pomodoro technique for study,4400,46,5.89,2
44.7,adult-blocking,accountable2you login,880,0,0.09,1
44.6,bible-verses,female pastors bible,2900,13,0.85,1
44.6,other,christian book men,1900,0,0.57,6
44.5,bible-verses,bible verses for kindergarteners to memorize,1900,0,0.49,1
44.5,other,christian louboutin red bottom sneakers for men,1900,0,0.48,1
44.5,bible-verses,bible passages about equality,880,0,14.77,1
44.5,prayers,very powerful prayer to mother mary for a miracle,880,0,18.33,1
44.4,blocker-tools,how to limit iphone screen time,1600,20,2.28,8
44.3,prayers,nightly prayer before bed,1900,4,2.03,1
44.2,prayers,before communion prayer,1900,0,0.32,1
44.2,prayers,prayer before communion,1900,0,0.32,1
44.0,bible-study,bible study on armor of god,1900,4,0.63,2
44.0,bible-study,bible study on acts,1600,0,1.15,5
43.9,bible-study,bible study plan for one year,4400,35,6.17,1
43.9,bible-study,one year bible reading plan,4400,35,6.17,7
43.9,blocker-tools,how to block websites on google,1000,10,3.19,2
43.8,bible-verses,study notes for the bible,2900,14,0.85,1
43.8,prayers,prayer to say before bed,2400,8,0.54,1
43.8,other,christian marriage ceremony vows,1900,2,0.92,1
43.7,bible-verses,bible passages about spiritual gifts,1000,5,18.41,1
43.7,blocker-tools,website blocker firefox,1000,10,3.07,4
43.6,prayers,bless your day with this powerful morning prayer,4400,25,0.98,1
43.6,catholic,roman catholic morning offering prayer,3600,23,0.1,1
43.6,devotionals,another word for devotional,1900,0,0.0,1
43.6,verse-display,time lock screen iphone,1300,8,3.64,2
43.6,bible-study,bible reading plan generator,1000,8,12.21,1
43.5,prayers,prayer for good night rest,1900,2,0.71,1
43.4,bible-verses,gateway bible app,5400,30,1.08,3
43.4,other,christian sleep meditation,1900,6,2.38,7
43.4,addiction,social media addiction lawsuit,1600,29,22.56,2
43.3,verse-display,aesthetic pink bible verse wallpaper,1300,0,0.02,1
43.3,verse-display,pinterest christian wallpaper,1300,0,0.0,2
43.3,verse-display,pink christian wallpaper,1300,0,0.02,2
43.2,devotionals,ladies daily devotional,5400,32,2.14,1
43.2,devotionals,daily devotional woman,5400,32,2.14,1
43.2,bible-study,ideas for bible study,1600,3,1.92,1
43.1,bible-study,bible study for woman,3600,24,1.47,2
43.1,other,marriage retreats for christian couples,1900,9,3.59,1
43.1,competitors,quit lexapro cold turkey,1000,2,0.16,2
43.0,addiction,addiction technology transfer center,1600,28,10.93,1
42.9,other,men christian louboutin,2400,10,0.86,1
42.9,other,christian necklaces men,1600,0,1.72,2
42.9,other,christian jewelry men,1600,0,1.72,1
42.9,other,christian necklace for men,1600,0,1.72,1
42.8,prayers,prayer for protection at night,2900,14,0.29,1
42.8,blocker-tools,pomodoro application,2900,35,2.21,2
42.8,prayers,the most powerful healing prayer by padre pio pdf,1600,0,1.65,1
42.7,competitors,forest app,4400,45,4.72,4
42.7,addiction,social media addiction trial,2400,38,17.06,2
42.7,prayers,scripture on intercessory prayer,1600,0,1.61,12
42.7,competitors,quitting lexapro cold turkey,1000,8,2.43,1
42.5,other,women retreat christian,1900,17,7.52,6
42.4,prayers,family night time prayer,3600,21,0.72,2
42.4,other,christian marriage oath,1900,4,0.92,1
42.4,other,men christian louboutin loafers,1600,0,1.41,3
42.4,other,christian louboutin slip on men,1600,0,1.41,1
42.4,blocker-tools,how to block websites google chrome,1000,14,4.22,4
42.3,bible-study,beginner bible reading plan,1900,9,1.81,6
42.3,prayers,short prayer for protection from evil spirits,1600,3,2.66,1
42.3,adult-blocking,covenant eyes price,720,0,1.25,1
42.3,adult-blocking,covenant eyes cost,720,0,1.25,2
42.3,adult-blocking,covenant eyes pricing,720,0,1.25,1
42.2,blocker-tools,best screen time app,590,0,4.73,3
42.1,devotionals,devotional bibles for women,1600,0,1.28,1
42.1,catholic,catholic devotional for women,1600,5,0.95,1
41.9,bible-verses,bible reading one year plan,4400,35,6.17,5
41.9,devotionals,devotional bible for women,1600,0,1.15,2
41.9,other,christian louboutin sneakers women,1600,0,1.12,4
41.9,other,christian jewellery for women,1600,1,1.55,1
41.7,prayers,good night prayer and blessings,2900,15,0.08,1
41.7,blocker-tools,how to set screen time on iphone,1600,20,0.66,2
41.7,blocker-tools,website blocker ipad,590,0,4.41,2
41.6,competitors,cold turkey stop smoking,1900,27,3.1,3
41.6,blocker-tools,website blocker plugin chrome,1000,12,2.73,1
41.5,adult-blocking,victory covenant eyes,1300,16,0.35,3
41.5,competitors,hallow app review,720,6,5.28,2
41.4,bible-verses,study guide for books of the bible,1600,0,0.83,1
41.4,bible-verses,study guides for books of the bible,1600,0,0.83,1
41.3,verse-display,free screen screensavers,3600,32,1.52,1
41.3,prayers,women prayer journal,1600,0,0.8,3
41.3,prayers,prayer journal for woman,1600,0,0.8,1
41.3,prayers,women's prayer journal,1600,0,0.8,1
41.3,parental,parental control youtube app,1300,17,4.48,6
41.2,blocker-tools,what is the pomodoro technique,3600,42,3.16,5
41.2,prayers,daily powerful prayer,2900,24,4.46,2
41.1,addiction,screen free camera,1000,0,0.97,1
41.1,competitors,quitting wellbutrin cold turkey,1000,6,0.59,1
41.0,addiction,gaming as an addiction,4400,50,16.86,1
41.0,bible-verses,bible verse about daily bread,1300,13,10.09,1
41.0,bible-verses,bible daily bread verse,1300,13,10.09,4
41.0,bible-verses,our daily bible verse,1300,13,10.09,1
41.0,parental,bark app review,1000,5,2.0,2
40.9,blocker-tools,chrome plugin to block websites,1000,13,2.73,1
40.9,bible-verses,bible passages about new life,880,0,9.06,1
40.8,devotionals,harvest.org daily devotional,3600,22,0.29,2
40.8,bible-study,images for bible study,1900,7,0.03,1
40.7,bible-verses,blue bible app,8100,43,2.65,1
40.7,competitors,cold turkey quit smoking,1900,28,3.1,7
40.7,bible-study,bible study on apologetics,1600,5,1.23,1
40.7,competitors,how to quit cigarettes cold turkey,1600,24,3.07,2
40.7,competitors,how to quit cold turkey smoking,1600,24,3.07,3
40.7,adult-blocking,how does covenant eyes work,720,4,1.93,2
40.6,prayers,prayer thanks to god,6600,,7.24,2
40.6,blocker-tools,focus timer,4400,45,2.37,3
40.5,bible-study,bible study guide for women,1900,10,1.16,1
40.5,bible-study,bible study guides for women,1900,10,1.16,1
40.4,devotionals,new morning mercies devotional,1900,6,0.55,1
40.4,parental,parental control nintendo switch app,1900,19,0.0,2
40.3,other,christian louboutin men red bottom shoes,1900,6,0.48,5
40.3,prayers,short prayer to comfort a grieving friend,1600,0,0.18,1
40.2,bible-verses,what does the bible say about women pastors,1900,9,1.75,1
40.2,blocker-tools,freedom app blocker,1600,23,1.26,2
40.2,prayers,prayer when stressed at work,720,0,12.24,1
40.1,prayers,luther's evening prayer,1600,0,0.05,1
40.1,prayers,luther evening prayer,1600,0,0.05,1
40.1,competitors,cold turkey quit drinking,1600,25,3.2,2
40.1,devotionals,jesus calling devotional for today,1300,17,12.72,2
40.1,catholic,catholic devotion to mary,590,0,19.11,1
40.0,bible-verses,king james bible app,5400,36,2.69,6
40.0,bible-study,bible study on james,1900,11,1.26,5
40.0,prayers,orthodox evening prayer,1600,0,0.0,2
40.0,prayers,night prayer for protection for family,720,0,11.77,1
40.0,blocker-tools,how to block apps on android,720,6,3.23,2
39.9,blocker-tools,how to see screen time on android,1900,25,0.0,3
39.8,competitors,verse of the day youversion,2900,39,3.94,2
39.8,bible-study,bible study on proverbs,1300,0,1.24,3
39.8,other,women christian speaker,1000,0,6.24,3
39.7,bible-study,bible study on marriage,1300,0,1.19,1
39.7,blocker-tools,block apps android,880,14,4.23,3
39.5,other,christian comedy women,1300,0,2.29,2
39.5,other,christian comedian women,1300,0,2.29,3
39.3,bible-verses,what does the bible say about being gay,3600,25,0.91,1
39.3,prayers,prayer for good night sleep,1900,8,0.71,2
39.3,prayers,good night rest prayer,1900,8,0.71,1
39.2,competitors,quitting drinking cold turkey,1600,26,3.2,2
39.2,catholic,devotional on lent,1300,4,1.35,3
39.0,verse-display,christian ipad wallpaper,1000,0,0.69,5
39.0,competitors,stop lexapro cold turkey,1000,8,0.16,1
39.0,competitors,stopping lexapro cold turkey,1000,8,0.16,1
39.0,prayers,short opening prayer for worship service,720,2,29.45,1
39.0,prayers,short opening prayer for church service,720,2,29.45,1
38.9,prayers,prayer for night time protection,2900,19,0.29,1
38.9,competitors,quitting cigs cold turkey,1900,30,3.1,1
38.9,competitors,cold turkey application,720,7,3.94,1
38.8,verse-display,christian wallpaper for men,1000,0,0.53,1
38.8,blocker-tools,how to block apps from being downloaded,720,6,2.43,1
38.7,bible-verses,bible in 365 app,3600,24,0.0,1
38.7,prayers,short daily prayer,2400,16,1.04,2
38.7,other,marriage christian,1300,6,4.45,16
38.6,prayers,prayer of grace before meals,2900,19,0.09,2
38.6,devotionals,devotional on advent,2400,17,1.48,2
38.6,devotionals,advent daily devotional,2400,17,1.48,4
38.6,parental,tree identification by bark app,720,1,2.96,2
38.5,bible-verses,bible passages about unconditional love,1300,0,1.62,1
38.4,catholic,catholic ave maria prayer,8100,,0.23,1
38.3,bible-study,bible study on genesis,1900,15,2.06,5
38.3,prayers,powerful thanksgiving prayer,1300,12,7.28,1
38.3,prayers,what is a powerful prayer for someone dying,880,0,6.98,1
38.3,competitors,where does the saying cold turkey come from,880,5,0.0,1
38.3,competitors,where does the term cold turkey come from,880,5,0.0,1
38.3,competitors,where does the expression cold turkey come from,880,5,0.0,1
38.3,competitors,where did the term cold turkey come from,880,5,0.0,1
38.2,bible-verses,bible passages about debt,1300,0,1.44,1
38.2,other,traditional marriage vows christian,1300,1,1.84,5
38.2,bible-verses,bible passages about acceptance,1000,0,4.98,1
38.1,addiction,how to stop phone addiction,1300,14,1.82,7
38.0,verse-display,girly bible verse wallpaper,1000,0,0.05,1
38.0,blocker-tools,screen time unlock app,880,21,6.95,1
37.9,prayers,short everyday prayer,2400,17,1.04,1
37.9,other,christian mingle app,1600,22,9.88,4
37.9,blocker-tools,how to block websites chrome android,1000,16,2.21,9
37.9,verse-display,christian fall wallpaper,1000,0,0.0,2
37.9,verse-display,iphone christian wallpaper cross,1000,0,0.0,1
37.9,competitors,stop zoloft cold turkey,720,0,0.24,1
37.7,bible-study,bible reading plan maker,1000,16,12.21,1
37.7,prayers,short forgiveness prayer,720,4,30.13,2
37.6,blocker-tools,block websites firefox,1000,18,3.07,4
37.6,blocker-tools,how to change screen time password on iphone,590,4,3.32,1
37.5,parental,top rated parental control app,2400,41,8.84,1
37.5,prayers,christian prayer for marriage restoration,1000,0,4.49,1
37.3,bible-verses,blb bible app,8100,46,2.65,1
37.3,bible-verses,blue letter bible app,8100,46,2.65,1
37.3,devotionals,first15 daily devotional,3600,26,0.16,1
37.3,devotionals,david jeremiah devotional for today,1600,5,0.28,1
37.2,bible-study,best app for bible study,1900,21,4.47,2
37.2,bible-study,bible study plan for beginners,1900,16,1.81,2
37.2,competitors,cold turkey no smoking,1900,32,3.1,1
37.2,blocker-tools,how to adjust screen time on iphone,880,16,3.41,1
37.1,devotionals,advent devotional,2400,19,1.48,13
37.1,addiction,dopamine detox book,880,0,0.04,2
37.0,verse-display,bible verse wallpaper 4k,880,0,0.94,1
36.7,prayers,prayer journal template,1300,0,0.44,3
36.7,prayers,prayer journal templates,1300,0,0.44,3
36.7,competitors,stopping zoloft cold turkey,720,2,0.24,1
36.6,bible-study,lessons on bible study,3600,38,5.94,3
36.6,prayers,most powerful prayer to the holy spirit,1300,0,0.34,2
36.5,prayers,evening prayer today,2900,29,4.11,1
36.4,devotionals,utmost for his highest devotional,2900,23,0.63,5
36.4,addiction,screen addiction,1600,27,4.89,2
36.4,prayers,what is the most powerful prayer for cancer patients,590,0,39.24,1
36.4,devotionals,devotional on thanksgiving,590,0,29.53,1
36.4,prayers,prayer spiritual growth,590,0,19.86,5
36.4,prayers,prayer of spiritual growth,590,0,19.86,3
36.2,catholic,catholic novena app,2400,22,0.0,2
36.2,prayers,5 good night prayer,1300,8,3.56,1
36.2,prayers,short prayer protection,1300,0,0.12,2
36.1,bible-verses,bible passages about hope and healing,1300,4,1.65,1
36.1,prayers,good night prayer pics,1300,0,0.05,1
36.1,prayers,good night prayer image,1300,0,0.05,1
36.1,prayers,prayer when taking a test,1300,0,0.0,1
36.0,prayers,powerful protection prayer,1900,13,0.75,2
36.0,competitors,unpluq,590,5,3.57,1
35.9,prayers,night prayer protection,2900,24,0.79,3
35.9,competitors,youversion bible reading plan,880,25,8.86,3
35.8,blocker-tools,iphone lock screen time,720,5,0.0,2
35.7,bible-study,bible study on the gospel of matthew,1000,0,1.79,1
35.6,prayers,prayer when worried,1600,10,1.25,1
35.6,other,web filter block,1600,7,0.0,1
35.6,bible-study,bible reading plan creator,1000,19,12.21,1
35.6,competitors,quit wellbutrin cold turkey,1000,14,0.59,1
35.6,verse-display,bible verse pink cross wallpaper,880,0,0.0,1
35.6,verse-display,aesthetic bible verse laptop wallpaper,880,0,0.0,1
35.6,verse-display,tuff christian wallpaper,880,0,0.0,1
35.6,competitors,can you stop zepbound cold turkey,590,0,1.15,1
35.5,parental,bark app for iphone,1900,31,3.2,3
35.5,prayers,christmas evening prayer,1300,1,0.0,1
35.5,parental,identify tree by bark app,720,6,2.96,2
35.4,competitors,quit smoking cigarettes cold turkey,1900,34,3.1,2
35.2,other,web filter program,720,8,20.2,1
35.2,blocker-tools,how to turn off focus mode on iphone,720,6,0.0,1
35.2,blocker-tools,what is user authentication on iphone screen time,590,0,0.0,1
35.1,prayers,short prayer for protection and guidance,1300,2,0.13,2
35.1,competitors,one sec app,880,18,3.85,1
35.0,other,faith and fellowship dating app,1600,8,0.0,1
34.9,bible-study,bible study on ruth,1000,0,1.26,1
34.8,bible-verses,study lessons on the bible,3600,38,5.94,1
34.8,other,christian view of marriage,1300,12,4.45,2
34.8,blocker-tools,block websites on mozilla,1000,22,3.07,1
34.8,blocker-tools,iphone focus app,590,12,5.06,5
34.7,other,christian conferences for women,2900,41,28.03,1
34.7,other,screen saver christmas free,1000,0,2.3,1
34.6,competitors,quitting cold turkey cigarettes,1900,35,3.1,2
34.6,competitors,give up smoking cold turkey,1900,35,3.1,2
34.6,adult-blocking,covenant eyes login,1900,33,0.13,1
34.6,prayers,prayer plant at night,1300,3,0.16,2
34.6,competitors,cold turkey 1971 cast,720,5,0.0,1
34.5,bible-verses,bible passages about god's love for us,1300,8,2.28,1
34.4,other,women christian louboutin,1300,5,0.83,3
34.3,bible-study,bible study on youth,880,0,2.46,1
34.3,adult-blocking,covenant eyes promo code,390,0,3.75,2
34.3,adult-blocking,covenant eyes coupon code,390,0,3.75,1
34.3,adult-blocking,covenant eyes coupon,390,0,3.75,1
34.1,competitors,is hallow a catholic app,1000,15,0.0,6
34.0,bible-verses,what the bible says about female pastors,1900,18,1.75,1
34.0,competitors,uninstall cold turkey,590,0,0.0,2
34.0,competitors,remove cold turkey,590,0,0.0,1
34.0,competitors,youversion events,590,0,0.0,2
33.9,devotionals,devotional on marriage,1000,0,1.75,2
33.9,prayers,intercessory prayer examples,880,0,3.45,4
33.9,prayers,intercessory prayer sample,880,0,3.45,2
33.9,prayers,intercessory prayer example,880,0,3.45,4
33.9,prayers,intercessory prayer samples,880,0,3.45,1
33.9,catholic,catholic app laudate,880,9,4.97,2
33.8,prayers,prayer at night before sleeping,1900,15,0.11,1
33.8,prayers,prayer before sleep at night,1900,15,0.11,4
33.8,prayers,short prayer for thanksgiving dinner,1300,4,0.02,1
33.7,bible-verses,bible passages about god's mercy,720,0,6.18,1
33.5,addiction,dopamine detox reddit,720,0,0.0,4
33.4,bible-study,bible study on daniel,880,0,1.71,3
33.4,bible-study,study on the book of daniel from bible,880,0,1.71,1
33.4,prayers,short prayer for anxiety worry and fear,720,11,12.84,1
33.3,bible-verses,study on ruth in the bible,1000,0,1.26,1
33.2,bible-verses,bible passages about free will,1600,11,0.02,1
33.2,bible-study,bible reading plan ligonier,1000,0,0.0,1
33.2,addiction,digital detox phone,1000,12,0.74,1
33.1,prayers,powerful healing prayer,1300,8,1.17,2
33.1,devotionals,daily devotional book for men,1000,0,1.15,2
33.1,devotionals,devotional book for men,1000,0,1.15,2
33.0,blocker-tools,h&r block apps,1900,35,0.94,1
33.0,bible-study,bible study on life,1300,17,4.22,1
33.0,parental,kids360 parental control app,720,13,4.36,1
33.0,addiction,phone addiction purity test,320,1,26.27,1
32.9,bible-verses,niv version bible app,2900,29,1.33,2
32.9,bible-study,bible study guide for woman,1900,21,1.16,1
32.9,competitors,giving up smoking cold turkey,1900,37,3.1,2
32.9,competitors,smokers who quit cold turkey,1900,37,3.1,1
32.9,bible-verses,simple bible verses to memorize,1000,0,0.95,1
32.9,bible-verses,easy bible verses to memorize,1000,0,0.95,4
32.9,competitors,cold turkey movie cast,720,8,0.0,1
32.8,bible-study,bible study on fruit of the spirit,880,0,1.27,4
32.7,prayers,24-hour intercessory prayer line,1300,15,4.26,2
32.7,devotionals,devotional books for guys,1000,0,0.85,1
32.7,devotionals,new morning mercies a daily gospel devotional,1000,0,0.82,2
32.6,devotionals,daily hope devotional by rick warren,2900,28,0.57,1
32.6,devotionals,daily hope rick warren devotional,2900,28,0.57,1
32.6,blocker-tools,site blocker mozilla,1000,25,3.07,1
32.5,bible-verses,bible hub app,3600,38,3.94,1
32.5,bible-study,bible study on sermon on the mount,880,0,1.05,2
32.5,verse-display,pinterest bible verse wallpaper,720,0,0.2,2
32.4,verse-display,bible verse widget,1300,20,1.66,4
32.4,other,christian books teens,1000,0,0.56,5
32.4,other,recommended christian books for women,1000,0,0.57,1
32.4,catholic,examination of conscience catholic confession,880,2,0.63,4
32.4,verse-display,inspirational aesthetic bible verse wallpaper,720,0,0.13,1
32.4,blocker-tools,how to set screen time on ipad,590,6,0.34,2
32.3,addiction,gaming addiction,1900,44,19.44,6
32.3,addiction,gaming addiction disease,1900,44,19.44,1
32.3,catholic,powerful catholic morning prayer,880,3,0.98,1
32.3,competitors,stopping prozac cold turkey,720,11,0.84,1
32.2,prayers,biblical definition of intercessory prayer,1300,7,0.04,1
32.2,other,women christian authors,1000,0,0.41,2
32.2,other,women christian writers,1000,0,0.41,1
32.2,verse-display,aesthetic bible verse wallpaper iphone,720,0,0.0,1
32.2,verse-display,christmas wallpaper bible verse,720,0,0.0,4
32.2,verse-display,easter christian wallpaper,720,0,0.0,2
32.2,verse-display,preppy christian wallpaper,720,0,0.0,2
32.2,verse-display,blue christian wallpaper,720,0,0.0,1
32.2,verse-display,christian mccaffrey wallpaper,720,0,0.0,1
32.2,verse-display,aesthetic christian wallpaper iphone,720,0,0.0,1
32.2,addiction,social media addiction lawsuit payout per person,320,0,10.54,1
32.0,competitors,youversion audio bible,3600,47,1.28,2
32.0,other,web filter,1300,28,14.67,6
32.0,devotionals,devotional on easter,1000,0,0.32,2
32.0,addiction,cure for gaming addiction,880,27,10.3,2
32.0,catholic,powerful prayer catholic,720,0,1.98,1
31.9,prayers,today's night prayer,2400,27,1.82,1
31.9,bible-study,bible study on esther,1300,12,0.79,1
31.9,blocker-tools,block websites extension,1300,31,2.48,2
31.8,prayers,prayer when someone passes away,1300,8,0.16,1
31.8,bible-verses,bible passages about confirmation,1000,0,0.14,1
31.8,prayers,short prayer for someone who lost a loved one,1000,0,0.13,1
31.8,other,christian quote for women,1000,0,0.11,3
31.8,blocker-tools,how to clear screen time on iphone,480,0,0.0,1
31.7,catholic,how to say divine mercy chaplet,5400,,0.47,1
31.7,bible-verses,what does the bible say about,4400,37,0.0,1
31.7,competitors,how to quit smoking cigarettes cold turkey,1600,35,3.07,2
31.7,prayers,prayer for healing short,1300,9,0.54,1
31.7,prayers,short irish prayer,1000,0,0.09,1
31.7,prayers,short prayer for safety travel,1000,0,0.06,1
31.7,bible-study,bible study on advent,880,0,0.42,1
31.7,blocker-tools,how to set up screen time on iphone,720,18,2.84,1
31.7,competitors,cold turkey lennon,720,10,0.0,2
31.7,competitors,cold turkey john lennon,720,10,0.0,2
31.7,competitors,jomo app,390,6,6.42,1
31.7,adult-blocking,dns porn blocker,320,6,7.29,1
31.7,adult-blocking,porn blocker dns,320,6,7.29,1
31.6,devotionals,quiet time golf course,1000,0,0.0,1
31.6,prayers,define intercessory prayer,880,0,1.57,1
31.6,prayers,intercessory prayer definition,880,0,1.57,1
31.5,addiction,technology addiction,1600,29,2.13,10
31.5,prayers,prayer journal notebook,880,0,1.49,1
31.5,devotionals,good devotional for men,880,0,1.52,1
31.4,prayers,prayer good night sleep,1900,20,0.71,2
31.4,bible-verses,bible passages about understanding,1600,15,0.45,1
31.4,competitors,abide app,880,24,4.11,6
31.4,addiction,digital detox retreat,720,4,0.0,2
31.4,blocker-tools,forgotten screen time passcode iphone,590,7,0.0,2
31.3,prayers,prayer when in pain,1000,2,0.54,1
31.3,other,spiritual growth book,880,0,1.32,7
31.2,prayers,night prayer today,2400,28,1.82,2
31.2,competitors,smoking quitting cold turkey,1900,39,3.1,2
31.2,bible-study,fr mike schmitz bible in a year reading plan pdf,1600,29,6.79,1
31.2,competitors,quitting vaping cold turkey,1000,36,10.55,1
31.1,prayers,intercessory prayer meaning,880,1,1.57,2
31.0,devotionals,my utmost for his highest devotional today,1900,24,2.51,1
30.9,prayers,short night prayer,1600,15,0.07,2
30.8,other,christian hypnobirthing app,1000,5,1.34,1
30.8,prayers,mark wahlberg prayer app,720,2,4.48,1
30.8,blocker-tools,forgot screen time passcode iphone,590,8,0.0,1
30.8,blocker-tools,how to extend screen time on iphone,480,2,0.0,1
30.7,bible-verses,verse of the day with reflection,2400,42,13.9,1
30.7,prayers,short family prayer,1000,2,0.09,1
30.7,prayers,short prayer for a safe trip,1000,2,0.06,1
30.7,prayers,short safe travel prayer,1000,2,0.06,1
30.7,competitors,who owns hallow app,480,0,0.0,2
30.7,competitors,hallow app subscription,320,5,7.89,1
30.6,parental,familytime parental control app,1000,25,4.32,1
30.6,other,ark christian dating app,1000,10,3.49,1
30.6,blocker-tools,screen time setting iphone,720,18,1.9,1
30.5,blocker-tools,screen time tracking app,1300,32,1.92,5
30.5,devotionals,devotional for couples book,880,0,0.64,1
30.5,other,christian marriage ceremony script,880,0,0.69,1
30.4,competitors,stop smoking cigarettes cold turkey,1900,40,3.1,1
30.4,devotionals,devotional for teachers,880,0,0.57,1
30.3,prayers,night prayer for protection against evil,880,0,0.49,1
30.3,bible-study,bible study on new testament,720,0,1.85,1
30.3,blocker-tools,how to turn off focus mode,480,3,0.0,1
30.2,bible-study,5x5x5 new testament bible reading plan,880,2,0.0,1
30.2,other,christian marriage party,880,2,1.25,1
30.1,bible-study,free printable chronological bible reading plan,880,24,12.07,1
30.0,bible-verses,bible memory app,6600,48,1.27,7
30.0,devotionals,devotional book for couples,880,1,0.64,1
30.0,other,marriage wishes christian,880,0,0.28,3
30.0,bible-study,bible study on anxiety,720,0,1.53,1
30.0,competitors,quitting prozac cold turkey,720,15,0.84,1
30.0,competitors,quit prozac cold turkey,720,15,0.84,1
29.9,prayers,short thanksgiving day prayer,1300,11,0.02,1
29.9,prayers,good night prayer my love,880,0,0.19,3
29.9,prayers,prayer when dog dies,880,0,0.15,1
29.9,addiction,digital minimalism reddit,590,1,0.0,2
29.8,prayers,powerful wednesday morning prayer,880,0,0.09,1
29.8,prayers,prayer when someone is sick,880,0,0.08,1
29.8,prayers,prayer for church leaders,720,0,2.65,13
29.8,prayers,church leaders prayer,720,0,2.65,10
29.8,competitors,zoloft quitting cold turkey,720,14,0.24,2
29.8,blocker-tools,how to increase screen time on iphone,590,10,0.0,1
29.7,addiction,addiction internet,1600,37,5.85,11
29.7,prayers,thankful good night prayer quotes,1000,4,0.04,1
29.7,bible-study,bible study on job,880,5,0.8,1
29.7,prayers,night prayer thursday,880,0,0.04,2
29.7,prayers,prayer for thursday night,880,0,0.04,1
29.7,prayers,blessing powerful thursday morning prayer,880,0,0.02,1
29.7,prayers,powerful tuesday morning prayer,880,0,0.05,1
29.7,bible-study,adult bible study topics,480,9,16.27,4
29.6,bible-study,bible study on psalms,1000,9,0.84,2
29.6,blocker-tools,how to block apps on ipad,590,15,2.2,1
29.5,addiction,what to do instead of doomscrolling,390,0,4.68,2
29.4,bible-verses,bible passages about lucifer,1300,12,0.0,1
29.3,prayers,when you prayer,880,2,0.48,4
29.3,bible-study,bible study on women's topic,720,0,0.98,1
29.3,bible-study,women's bible study topics,720,0,0.98,5
29.3,bible-study,women bible study topics,720,0,0.98,4
29.3,bible-study,bible study topics for ladies,720,0,0.98,1
29.3,bible-study,bible study for women topics,720,0,0.98,1
29.2,bible-study,bible study on mothers,720,0,0.86,1
29.1,bible-study,ligonier ministries bible reading plan,1000,8,0.0,1
29.1,bible-study,bible study on forgiveness,590,0,3.42,1
29.1,verse-display,lock screen bible verse black wallpaper,590,0,0.0,1
29.1,verse-display,cross wallpaper with bible verse,590,0,0.0,2
29.1,verse-display,christian gonzalez wallpaper,590,0,0.0,1
29.1,verse-display,black christian wallpaper,590,0,0.0,1
29.1,verse-display,how to make time bigger on iphone lock screen,590,0,0.0,1
29.0,devotionals,devotional on anxiety,720,0,1.94,3
28.9,bible-verses,bible passages about dating,1600,23,2.34,1
28.9,devotionals,bible verse for devotional,1600,36,11.41,1
28.9,addiction,nomophobia meaning,1600,29,0.0,3
28.9,prayers,short thanksgiving prayer,1300,13,0.02,4
28.9,competitors,stop vaping cold turkey,1000,39,10.55,1
28.9,prayers,short prayer for grieving family,880,2,0.14,1
28.9,competitors,stop prozac cold turkey,720,17,0.84,1
28.8,devotionals,proverbs 31 ministries daily devotional,3600,37,0.13,1
28.8,prayers,short friendship prayer,880,2,0.08,2
28.8,blocker-tools,how to change screen time passcode on iphone,390,6,2.68,1
28.8,addiction,adhd phone addiction,260,3,22.3,2
28.7,bible-study,bible study on motherhood,720,1,0.86,1
28.7,blocker-tools,screen time reduction app,480,17,5.26,1
28.6,other,christian marriage officiant,720,6,4.26,1
28.6,devotionals,women's morning devotional,590,14,19.85,2
28.6,devotionals,morning devotional women,590,14,19.85,1
28.5,addiction,doomscrolling definition,1900,38,2.98,3
28.5,devotionals,daily strength for women a 365 day devotional,720,0,1.49,2
28.5,bible-study,bible study on faith,590,0,2.79,1
28.4,bible-study,bible recap reading plan,1300,28,6.44,2
28.4,bible-study,bible study on isaiah,1000,11,0.74,1
28.4,bible-study,bible study on hebrews,880,8,1.04,2
28.4,prayers,short prayer to mother mary,720,8,5.02,2
28.4,parental,whatsapp parental control app,590,12,2.48,2
28.3,other,marriage christian retreat,1900,30,3.59,6
28.3,bible-study,navigator bible reading plan,1600,25,1.65,3
28.3,prayers,short thanksgiving dinner prayer,1300,14,0.02,1
28.3,prayers,short prayer for healing and recovery,1000,7,0.09,1
28.3,prayers,prayer when someone dies,1000,7,0.1,1
28.3,blocker-tools,site blocker android,1000,32,3.42,4
28.3,blocker-tools,chrome web store website blocker,720,22,1.99,1
28.3,competitors,youversion beyond a billion,480,5,0.0,2
28.2,parental,ios parental control app,1300,36,5.46,6
28.2,prayers,short prayer before meeting,1000,7,0.0,3
28.2,prayers,when you call my name is like a little prayer,1000,7,0.0,1
28.2,competitors,quit zoloft cold turkey,720,17,0.24,2
28.1,other,christian music meditation,880,11,3.37,6
28.1,prayers,prayer journal ideas,590,0,3.72,1
28.1,verse-display,wallpaper christian lacroix,480,0,1.66,2
27.9,prayers,good night prayer images,1300,15,0.05,1
27.9,addiction,digital detox phones,1000,21,0.74,1
27.9,other,christian guided meditation,590,1,4.04,5
27.9,bible-study,young adult bible study topics,390,0,8.31,6
27.8,prayers,blessing good night prayer,1300,15,0.04,2
27.8,devotionals,new morning mercies devotional book,880,4,0.04,1
27.7,prayers,when is asr prayer,1600,26,2.95,1
27.7,other,christian marriage ceremony,590,0,3.38,2
27.7,other,define spiritual growth,390,4,26.47,1
27.7,bible-study,bible study spiritual growth,320,1,15.11,2
27.6,bible-verses,study on faith in the bible,590,0,3.25,1
27.5,other,salt christian dating app,1900,35,6.12,1
27.5,bible-study,bible study on matthew,1000,15,1.79,3
27.5,prayers,night prayer tuesday,880,8,1.4,2
27.5,catholic,bible study on lent,590,0,0.72,1
27.5,bible-study,bible study on focus,480,0,4.67,1
27.4,bible-verses,k j v bible app,3600,42,2.16,1
27.4,devotionals,devotional on gratitude,480,0,6.04,1
27.3,devotionals,daily devotional for hope,1300,26,5.43,2
27.3,bible-verses,bible passages about god's forgiveness,480,0,5.9,1
27.3,blocker-tools,turn off screen time iphone,390,3,0.0,2
27.2,blocker-tools,where is screen time on iphone,590,15,0.0,1
27.1,bible-verses,new international bible app,2900,37,1.33,1
27.1,blocker-tools,how to find screen time on android,1000,28,0.0,3
27.1,devotionals,daily strength for women devotional,720,0,0.21,1
27.1,prayers,powerful praise and worship prayer,590,0,2.77,1
27.1,competitors,clearspace app,480,14,3.02,1
27.1,competitors,hallow app celebrities,320,2,2.86,1
27.0,prayers,prayer for tuesday night,880,9,1.4,1
27.0,prayers,short prayer for peace of mind,880,6,0.12,1
27.0,prayers,most powerful miracle prayer,720,0,0.19,3
27.0,prayers,most powerful miraculous prayer,720,0,0.19,1
27.0,prayers,most powerful prayer for miracles,720,0,0.19,1
26.9,christian-apps,christian apparel for women,1900,39,2.1,1
26.9,bible-verses,bible passages about lying and deceit,720,0,0.02,1
26.9,bible-verses,daily bible verse bracelet,720,2,0.85,2
26.9,other,christian marriage anniversary wishes,720,0,0.09,1
26.9,catholic,evening prayer today catholic,590,16,7.94,4
26.9,christian-apps,subsplash church app,590,28,13.2,1
26.9,blocker-tools,how to limit screen time on ipad,320,3,2.18,1
26.8,bible-verses,bible passages about moses,720,0,0.0,1
26.8,prayers,holden evening prayer,720,0,0.0,1
26.8,prayers,prayer when breaking fast,720,0,0.0,2
26.8,devotionals,a quiet time rdr2,720,0,0.0,2
26.8,adult-blocking,define accountability partner,390,6,0.0,1
26.8,prayers,powerful prayer for tithes and offering,320,0,14.64,1
26.7,bible-study,most accurate chronological bible reading plan pdf,1000,17,2.01,1
26.7,catholic,short lent prayer,590,0,0.0,1
26.7,prayers,powerful prayer for strength and guidance,590,1,2.78,1
26.7,competitors,brick app reddit,260,3,5.85,2
26.6,prayers,short prayer of blessing,720,1,0.15,2
26.6,prayers,prayer when sad,720,1,0.14,1
26.5,bible-study,bible study on galatians,590,0,0.96,2
26.5,prayers,intercessory prayer church,480,0,5.03,3
26.5,bible-verses,daily text message bible verse,480,0,4.98,2
26.5,bible-verses,daily bible verse sms,480,0,4.98,1
26.5,bible-verses,daily bible verse text messages,480,0,4.98,1
26.4,prayers,when is national prayer day,2400,32,0.0,5
26.4,other,eastern orthodox church leaders,880,7,0.0,1
26.4,verse-display,girly christian wallpaper,480,0,0.07,1
26.4,blocker-tools,how to view screen time on iphone,480,11,0.0,1
26.3,prayers,night prayer sunday,1000,11,0.07,2
26.3,bible-study,bible study sermon on the mount,720,6,0.74,3
26.3,competitors,cold turkey by john lennon,720,20,0.0,1
26.3,blocker-tools,how to setup screen time on iphone,720,27,2.84,1
26.3,bible-study,bible study on heaven,590,0,0.72,1
26.3,verse-display,lockscreen aesthetic bible verse wallpaper,480,0,0.0,1
26.3,verse-display,lock screen aesthetic bible verse wallpaper pink,480,0,0.0,1
26.3,verse-display,lock screen aesthetic bible verse wallpaper,480,0,0.0,1
26.3,verse-display,cute pink bible verse wallpaper,480,0,0.02,1
26.3,verse-display,bible verse background wallpaper,480,0,0.03,1
26.3,verse-display,simple christian wallpaper,480,0,0.0,1
26.3,verse-display,why is the time faded on my iphone lock screen,480,0,0.0,1
26.3,parental,why is the bark app bad,320,0,3.17,1
26.2,prayers,prayer when studying,720,6,1.92,1
26.2,bible-study,bible study on christmas,590,0,0.65,1
26.2,competitors,cold turkey quitting,590,34,40.25,2
26.2,competitors,cold turkey quit,590,34,40.25,1
26.2,blocker-tools,how to turn on screen time on iphone,480,16,2.16,1
26.2,adult-blocking,covenant eyes alternatives,170,0,8.21,2
26.2,adult-blocking,covenant eyes alternative,170,0,8.21,3
26.1,bible-study,52-week bible reading plan,1000,16,0.89,3
26.1,prayers,short prayer for birthday,720,2,0.08,1
26.1,bible-study,bible study on ecclesiastes,590,2,1.37,2
26.0,prayers,powerful friday morning prayer,880,8,0.07,1
26.0,prayers,aa evening prayer,590,0,1.72,1
26.0,prayers,prayer when feeling overwhelmed,590,0,1.69,2
26.0,verse-display,how to add bible verse widget lock screen,480,5,1.8,1
26.0,adult-blocking,canopy parental control app,480,21,3.64,1
26.0,devotionals,devotional on peace,390,0,7.56,1
25.9,prayers,prayer journal men,590,0,1.59,2
25.9,prayers,men's prayer journal,590,0,1.59,1
25.9,christian-apps,my church app,320,15,13.26,4
25.9,blocker-tools,how to remove screen time on iphone,320,0,0.0,1
25.9,blocker-tools,can you delete screen time on iphone,320,0,0.0,1
25.8,prayers,prayer for sunday night,1000,12,0.07,1
25.8,prayers,simple short thanksgiving prayer,1000,12,0.06,2
25.8,other,christian marriage ring,590,0,1.48,1
25.7,prayers,powerful prayer to sacred heart of jesus,720,5,0.94,2
25.7,catholic,first friday devotion in the catholic church,590,5,1.02,1
25.7,blocker-tools,screen time teens,590,34,10.09,3
25.7,adult-blocking,how much is covenant eyes,260,0,1.54,1
25.7,blocker-tools,how to lock apps on iphone without screen time,260,3,3.67,1
25.7,blocker-tools,fitness focus app,140,0,24.58,1
25.6,prayers,when 2 or more come together in prayer,720,3,0.01,1
25.6,prayers,when two or more come together in prayer,720,3,0.01,1
25.6,other,marriage card christian,590,0,1.28,2
25.6,other,christian marriage wedding card,590,0,1.28,1
25.6,other,christian marriage invitation card,590,0,1.28,1
25.6,competitors,wake forest app,390,26,14.34,1
25.6,verse-display,hd christian wallpaper,320,0,4.66,5
25.5,other,marriage conference christian,590,0,1.24,2
25.5,bible-study,bible study on spiritual growth,320,6,15.11,2
25.5,blocker-tools,cold turkey website blocker,260,0,2.16,1
25.4,addiction,social media addiction rehab,210,0,9.62,2
25.3,other,christian movies for teens,590,0,0.99,3
25.3,other,christian meditation guide,590,7,4.04,1
25.2,prayers,the most powerful healing prayer by padre pio,720,4,0.04,1
25.2,parental,bark app vs bark phone,320,0,2.05,2
25.1,other,orthodox church leaders,880,10,0.0,1
25.1,prayers,easter short prayer,720,4,0.0,2
25.1,devotionals,devotional on family,720,6,0.82,3
25.1,blocker-tools,where to find screen time on iphone,590,19,0.0,1
25.1,bible-study,bible study on discipleship,480,0,2.16,1
25.1,blocker-tools,how to block apps on app store,390,14,2.77,1
25.1,blocker-tools,how to reset screen time passcode on iphone,390,8,0.0,1
25.1,bible-verses,bible studies on spiritual growth,320,4,15.11,2
25.1,prayers,theo: prayer app,320,4,17.51,1
25.0,bible-study,bible study on titus,590,4,1.13,2
25.0,prayers,prayer when lighting yahrzeit candle,390,0,6.41,1
25.0,parental,dog bark app,390,5,1.36,1
25.0,addiction,how to break addiction to social media,320,3,4.17,5
25.0,competitors,hallow app jobs,320,0,0.0,1
25.0,competitors,how to cancel hallow app,260,4,4.37,1
24.9,prayers,short prayer for christmas,1000,14,0.06,2
24.9,prayers,short christmas prayer,1000,14,0.06,4
24.9,prayers,short xmas prayer,1000,14,0.06,1
24.9,parental,best parental control app for android phone,880,38,9.28,1
24.9,bible-study,bible in 90 days reading plan,720,13,2.48,1
24.9,prayers,guided prayer journal,590,0,0.58,1
24.9,prayers,prayer journal guide,590,0,0.58,1
24.9,devotionals,faith to faith devotional for today,590,4,2.26,1
24.8,parental,kidslox parental control app,720,22,1.35,1
24.8,blocker-tools,screen time settings iphone,720,28,1.9,2
24.8,competitors,stopping caffeine cold turkey,590,18,0.08,1
24.8,bible-study,bible study on proverbs 31,480,0,1.92,1
24.7,competitors,brick phone app,590,21,1.43,2
24.7,addiction,phone addiction reddit,390,0,0.0,2
24.7,verse-display,orthodox christian wallpaper,390,0,0.97,1
24.6,devotionals,daily strength for men devotional,720,6,0.34,1
24.6,blocker-tools,bloom app blocker,480,18,1.56,1
24.6,bible-verses,bible passages about volunteering,390,0,5.92,1
24.6,addiction,how to stop social media addiction,320,4,4.17,3
24.5,prayers,short strength prayer,1000,15,0.16,1
24.5,verse-display,christian macbook wallpaper,390,1,1.24,1
24.4,addiction,digital detox app,720,18,0.0,9
24.4,prayers,short prayer for mothers,590,0,0.09,1
24.4,prayers,gwen stefani prayer app,590,5,2.22,1
24.4,bible-study,short memory verses,480,0,1.47,2
24.4,blocker-tools,screen time manager app,390,21,5.81,1
24.4,addiction,social media addiction lawyer,170,0,16.93,1
24.3,bible-study,365 day bible reading plan,1000,20,1.05,2
24.3,prayers,encouragement powerful morning prayer,880,12,0.08,1
24.3,bible-verses,bible passages about mary,590,0,0.02,1
24.3,prayers,most powerful prayer in the bible,590,0,0.0,5
24.3,prayers,when was prayer removed from schools,590,0,0.0,1
24.3,prayers,prayer when looking for a job,590,0,0.0,1
24.3,devotionals,new morning mercies daily devotional,590,1,0.38,1
24.3,other,spiritual discipline book,590,1,0.42,3
24.3,bible-verses,bible verse die daily,590,0,0.0,3
24.3,other,christian marriage reddit,590,0,0.0,1
24.3,bible-study,bible study on spiritual warfare,480,0,1.32,1
24.2,blocker-tools,chrome website blocker android,390,15,2.3,1
24.2,blocker-tools,forgotten screen time password iphone,390,10,0.0,1
24.2,bible-verses,spiritual discipline scripture,260,0,14.64,6
24.2,bible-verses,scriptures on spiritual discipline,260,0,14.64,4
24.2,bible-verses,16 bible verses about spiritual growth,260,0,203.35,1
24.1,bible-study,bible study on psalm 23,480,0,1.11,2
24.1,bible-study,bible study for men topics,390,0,3.86,1
24.1,bible-study,men's bible study topics,390,0,3.86,4
24.1,adult-blocking,accountability partner definition,390,12,0.0,1
24.1,addiction,apps to replace doomscrolling,260,0,4.7,3
24.0,competitors,youversion bible app iphone,1900,45,0.52,2
24.0,bible-study,m'cheyne bible reading plan,1600,32,1.43,1
24.0,blocker-tools,hank green focus app,480,16,0.0,1
24.0,competitors,get brick app,480,16,0.77,5
23.9,prayers,when 2 or more gather in prayer,720,7,0.01,1
23.9,addiction,opposite of doomscrolling,390,2,0.0,1
23.8,prayers,short healing prayer,1300,24,0.54,2
23.8,prayers,personalized prayer journal,480,0,2.03,1
23.8,prayers,customizable prayer journal,480,0,2.03,1
23.8,prayers,custom prayer journal,480,0,2.03,1
23.8,prayers,personal prayer journal,480,0,2.03,1
23.8,prayers,personalised prayer journal,480,0,2.03,1
23.8,adult-blocking,adult content blocker,390,25,6.53,2
23.8,verse-display,cute girly bible verse wallpaper,390,0,0.13,1
23.7,bible-verses,daily bible verse king james,4400,50,1.99,3
23.7,bible-study,bible study on 23rd psalm,480,1,1.11,2
23.7,other,spiritual growth meaning,390,13,26.47,3
23.7,verse-display,cute christian wallpaper for laptop,390,0,0.0,1
23.7,verse-display,girly christian phone wallpaper,390,0,0.0,1
23.7,verse-display,aesthetic christian wallpaper laptop,390,0,0.0,1
23.7,verse-display,christian easter desktop wallpaper,390,0,0.0,1
23.7,verse-display,dark aesthetic christian wallpaper,390,0,0.0,1
23.7,adult-blocking,how much does covenant eyes cost,210,0,2.12,1
23.6,bible-study,bible study on names of god,480,0,0.6,2
23.6,blocker-tools,website blocker google chrome,480,23,3.14,4
23.6,blocker-tools,screen time limit iphone,480,17,0.0,8
23.6,blocker-tools,how to look at screen time on iphone,480,17,0.0,1
23.6,devotionals,devotional on leadership,320,0,7.7,1
23.6,adult-blocking,porn blocker for pc,110,0,12.43,1
23.5,adult-blocking,covenant eyes phone number,320,9,0.42,2
23.4,blocker-tools,how to bypass screen time limit,260,0,0.0,1
23.4,christian-apps,freedom church app,260,7,7.34,1
23.3,blocker-tools,site blocker bypass,590,31,4.81,2
23.3,devotionals,devotional on forgiveness,320,0,7.32,1
23.3,other,christian meditation anxiety,320,0,7.22,3
23.3,adult-blocking,porn blocker chrome,170,3,6.04,1
23.3,adult-blocking,chrome porn blocker,170,3,6.04,1
23.2,prayers,short birthday prayer,720,9,0.08,1
23.2,bible-verses,study bible on amazon,590,4,0.46,1
23.2,adult-blocking,adult content blocker chrome,170,5,6.87,1
23.1,prayers,short prayer for healing and recovery for friend,1000,18,0.06,1
23.1,prayers,when was prayer taken out of schools,590,3,0.0,2
23.1,addiction,doomscrolling meme,390,4,0.0,2
23.1,competitors,screenzen halo,260,2,1.33,1
23.1,adult-blocking,covenant eyes customer service number,260,4,0.44,1
23.1,adult-blocking,does covenant eyes monitor apps,170,0,4.36,1
23.0,bible-verses,king james version bible app,3600,48,2.16,1
23.0,prayers,powerful sunday morning prayer,590,13,4.4,1
23.0,bible-study,bible study on easter,480,0,0.0,1
23.0,devotionals,devotional on faith,320,3,8.36,2
22.9,other,elevation church pastors,2900,45,2.52,1
22.9,other,spiritual discipline list,480,14,7.87,1
22.9,verse-display,daily bible verse widget,480,13,2.13,5
22.8,prayers,when is zuhr prayer,2900,48,4.96,1
22.8,bible-study,365 daily bible reading plan,1000,23,1.05,1
22.8,other,quotes on marriage christian,590,4,0.09,4
22.8,prayers,prayer journal prompts,480,0,1.02,2
22.8,addiction,stop phone addiction,480,14,1.47,1
22.8,catholic,living faith daily catholic devotion,320,15,16.28,1
22.8,blocker-tools,opal app blocker,320,16,3.94,1
22.8,blocker-tools,focus app mac,260,15,6.38,2
22.7,prayers,prayer when hanging a mezuzah,480,0,0.85,1
22.7,prayers,5 year prayer journal,480,0,0.82,2
22.7,addiction,gaming addiction reddit,260,1,3.46,1
22.7,competitors,brick app discount code,170,0,5.87,1
22.6,devotionals,insight for living daily devotional,1300,42,29.77,1
22.6,bible-study,printable bible reading plan pdf,1000,25,1.91,1
22.6,prayers,prayer when you lose something,390,0,3.45,1
22.6,prayers,intercessory prayer for pastors,260,0,9.69,2
22.5,competitors,youversion login,1600,44,0.42,3
22.5,bible-verses,bible passages about caring for others,320,0,6.16,1
22.4,other,definition spiritual growth,390,16,26.47,3
22.4,addiction,cell phone addiction therapy,170,0,8.97,1
22.4,addiction,cell phone addiction rehab,170,0,8.97,2
22.3,prayers,short prayer for easter,720,11,0.0,1
22.2,competitors,hallow catholic prayer app,590,26,1.32,1
22.2,bible-verses,bible passages about marriage and divorce,480,7,3.27,1
22.2,addiction,is the gaming addiction lawsuit real,140,0,69.02,1
22.1,addiction,digital detox application,720,23,0.0,1
22.0,prayers,when is zuhr prayer today,1600,36,2.95,1
22.0,prayers,short peace prayer,720,12,0.13,2
22.0,prayers,the prayer of a righteous man is powerful,590,6,0.0,1
22.0,prayers,the prayer of a righteous person is powerful and effective,590,6,0.0,1
22.0,parental,bark app for android,590,24,1.98,2
22.0,bible-study,memory verses games,480,5,0.96,3
22.0,prayers,prayer when lighting a candle,480,0,0.08,1
22.0,addiction,quit phone addiction,480,16,1.47,1
21.9,other,christian jewelry for women,1600,34,1.55,1
21.9,prayers,powerful prayer to pass an exam,480,0,0.0,1
21.9,prayers,40 powerful prayer points,480,0,0.0,1
21.9,prayers,prayer for cats when sick,480,0,0.0,1
21.9,prayers,when to perform tahajjud prayer,480,0,0.0,1
21.9,devotionals,lynette kittle morning devotional,480,0,0.0,1
21.9,devotionals,quiet time sesame street,480,0,0.0,3
21.9,devotionals,advent devotional family,480,0,0.0,5
21.9,bible-verses,k-love daily bible verse,480,0,0.0,1
21.9,other,youth ministry christmas games,480,0,0.0,2
21.9,bible-verses,verses about church leaders,480,0,0.03,11
21.9,bible-verses,church leaders verses,480,0,0.03,2
21.9,verse-display,bible verse for lock screen,390,8,1.33,1
21.9,verse-display,how to put bible verse on lock screen,320,4,2.09,1
21.9,blocker-tools,how to set screen time passcode,260,4,0.0,1
21.8,prayers,short powerful night prayer,880,18,0.25,1
21.8,competitors,youversion bible plan,480,22,1.42,4
21.7,bible-study,bible study on luke,590,12,1.05,2
21.7,catholic,catholic confession app,320,1,2.91,3
21.7,bible-verses,1000 bible verses to memorize pdf,210,0,29.07,1
21.7,prayers,patty's prayer journal,210,0,14.26,1
21.7,devotionals,seventh day adventist morning devotional,210,0,29.18,1
21.7,blocker-tools,website blocker router,210,0,0.78,1
21.7,other,bethel church leaders,210,0,15.34,1
21.7,adult-blocking,uninstall covenant eyes,210,0,0.0,4
21.7,adult-blocking,how to delete covenant eyes,210,0,0.0,1
21.7,adult-blocking,disable covenant eyes,210,0,0.0,1
21.7,adult-blocking,delete covenant eyes,210,0,0.0,1
21.7,adult-blocking,how to remove covenant eyes,210,0,0.0,1
21.7,adult-blocking,covenant eyes removal,210,0,0.0,1
21.6,bible-study,materials for bible study,1900,42,3.09,1
21.6,prayers,the prayer of a righteous man is powerful and effective,590,7,0.0,2
21.6,other,christian marriage conferences,590,10,1.24,1
21.6,prayers,powerful thursday morning prayer,480,6,2.13,1
21.6,prayers,prayer when nervous,480,1,0.07,1
21.6,verse-display,motivational bible verse wallpaper,320,0,0.1,1
21.6,adult-blocking,canopy app review,210,12,5.26,2
21.5,blocker-tools,plugin to block websites,1300,46,2.48,1
21.5,prayers,short prayer for family protection and guidance,720,16,1.4,1
21.5,bible-study,bible study on 1st corinthians,390,0,0.84,1
21.5,prayers,prayer for when you lose something,390,3,3.45,1
21.5,verse-display,floral bible verse wallpaper,320,0,0.02,1
21.5,verse-display,fall bible verse wallpaper,320,0,0.0,1
21.5,verse-display,aesthetic pink bible verse desktop wallpaper,320,0,0.0,1
21.5,verse-display,blue bible verse wallpaper,320,0,0.01,1
21.5,verse-display,light blue bible verse wallpaper,320,0,0.01,1
21.5,verse-display,aesthetic bible verse wallpaper black,320,0,0.0,1
21.5,verse-display,pinterest christian wallpaper aesthetic,320,0,0.0,1
21.5,addiction,therapy for social media addiction,140,1,11.49,1
21.4,prayers,powerful evening prayer,720,15,0.82,1
21.4,adult-blocking,victory shield covenant eyes,320,15,0.78,1
21.4,adult-blocking,screen accountability software,210,1,0.0,1
21.3,prayers,powerful saturday morning prayer,480,2,0.07,1
21.3,bible-study,bible study on friends,390,0,0.62,1
21.3,bible-study,bible study on elijah,390,0,0.68,1
21.3,competitors,how much does the hallow app cost,390,15,0.0,2
21.3,other,fortiguard web filter lookup,320,7,8.12,1
21.3,competitors,hallow app free trial,320,11,0.63,1
21.3,addiction,rehabilitation for gaming addiction,210,14,13.69,1
21.3,verse-display,bible verse macbook wallpaper,140,0,12.41,1
21.2,bible-verses,new international version bible app,2900,46,1.33,1
21.2,prayers,short prayer for blessings,720,14,0.15,2
21.2,prayers,powerful prayer to st lucy,480,2,0.02,1
21.2,bible-study,bible study topics men,390,6,3.07,4
21.2,other,morning meditation christian,390,0,1.71,3
21.2,adult-blocking,covenant eyes screen accountability,170,0,1.99,1
21.1,bible-verses,encouragement bible verse of the day,1600,34,0.63,4
21.1,catholic,catholic first friday devotion,590,16,1.02,3
21.1,bible-study,bible study on relationship,390,2,1.19,1
21.1,bible-verses,most important bible verses to memorize pdf,390,0,1.65,1
21.1,prayers,prayer when lost something,390,0,1.7,2
21.1,blocker-tools,website blocker addon firefox,390,18,0.25,1
21.1,blocker-tools,website blocker chrome android,390,22,2.3,4
21.1,blocker-tools,site blocker firefox extension,390,18,0.25,1
21.1,blocker-tools,how to reset screen time on iphone,320,12,0.0,1
21.0,competitors,youversion bible study plans,590,26,0.0,1
21.0,parental,bark app cost,390,15,1.43,2
21.0,devotionals,quiet time worship songs,210,2,25.32,2
21.0,blocker-tools,how to remove app from screen time,210,0,0.0,4
21.0,blocker-tools,hudl focus app,210,0,0.0,1
21.0,blocker-tools,how to delete screen time history on iphone,210,0,0.0,1
21.0,blocker-tools,how to reset iphone without screen time passcode,210,2,0.76,1
21.0,adult-blocking,porn blocker firefox,140,0,4.35,1
21.0,adult-blocking,firefox porn blocker,140,0,4.35,1
20.9,bible-study,mccheyne bible reading plan,1300,31,0.0,1
20.9,devotionals,quiet time music,1000,23,0.06,4
20.9,prayers,short prayer sayings,590,9,0.07,1
20.9,prayers,when is tahajjud prayer,480,3,0.0,2
20.9,catholic,youth ministry catholic,480,19,5.19,2
20.9,addiction,technology addiction rehab,170,0,6.71,2
20.8,catholic,catholic dating app,1000,34,3.84,4
20.8,parental,airdroid parental control app,720,35,4.57,1
20.8,addiction,addiction social media statistics,480,27,6.21,5
20.8,addiction,digital minimalism book,480,18,1.02,2
20.8,blocker-tools,how to block apps ads iphone,390,23,2.44,1
20.7,devotionals,utmost for his highest daily devotional,1000,24,0.42,3
20.7,blocker-tools,how to turn off ignore limit on screen time,210,1,0.0,2
20.7,blocker-tools,screen time limits for teens,210,1,0.0,1
20.6,prayers,bible verse for daily prayer,720,20,2.33,1
20.6,adult-blocking,adult website blocker,480,34,5.26,1
20.6,devotionals,morning devotional messages,390,17,9.73,1
20.6,devotionals,morning devotional message,390,17,9.73,1
20.6,blocker-tools,site blocker safari extension,260,11,1.49,3
20.6,blocker-tools,website blocker chrome mobile,260,14,2.95,2
20.6,competitors,hallow app mark wahlberg,210,3,1.63,2
20.5,bible-verses,bible passages about helping others in need,390,4,2.58,1
20.5,prayers,child's prayer journal,390,0,0.92,1
20.4,bible-study,bible study on church,480,15,3.54,2
20.4,catholic,prayer journal catholic,320,0,0.87,2
20.4,devotionals,sda morning devotional,210,4,29.18,3
20.4,adult-blocking,ever accountable vs covenant eyes,110,0,7.12,1
20.3,competitors,youversion bible app for alexa,210,0,0.0,1
20.2,devotionals,daily devotional crosswalk,3600,50,0.52,1
20.2,prayers,intercessory prayer book,390,0,0.59,4
20.2,bible-study,bible study youth topics,320,0,1.8,9
20.2,bible-study,bible study for youth topics,320,0,1.8,1
20.2,blocker-tools,how to set screen time limit on iphone,320,20,2.74,4
20.2,addiction,phone addiction meme,260,0,0.0,2
20.2,addiction,bergen social media addiction scale,260,0,0.0,1
20.1,competitors,youversion bible app for android,1300,45,0.91,1
20.1,prayers,sample prayer journal,390,0,0.41,2
20.1,prayers,prayer journal examples,390,0,0.41,2
20.1,prayers,prayer journal samples,390,0,0.41,1
20.1,adult-blocking,covenant eyes customer service,260,12,0.44,1
20.0,other,spiritual growth books christian,390,0,0.36,5
20.0,blocker-tools,screen time limit not working,210,3,0.0,3
19.9,prayers,powerful anointing prayer for home,390,0,0.13,1
19.9,other,spiritual growth activities for youth,320,0,2.67,2
19.8,bible-verses,daily encouragement bible verse,1900,42,2.02,3
19.8,parental,norton family parental control app,480,26,2.98,1
19.8,bible-verses,bible passages about commitment,390,0,0.03,1
19.8,bible-verses,bible passages about judgement,390,0,0.01,1
19.8,prayers,thankful evening prayer,390,0,0.06,2
19.8,prayers,luther's morning and evening prayer,390,0,0.06,1
19.8,blocker-tools,firefox addon website blocker,390,21,0.25,1
19.8,parental,how much is bark app,320,14,2.07,2
19.7,prayers,evening jewish prayer,390,0,0.0,3
19.7,prayers,evening prayer judaism,390,0,0.0,1
19.7,prayers,when is eid prayer,390,0,0.0,2
19.7,blocker-tools,app to monitor screen time,390,32,6.54,3
19.7,devotionals,devotional on spring,210,0,8.63,1
19.7,blocker-tools,how to take screen time off iphone,210,4,0.0,1
19.7,blocker-tools,how to turn off screen time passcode on iphone,210,4,0.0,1
19.6,prayers,st michael the archangel powerful prayer,590,13,0.17,1
19.6,catholic,most powerful novena prayer,480,19,3.35,1
19.6,competitors,is hallow app catholic or christian,210,7,1.99,1
19.6,prayers,when you feel like giving up prayer,170,0,14.05,1
19.6,addiction,cell phone addiction treatment,170,8,8.97,2
19.6,other,web filter for schools,170,0,47.96,1
19.6,other,church connect app,170,0,17.24,1
19.6,adult-blocking,covenant eyes reddit,170,0,0.0,1
19.5,catholic,roman catholic church leaders,590,18,0.0,1
19.5,bible-study,bible study on colossians,480,13,1.39,2
19.5,bible-verses,give us this day our daily bread bible verse,480,7,0.0,1
19.5,addiction,digital minimalism cal newport,390,17,1.52,3
19.5,other,christian standard communion meditation,320,0,2.11,1
19.5,prayers,when jummah prayer,260,0,5.05,2
19.5,blocker-tools,focus app macbook,260,23,6.38,1
19.5,competitors,support hallow app,140,7,7.73,1
19.4,bible-study,ascension bible in a year reading plan,880,29,1.84,1
19.4,addiction,define doomscrolling,720,29,0.02,1
19.4,prayers,what is the most powerful prayer before surgery,390,1,0.0,1
19.4,other,web content filter,260,13,12.12,3
19.4,verse-display,positive faith bible verse wallpaper,260,0,0.04,1
19.4,verse-display,bible verse preppy wallpaper,260,0,0.01,3
19.4,verse-display,lock screen pink bible verse wallpaper,260,0,0.01,1
19.4,verse-display,coquette bible verse wallpaper,260,0,0.01,1
19.4,other,christian cafe dating app,260,8,9.06,1
19.4,competitors,gwen stefani hallow app,260,9,0.0,2
19.4,blocker-tools,website blocker edge,170,5,2.76,3
19.3,addiction,mobile phone addiction,1300,45,2.78,4
19.3,prayers,short evening prayer,480,8,0.1,1
19.3,catholic,who are the leaders of the catholic church,390,7,0.0,1
19.3,parental,how does the bark app work,320,15,1.81,2
19.3,verse-display,aesthetic cross wallpaper with bible verse,260,0,0.0,1
19.3,verse-display,aesthetic bible verse collage wallpaper laptop,260,0,0.0,1
19.3,verse-display,cute christmas bible verse wallpaper,260,0,0.0,1
19.3,verse-display,cute lock screen bible verse wallpaper,260,0,0.0,1
19.3,verse-display,purple bible verse wallpaper,260,0,0.0,1
19.3,prayers,prayer for when you feel overwhelmed,210,0,8.03,1
19.3,adult-blocking,download covenant eyes mac,170,2,0.52,5
19.3,competitors,hallow app cost per month,140,4,5.8,1
19.2,devotionals,oswald chambers devotional for today,720,30,6.46,1
19.2,prayers,powerful morning prayer for my family and friends,320,0,1.79,2
19.2,addiction,phone addiction signs,260,14,5.05,3
19.2,competitors,hallow prayer app cost,170,0,1.28,1
19.1,catholic,catholic church leaders,590,19,0.0,2
19.1,prayers,prayer journal example,390,3,0.41,3
19.1,addiction,gaming addiction signs,390,22,3.6,4
19.1,prayers,echo prayer app,390,9,2.99,1
19.1,devotionals,devotional on psalms,320,0,1.67,1
19.1,catholic,ascension catholic bible app,320,2,0.0,2
19.1,bible-study,teenage bible study topics,260,0,3.01,2
19.1,blocker-tools,how to find screen time passcode on iphone,260,12,0.0,1
19.1,blocker-tools,how to change screen time on android,260,12,0.0,1
19.1,adult-blocking,covenant eyes install,170,3,0.6,2
19.0,prayers,evening family prayer,590,15,0.35,1
19.0,blocker-tools,freedom focus app,480,30,1.4,1
19.0,bible-verses,important bible verses to memorize,320,0,1.45,2
19.0,devotionals,devotional on psalm 23,260,0,4.25,1
19.0,adult-blocking,porn blocker for mac,90,0,7.97,1
18.9,prayers,saturday evening prayer,210,0,7.34,1
18.9,blocker-tools,how to remove ignore limit option on screen time,170,0,0.0,1
18.8,prayers,christian prayer before work,2400,,0.0,1
18.8,addiction,define nomophobia,590,26,0.0,1
18.8,prayers,powerful morning prayer youtube,390,3,0.0,1
18.8,prayers,the most powerful healing prayer by st padre pio,390,3,0.01,1
18.8,blocker-tools,safari site blocker extension,260,16,1.49,2
18.8,other,mindful meditation christian,210,0,7.14,6
18.8,adult-blocking,ai accountability partner,90,0,7.64,1
18.7,other,software web filter,590,34,11.84,4
18.7,prayers,dutch sheets intercessory prayer,320,0,1.07,2
18.7,prayers,intercessory prayer by dutch sheets,320,0,1.07,1
18.6,other,christian music app,480,12,1.0,5
18.6,devotionals,devotional on encouragement,320,15,8.33,1
18.6,other,christian cupid app,320,2,1.73,1
18.6,bible-verses,easiest bible verses to memorize,260,0,3.63,1
18.6,other,chromebook web filter,260,0,3.63,2
18.6,blocker-tools,how to hide screen time on iphone,170,1,0.0,1
18.5,prayers,powerful christian healing prayer,1300,36,1.17,1
18.5,prayers,powerful forgiveness prayer,390,4,0.01,1
18.5,blocker-tools,screen time addiction,210,27,10.91,1
18.5,blocker-tools,how to limit total screen time on iphone,140,2,2.79,1
18.5,adult-blocking,apps like covenant eyes,70,0,11.41,1
18.4,other,top rated christian parenting books,320,0,0.66,1
18.4,other,christian gifts for teens,320,0,0.75,1
18.4,other,church youth ministry activities,320,0,0.71,2
18.3,other,parenting christian,590,21,2.3,2
18.3,bible-verses,memory card verses,320,0,0.55,2
18.3,bible-verses,verses for memory cards,320,0,0.55,1
18.3,devotionals,advent devotional book,320,0,0.61,2
18.3,blocker-tools,focus site blocker,320,26,3.46,2
18.3,other,web filter fortiguard,260,16,28.44,2
18.3,blocker-tools,why should parents limit screen time,170,24,23.62,2
18.3,competitors,hallow app careers,170,0,0.0,1
18.3,competitors,does the hallow app cost money,170,0,0.0,2
18.3,blocker-tools,how to erase iphone without screen time passcode,170,2,0.0,1
18.3,blocker-tools,website blocker microsoft edge,140,0,1.66,2
18.2,bible-verses,daily bible verse motivation,1900,45,2.02,2
18.2,other,who are the leaders of the mormon church,390,5,0.0,1
18.2,competitors,youversion careers,390,23,0.02,1
18.2,bible-verses,bible passages about the kingdom of god,320,0,0.37,1
18.2,other,christian social app,320,7,3.35,1
18.2,bible-study,youth ministry bible study,260,0,1.73,1
18.2,prayers,prayer for when you can't sleep,210,0,6.2,2
18.2,prayers,prayer when you can't sleep,210,0,6.2,1
18.2,devotionals,devotional on patience,210,0,6.18,1
18.2,competitors,hallow app price,110,4,7.73,1
18.1,catholic,short daily prayer catholic,880,32,0.62,1
18.1,bible-verses,daily bible verse by text,480,21,4.98,1
18.1,catholic,catholic evening prayer youtube,320,5,0.0,1
18.1,prayers,powerful prayer during fasting,320,0,0.26,1
18.1,prayers,prayer for protection when travelling,320,0,0.23,1
18.1,prayers,prayer for protection when traveling,320,0,0.23,1
18.1,other,christian fiction books for teens,320,0,0.35,2
18.1,addiction,phone addiction art,210,0,0.0,1
18.1,addiction,phone addiction artwork,210,0,0.0,1
18.1,addiction,screen addiction among teens is there such a thing,210,0,0.0,2
18.1,addiction,digital detox crossword clue,210,0,0.0,1
18.1,competitors,opal app reddit,210,7,0.0,1
18.1,blocker-tools,screen time widget iphone,210,9,0.0,1
18.1,competitors,opal app cost,170,13,5.72,2
18.1,adult-blocking,weight loss accountability partner,70,0,10.59,3
18.0,prayers,daily prayer app,1900,46,2.5,9
18.0,blocker-tools,screen time reducing app,480,38,5.26,3
18.0,competitors,abide christian meditation app,480,29,0.38,2
18.0,bible-verses,scriptures to read when fasting for spiritual growth,170,5,21.82,1
18.0,other,cloud-based web filter,170,0,9.05,2
18.0,competitors,hallow app founder,170,1,0.0,2
18.0,competitors,chris pratt hallow app,170,1,0.0,2
17.9,prayers,when is prayer time,1000,30,0.0,3
17.9,bible-study,bible study on exodus,480,16,0.71,1
17.9,other,faith app,390,19,6.54,1
17.9,prayers,youtube evening prayer,320,0,0.0,2
17.9,prayers,powerful prayer to our lady of guadalupe,320,0,0.05,1
17.9,prayers,the most powerful healing prayer padre pio,320,0,0.0,1
17.9,prayers,what the bible says about intercessory prayer,320,0,0.01,1
17.9,devotionals,free advent devotional pdf,320,0,0.0,1
17.9,other,women church leaders,320,10,4.41,3
17.9,other,women as church leaders,320,10,4.41,2
17.9,other,crossword clue church leaders,320,0,0.0,2
17.9,other,female church leaders,320,10,4.41,1
17.8,catholic,evening prayer liturgy hours today,720,27,0.0,3
17.8,blocker-tools,forest pomodoro timer app,320,21,0.0,1
17.8,blocker-tools,what is the average screen time per day iphone,320,21,0.0,1
17.8,addiction,doomscrolling gif,210,1,0.0,1
17.8,verse-display,iphone lock screen bible verse wallpaper,210,0,0.5,1
17.7,blocker-tools,app for controlling screen time,880,47,3.27,1
17.7,prayers,powerful blessing prayer,480,13,0.19,1
17.7,prayers,what is a powerful prayer for a sick person,320,8,3.15,1
17.7,blocker-tools,screen time limit screenshot,170,4,0.0,1
17.7,competitors,forest app reddit,170,2,0.0,1
17.7,devotionals,devotional on john 3 16,140,0,16.34,1
17.7,adult-blocking,how to bypass covenant eyes,140,0,0.0,1
17.7,adult-blocking,how to get around covenant eyes,140,0,0.0,1
17.6,bible-verses,daily bible verse inspiring,1900,46,2.02,2
17.6,blocker-tools,screen time control app,880,47,3.06,9
17.6,addiction,nomophobia definition,590,29,0.0,1
17.5,blocker-tools,forest pomodoro app,480,31,0.0,1
17.5,other,christian social media app,320,9,3.35,1
17.5,addiction,cure internet addiction,260,29,20.91,3
17.5,other,christian meditation for sleep and anxiety,260,0,2.09,1
17.5,verse-display,inspirational bible verse wallpaper,210,0,0.14,1
17.5,competitors,hallow com app,210,16,3.32,1
17.4,bible-verses,daily bible verse light for the day,1600,46,3.97,1
17.4,bible-study,bible 1 year reading plan,880,35,2.73,4
17.4,parental,bark app for parents,590,34,1.75,1
17.4,prayers,how to start prayer journal,320,3,0.55,4
17.4,verse-display,aesthetic iphone blue bible verse wallpaper,210,0,0.0,1
17.4,verse-display,bible verse wallpaper philippians 4:13,210,0,0.01,2
17.4,verse-display,pink bible verse wallpaper pinterest,210,0,0.0,1
17.4,verse-display,pink bible verse wallpaper laptop,210,0,0.0,1
17.4,verse-display,bible verse wallpaper ipad,210,0,0.0,1
17.4,verse-display,light pink bible verse wallpaper,210,0,0.02,1
17.4,blocker-tools,where to see screen time on iphone,210,11,0.0,1
17.4,blocker-tools,how to see screen time from months ago iphone,170,5,0.0,1
17.4,adult-blocking,accountable2you vs covenant eyes,90,0,5.36,1
17.3,catholic,examination of conscience catholic adults,390,15,0.81,3
17.3,bible-verses,bible passages about manhood,320,2,0.02,1
17.3,bible-verses,youth ministry bible studies,260,0,1.73,1
17.3,blocker-tools,drive focus app,140,0,0.19,1
17.3,other,christian foster parenting,140,0,11.01,1
17.2,devotionals,advent devotional booklet,320,4,0.61,2
17.2,other,spiritual growth retreat,260,10,6.25,2
17.2,catholic,is duomo app catholic,260,2,0.0,2
17.2,blocker-tools,flight focus app,140,0,0.0,1
17.2,christian-apps,build church app,110,8,20.43,4
17.1,devotionals,jesus calling devotional for women,720,25,0.23,1
17.1,christian-apps,life church app,320,25,5.08,1
17.1,addiction,social media addiction symptoms,260,10,0.06,2
17.1,competitors,abide meditation app,260,28,6.67,1
17.1,competitors,youversion jobs,210,20,4.87,1
17.1,addiction,gaming addiction helpline,140,15,15.15,1
17.1,adult-blocking,covenant eyes iphone,110,0,2.05,3
17.0,bible-study,bible 365 days reading plan,1000,36,1.05,2
17.0,prayers,powerful monday morning prayer,590,20,0.05,1
16.9,devotionals,devotional on worship,320,6,1.1,1
16.9,competitors,unpluq tag,140,7,3.43,1
16.9,adult-blocking,cancel covenant eyes,140,4,0.38,3
16.9,adult-blocking,covenant eyes subscription,110,0,1.82,1
16.8,prayers,powerful blood of jesus prayer,320,4,0.0,1
16.8,bible-verses,bible verse for youth ministry,210,0,3.87,1
16.8,competitors,youversion bible app lite,210,11,0.0,1
16.7,prayers,short prayer for recovery,1300,39,0.54,1
16.7,addiction,digital minimalism choosing a focused life in a noisy world,320,20,1.62,1
16.7,competitors,how much does opal app cost,140,14,6.83,1
16.6,bible-verses,daily bible verse encouraging,1900,48,2.02,1
16.6,bible-verses,bible reading 1 year plan,880,35,2.73,1
16.6,devotionals,devotional for women today,880,35,2.8,2
16.6,addiction,how to stop gaming addiction,260,17,2.57,6
16.6,other,christian fiction teens,260,0,0.66,2
16.6,other,christian novels for teens,260,0,0.66,1
16.6,blocker-tools,recommended screen time for teens,210,21,3.72,2
16.6,verse-display,how to move time on lock screen iphone,210,3,0.0,2
16.6,addiction,digital detox book,170,0,0.38,2
16.6,competitors,brick app for android,170,9,1.45,1
16.6,competitors,forest app coins,140,0,0.0,1
16.6,competitors,hallow app reddit,140,0,0.0,1
16.6,adult-blocking,covenant eyes free trial,110,0,1.25,1
16.5,competitors,youversion connect,320,23,0.0,1
16.5,prayers,intercessory prayer for others,260,0,0.63,1
16.5,prayers,daily prayer journal,260,0,0.63,1
16.5,blocker-tools,how to get past screen time on iphone,170,8,0.0,1
16.4,other,marriage as a christian,1300,,4.45,1
16.4,prayers,uplifting powerful good morning prayer,590,22,0.05,1
16.4,other,church leaders conference,390,15,1.79,3
16.4,other,who are the leaders of the lds church,390,11,0.0,1
16.4,devotionals,devotional on grief,260,0,0.44,1
16.4,other,fasting spiritual growth,260,0,0.35,4
16.4,addiction,mobile phone addiction in teenagers,170,10,4.63,1
16.4,addiction,technology addiction treatment,170,14,6.71,2
16.4,other,church leaders conference watermark,170,4,8.3,2
16.3,prayers,when did livin on a prayer come out,590,22,0.0,1
16.3,prayers,prayer when tired,260,0,0.23,1
16.3,bible-study,bible study topics and explanations,210,6,4.31,1
16.3,addiction,adhd gaming addiction,170,0,0.0,2
16.3,addiction,result of doomscrolling crossword clue,170,0,0.0,1
16.3,addiction,how to stop doomscrolling reddit,170,0,0.0,1
16.3,addiction,doomscrolling reddit,170,0,0.0,2
16.3,christian-apps,purple church app,170,0,0.0,1
16.3,competitors,forest app code,170,7,0.0,1
16.3,blocker-tools,microsoft edge website blocker,140,7,1.66,1
16.3,adult-blocking,accountability partner means,140,5,0.0,2
16.3,parental,aura vs bark app,70,0,13.57,1
16.2,bible-study,robert murray mccheyne bible reading plan,720,32,1.65,1
16.2,prayers,wednesday evening prayer,260,0,0.05,1
16.2,blocker-tools,website blocker ios,210,18,1.44,1
16.2,devotionals,devotional on serving others,170,0,5.86,1
16.2,competitors,the brick tv app,110,0,2.43,2
16.1,prayers,thursday evening prayer,260,0,0.02,1
16.1,prayers,dan duval evening prayer,260,0,0.0,1
16.1,prayers,tuesday evening prayer,260,0,0.0,1
16.1,prayers,monday evening prayer,260,0,0.03,1
16.1,devotionals,ellen g white morning devotional,260,0,0.0,1
16.1,devotionals,quiet time music for classroom,260,0,0.02,2
16.1,other,interfaith center for spiritual growth,260,0,0.0,1
16.1,addiction,nomophobia symptoms,260,13,0.0,2
16.1,other,go hard for christ youth ministry,260,0,0.0,1
16.1,catholic,catholic prayer when someone dies,210,0,0.23,1
16.1,catholic,prayer when someone dies catholic,210,0,0.23,1
16.0,blocker-tools,how to put screen time on iphone,260,24,1.48,1
16.0,blocker-tools,how to view screen time on android,260,21,0.0,1
16.0,catholic,intercessory prayer catholic,210,0,0.02,2
16.0,catholic,intercessory prayer for catholic church,210,0,0.02,1
16.0,other,higher bond christian dating app,210,0,2.55,1
16.0,christian-apps,christian family church app,170,1,0.0,1
15.9,other,parenting podcast christian,260,7,2.5,6
15.9,catholic,catholic crusade evening prayer,210,0,0.0,1
15.9,addiction,social media addiction book,170,3,0.62,6
15.8,devotionals,open heaven devotional for today,1900,47,0.0,1
15.8,devotionals,open heaven daily devotional for today,1900,47,0.0,1
15.8,bible-verses,encouraging verse of the day,1600,45,0.63,1
15.8,addiction,internet shopping addiction,260,15,0.4,1
15.8,devotionals,devotional on grace,210,0,2.13,1
15.8,blocker-tools,how to set screen time limit on ipad,140,15,4.6,3
15.7,prayers,divine office evening prayer for today,590,24,0.0,1
15.7,verse-display,beach bible verse wallpaper,170,0,0.14,1
15.7,competitors,youversion logo,170,9,0.0,1
15.7,competitors,youversion chronological bible reading plan,140,25,22.03,1
15.7,prayers,intercessory prayer examples pdf,110,0,28.76,1
15.7,devotionals,devotional on psalm 91,110,0,19.16,1
15.7,prayers,short devotional on prayer,110,0,19.47,1
15.7,devotionals,devotional on missions,110,0,11.88,1
15.7,adult-blocking,focusmate accountability partner,110,0,0.0,2
15.7,other,cash app for church,110,0,19.18,1
15.7,addiction,social media addiction class action lawsuit,70,0,19.44,1
15.6,prayers,morning devotional prayer,720,29,0.12,4
15.6,addiction,treat internet addiction,260,34,20.91,3
15.6,addiction,curing internet addiction,260,34,20.91,1
15.6,bible-verses,bible passages about refugees,210,13,8.3,1
15.6,bible-study,bible memory verses cards,210,0,0.65,2
15.6,blocker-tools,screen time recommendations for teens,210,24,3.72,1
15.6,addiction,cell phone addiction teenager,170,13,4.63,4
15.6,verse-display,pink bible verse desktop wallpaper,170,0,0.0,1
15.6,verse-display,soccer bible verse wallpaper,170,0,0.0,1
15.6,verse-display,bible verse collage wallpaper,170,0,0.0,1
15.6,verse-display,aesthetic bible verse desktop wallpaper,170,0,0.0,1
15.6,verse-display,iphone cross wallpaper with bible verse,170,0,0.0,1
15.6,verse-display,cute bible verse wallpaper for computer,170,0,0.0,1
15.6,verse-display,dark bible verse wallpaper iphone,170,0,0.0,1
15.6,verse-display,aura bible verse wallpaper,170,0,0.0,1
15.6,verse-display,bible verse lock screen black,170,0,0.0,1
15.6,verse-display,aesthetic bible verse lock screen,170,0,0.0,1
15.6,blocker-tools,opera website blocker,90,0,3.16,1
15.5,competitors,quitting caffeine cold turkey,590,39,0.08,1
15.5,devotionals,my morning devotional podcast,260,6,1.51,1
15.5,competitors,freedom app iphone,210,22,3.33,3
15.5,competitors,youversion beyond a billion tickets,140,4,0.0,1
15.4,addiction,internet and tech addiction anonymous,390,32,3.82,2
15.4,blocker-tools,forgot screen time password iphone,390,32,0.0,1
15.4,blocker-tools,website blocker for windows,170,24,6.41,2
15.4,addiction,mobile phone addiction treatment,170,21,8.97,1
15.3,other,spiritual growth journal,210,0,1.41,3
15.3,competitors,youversion twitter,210,16,0.0,2
15.3,verse-display,bible verse for phone wallpaper,140,0,1.78,1
15.3,adult-blocking,truple vs covenant eyes,70,0,5.34,1
15.2,prayers,athan prayer times app,1600,46,0.48,1
15.2,catholic,traditional catholic examination of conscience pdf,210,3,0.06,1
15.2,catholic,catholic devotion to the sacred heart of jesus,140,10,9.14,1
15.2,parental,stop dog bark app,140,5,1.68,1
15.2,blocker-tools,why is my screen time limit going off early,110,0,0.0,1
15.2,blocker-tools,how to get ignore limit on screen time without password,110,0,0.0,1
15.2,blocker-tools,how to get ignore limit on screen time,110,0,0.0,6
15.2,blocker-tools,block at end of limit screen time,110,0,0.0,1
15.2,addiction,alternatives to doomscrolling,90,0,6.74,1
15.2,competitors,brick app alternative,90,0,3.52,1
15.2,competitors,brick app alternatives,90,0,3.52,2
15.1,blocker-tools,how to limit screen time,590,46,3.5,3
15.1,prayers,powerful prayer request,390,24,4.44,2
15.1,catholic,catholic ai app,390,25,2.42,1
15.1,other,training church leaders,390,27,6.39,3
15.1,bible-verses,best way to memorize bible verses,320,15,2.35,1
15.1,other,christian youth ministry,320,10,0.0,2
15.1,devotionals,devotional on healing,210,0,1.02,1
15.1,other,christian counselor for teens near me,210,14,7.88,2
15.1,blocker-tools,driving focus app,140,8,0.19,1
15.1,prayers,prayer for pastors and church leaders,110,0,10.66,4
15.1,competitors,opal app price,90,0,3.23,1
15.1,competitors,opal app pricing,90,0,3.23,1
15.0,addiction,smartphone addiction,590,38,1.45,3
15.0,other,christian podcast for teens,260,7,1.04,2
15.0,devotionals,quiet time activities,210,0,0.8,1
15.0,blocker-tools,how to set screen time on android,210,19,0.0,1
15.0,adult-blocking,porn blocker for windows,50,0,9.97,1
14.9,devotionals,devotional on proverbs,260,6,0.56,1
14.9,verse-display,bible verse lock screen widget,260,19,1.82,4
14.9,prayers,centering prayer app,260,17,5.9,1
14.9,bible-verses,4 steps to spiritual growth verses in the bible,210,0,0.67,1
14.9,blocker-tools,freedom screen time app,210,22,1.41,1
14.9,competitors,forest app achievements,170,12,0.0,1
14.9,blocker-tools,how to fix screen time on iphone,170,14,0.0,1
14.9,bible-study,ideas for bible study topics,90,0,14.74,1
14.9,adult-blocking,christian accountability app,70,0,4.44,1
14.8,devotionals,morning devotional verses,260,10,2.0,10
14.8,prayers,guided prayer journal for women,210,0,0.5,1
14.8,addiction,social media addiction artwork,140,0,0.0,1
14.8,addiction,social media addiction art,140,0,0.0,1
14.8,addiction,doomscrolling perhaps crossword clue,140,0,0.0,1
14.8,addiction,doomscrolling doordash in class,140,0,0.0,1
14.8,addiction,is doomscrolling a sin,140,0,0.0,1
14.8,blocker-tools,website blocker for opera,90,3,3.16,1
14.7,devotionals,turning point david jeremiah daily devotional for today,1600,47,0.34,1
14.7,bible-verses,popular bible verses to memorize,210,5,2.43,1
14.7,prayers,hosanna-revival prayer journal,210,0,0.31,2
14.7,competitors,youversion bible app controversy,140,7,0.0,1
14.7,blocker-tools,how to hide an app from screen time,110,2,0.0,2
14.6,bible-study,printable 365 day bible reading plan,880,40,1.53,2
14.6,prayers,when was livin on a prayer released,320,12,0.0,1
14.6,other,iphone web filter,140,0,5.57,3
14.6,verse-display,how to add a bible verse to your lock screen,140,4,2.31,1
14.6,parental,how much does bark app cost,110,0,1.76,2
14.5,addiction,symptoms of gaming addiction,590,44,4.93,1
14.5,addiction,video gaming addiction symptoms,590,44,4.93,1
14.5,bible-verses,bible passages about human dignity,210,0,0.0,1
14.5,prayers,martin luther evening prayer,210,0,0.0,1
14.5,prayers,martin luther's evening prayer,210,0,0.02,1
14.5,prayers,luther's evening prayer words,210,0,0.02,1
14.5,prayers,grace oasis evening prayer,210,0,0.0,1
14.5,prayers,friday evening prayer,210,0,0.0,1
14.5,prayers,when does asr prayer end,210,0,0.0,1
14.5,prayers,intercessory prayer gift,210,0,0.0,3
14.5,other,spiritual growth stone,210,0,0.0,1
14.5,other,meditation christian youtube,210,6,2.49,5
14.5,bible-verses,top 25 bible verses to memorize,170,0,2.61,1
14.5,blocker-tools,how to set up screen time on ipad,140,10,0.02,1
14.5,blocker-tools,how to set up screen time passcode,110,3,0.0,2
14.5,parental,bark app pricing,110,0,1.56,1
14.5,parental,bark app price,110,0,1.56,1
14.5,addiction,how to overcome social media addiction,90,12,15.14,1
14.4,devotionals,my quiet time devotional,260,8,0.44,1
14.4,blocker-tools,screen time management app for iphone,260,26,0.0,1
14.4,addiction,does grayscale help phone addiction,260,19,0.0,1
14.4,addiction,treatment for internet addiction disorder,260,37,20.91,1
14.4,competitors,hallow lite app,260,34,5.77,1
14.4,competitors,how much is opal app,170,14,0.05,1
14.4,devotionals,devotional on god's love,140,0,5.23,1
14.4,competitors,freedom app review,110,1,0.0,2
14.4,adult-blocking,accountability partner christian,70,0,3.51,2
14.4,adult-blocking,covenant eyes chrome,70,0,3.56,2
14.4,adult-blocking,covenant eyes chromebook,70,0,3.56,3
14.4,adult-blocking,covenant eyes program,70,4,5.47,1
14.3,bible-study,bible 365 reading plan,720,37,1.49,1
14.3,bible-verses,100 bible verses to memorize,210,3,0.89,3
14.3,prayers,when is jummah prayer today,210,1,0.0,1
14.3,catholic,catholic daily reading app,210,13,2.86,1
14.3,other,spiritual growth small group questions,170,0,2.41,1
14.3,verse-display,summer bible verse wallpaper,140,0,0.1,1
14.3,verse-display,black and white bible verse wallpaper,140,0,0.09,1
14.3,verse-display,how to add bible verse widget lock screen android,140,5,2.33,1
14.3,adult-blocking,covenant eyes support,140,13,0.2,1
14.3,adult-blocking,covenant eyes owosso mi,90,1,0.51,1
14.2,catholic,hallo app catholic,260,19,2.83,1
14.2,prayers,how to create a prayer journal,210,3,0.7,1
14.2,addiction,solution of social media addiction,210,14,0.0,6
14.2,addiction,do dopamine detox work,210,14,0.0,3
14.2,other,4 steps to spiritual growth,140,0,4.84,1
14.2,addiction,test for internet addiction,140,10,3.22,1
14.2,verse-display,bible verse mac wallpaper,140,0,0.0,1
14.2,verse-display,pinterest aesthetic bible verse wallpaper,140,0,0.0,1
14.2,verse-display,hd wallpaper bible verse,140,0,0.0,4
14.2,verse-display,sunset bible verse wallpaper,140,0,0.02,1
14.2,verse-display,lock screen purple bible verse wallpaper,140,0,0.0,1
14.2,christian-apps,christian apparel teens,110,0,2.04,2
14.2,competitors,is screenzen safe,110,2,0.0,1
14.2,competitors,hallow app peter thiel,110,2,0.0,1
14.2,bible-verses,50 most important bible verses to memorize,90,0,16.39,1
14.2,prayers,patty teichroew prayer journal,90,0,17.29,2
14.2,prayers,electronic prayer journal,90,0,13.58,1
14.2,devotionals,devotional on humility,90,0,11.96,1
14.2,other,fasting as a spiritual discipline,90,0,20.07,1
14.2,adult-blocking,accountability partner agreement,90,0,0.0,1
14.2,adult-blocking,accountability partner contract,90,0,0.0,1
14.2,other,christian guided meditation anxiety,90,0,13.87,3
14.2,adult-blocking,uninstall code covenant eyes,90,0,0.0,3
14.2,adult-blocking,how to uninstall covenant eyes on mac,90,0,0.0,1
14.2,adult-blocking,covenant eyes internet accountability,70,0,3.25,1
14.1,prayers,christian prayer meditation music,320,14,0.02,1
14.1,blocker-tools,how to unblock website blocker,260,31,2.22,1
14.1,adult-blocking,exercise accountability partner,50,0,8.0,1
14.1,adult-blocking,workout accountability partner,50,0,8.0,1
14.1,adult-blocking,fitness accountability partner,50,0,8.0,1
14.0,blocker-tools,screen time reduce app,480,47,5.26,5
14.0,bible-verses,bible passages about worry and stress,170,0,1.81,1
14.0,bible-study,kindergarten bible memory verses,170,0,0.6,1
14.0,devotionals,devotional on relationships,170,0,1.78,1
14.0,blocker-tools,how to change screen time on iphone 13,170,17,0.0,1
14.0,blocker-tools,mac app blocker,110,15,4.68,1
14.0,other,fasting spiritual discipline,90,1,20.07,3
14.0,other,barracuda web filter,90,1,33.31,1
14.0,devotionals,devotional for church leaders,90,0,11.35,2
13.9,devotionals,today's devotional for women,880,42,2.8,1
13.9,blocker-tools,forest focus app,720,48,0.36,1
13.9,other,christian friend app,320,24,4.9,2
13.9,competitors,brick search app,320,34,1.82,1
13.9,prayers,valmarie prayer journal,260,12,1.46,1
13.9,prayers,val marie prayer journal,260,12,1.46,1
13.9,other,christian magazines for teens,170,0,1.54,1
13.9,adult-blocking,hire an accountability partner,50,0,7.34,1
13.8,prayers,short powerful prayer,320,16,0.47,1
13.8,catholic,formed catholic app,210,19,5.14,1
13.8,other,christian guided sleep meditation,210,3,0.0,6
13.8,devotionals,paul david tripp new morning mercies devotional,140,0,4.0,1
13.8,verse-display,lockscreen bible verse widget,140,9,3.22,1
13.8,blocker-tools,norton website blocker,110,24,9.69,1
13.8,addiction,book about phone addiction,110,0,1.25,2
13.8,addiction,gaming addiction treatments,110,20,13.74,2
13.8,prayers,intercessory prayer for today,90,0,10.95,1
13.8,blocker-tools,exclude app from screen time,90,0,0.0,1
13.8,blocker-tools,how to remove ignore limit on screen time,90,0,0.0,2
13.8,blocker-tools,pushup time app blocker,90,0,0.0,2
13.8,blocker-tools,push up time app blocker,90,0,0.0,2
13.8,adult-blocking,covenant eyes cancel subscription,90,3,0.4,3
13.8,blocker-tools,change lock screen time android,90,0,0.0,2
13.8,adult-blocking,covenant eyes filtering,70,0,2.45,1
13.8,adult-blocking,covenant eyes filter,70,0,2.45,1
13.7,addiction,internet addiction disease,260,39,13.2,1
13.7,addiction,internet addiction syndrome,260,39,13.2,1
13.7,parental,digital wellbeing & parental control,210,18,0.0,4
13.7,addiction,gaming addiction hotline,140,26,27.33,1
13.7,addiction,social media addiction settlement,70,8,18.11,1
13.7,christian-apps,ccb church app,70,8,17.17,1
13.6,blocker-tools,screen time limit by age,260,31,1.28,1
13.6,prayers,intercessory prayer for priests,210,4,0.0,1
13.6,other,christian spiritual discipline,210,7,1.25,1
13.6,addiction,social media addiction in adolescence,210,19,1.28,1
13.6,addiction,que es doomscrolling,140,5,0.0,1
13.6,christian-apps,text in church app,110,16,8.83,1
13.6,parental,bark app promo code,70,0,5.91,1
13.6,competitors,hallow app 3 months free,70,0,3.91,1
13.6,competitors,how much is the hallow app per month,70,0,3.9,1
13.5,bible-verses,topical memory system verses,170,0,0.93,1
13.5,blocker-tools,ios focus mode,140,14,0.0,1
13.5,competitors,forest app similar,90,11,5.47,1
13.5,blocker-tools,best screen time app reddit,50,0,7.52,1
13.5,adult-blocking,accountability software iphone,50,3,8.08,3
13.4,prayers,val marie paper prayer journal,260,14,1.46,1
13.4,blocker-tools,limit screen time ipad,260,31,0.98,5
13.4,other,christian for teens,210,5,0.02,2
13.4,christian-apps,listen to church app,210,17,0.0,1
13.4,bible-study,memory verses for adults,170,3,0.72,1
13.4,bible-verses,memory bible verses for preschoolers,170,0,0.6,1
13.4,devotionals,devotional on new beginnings,170,0,0.65,1
13.4,blocker-tools,proxy site blocker,170,26,3.51,2
13.4,competitors,hallow app free version,170,21,1.7,2
13.4,addiction,doomscrolling doordash,140,6,0.0,1
13.4,addiction,digital detox reddit,140,6,0.0,1
13.4,prayers,30 day intercessory prayer request,90,0,9.78,2
13.4,competitors,ac freedom app,90,3,1.4,1
13.3,prayers,coffee and bible time prayer journal,170,0,0.39,1
13.3,other,web filter home,170,15,7.75,3
13.3,other,christian book series for teens,170,0,0.54,1
13.3,bible-study,bible study topics pdf,140,0,1.7,1
13.3,prayers,intercessory prayer request,140,0,3.05,2
13.3,verse-display,lock screen bible verse wallpaper phone,90,0,3.99,1
13.3,competitors,brick match app,90,0,0.0,2
13.3,competitors,brick city app,90,0,0.0,1
13.3,competitors,screenzen reddit,90,0,0.0,1
13.3,competitors,alex jones hallow app,90,0,0.0,2
13.3,competitors,hallow app owner,90,0,0.0,1
13.3,competitors,hallow app family plan,90,0,0.0,1
13.2,blocker-tools,best free apps to limit screen time for adults,320,38,2.23,3
13.2,blocker-tools,focus to do pomodoro app,260,30,0.0,1
13.2,prayers,prayer journal flannery o'connor,170,1,0.73,4
13.2,prayers,diy prayer journal,170,0,0.35,2
13.2,bible-verses,nlt spiritual growth bible,170,0,0.3,1
13.2,other,appreciation message to church leaders,170,0,0.25,1
13.2,addiction,gaming addiction test,90,17,33.15,1
13.2,competitors,hallow prayer app review,70,1,3.46,2
13.1,competitors,forest app productivity,210,24,0.0,1
13.1,bible-verses,verses in memory of dad,170,0,0.17,1
13.1,prayers,evening prayer pictures,170,0,0.03,1
13.1,prayers,evening prayer images,170,0,0.03,1
13.1,prayers,evening prayer image,170,0,0.03,1
13.1,prayers,prayer when you are scared,170,0,0.07,1
13.1,prayers,prayer when in doubt,170,0,0.03,1
13.1,prayers,prayer for when you are scared,170,0,0.07,1
13.1,prayers,intercessory prayer point,170,0,0.03,4
13.1,devotionals,devotional on jeremiah 29 11,170,0,0.11,1
13.1,other,spiritual growth pictures,170,0,0.11,1
13.1,other,spiritual growth images,170,0,0.11,2
13.1,other,spiritual growth image,170,0,0.11,1
13.1,addiction,mobile phone addiction in adolescence,170,22,4.63,1
13.1,bible-verses,scriptures to meditate on for spiritual growth,140,0,2.51,1
13.1,catholic,catholic examination of conscience for women,140,0,0.09,1
13.1,verse-display,time lock screen android,140,5,0.0,1
13.1,blocker-tools,wifi website blocker,110,9,0.0,1
13.1,addiction,phone addiction drawing,110,0,0.0,1
13.1,addiction,phone addiction images,110,0,0.0,1
13.1,addiction,phone addiction cartoon,110,0,0.0,1
13.1,addiction,screen addiction among teens is there such a thing answers,110,0,0.0,1
13.1,addiction,quotes on social media addiction,110,0,0.0,3
13.1,addiction,quotation about social media addiction,110,0,0.0,1
13.1,addiction,social media addiction reddit,110,0,0.0,1
13.1,addiction,students survey questionnaire about internet addiction,110,0,0.0,1
13.1,addiction,doomscrolling in spanish,110,0,0.0,1
13.1,addiction,digital minimalism pdf,110,0,0.0,1
13.1,christian-apps,elevate church app,110,0,0.0,1
13.1,prayers,intercessory prayer for israel,90,0,9.07,1
13.1,blocker-tools,how to turn on ignore limit on screen time,90,3,0.0,1
13.1,other,palo alto web filter,90,5,13.1,1
13.1,competitors,how does brick app work,90,6,2.08,1
13.1,blocker-tools,app to help limit screen time,70,8,5.62,3
13.0,competitors,bible study youversion,390,38,0.34,2
13.0,catholic,catholic examination of conscience checklist,260,18,0.11,1
13.0,other,chrome web filter,260,20,3.63,3
13.0,adult-blocking,canopy app login,210,34,3.96,1
13.0,prayers,bride ministries evening prayer,170,0,0.0,1
13.0,prayers,prayer when disappointed,170,0,0.0,1
13.0,prayers,is intercessory prayer a spiritual gift,170,0,0.0,4
13.0,prayers,how to lead intercessory prayer in church,170,0,0.0,2
13.0,devotionals,devotional on time,170,0,0.0,1
13.0,blocker-tools,how to turn off screen time limit,170,21,0.0,2
13.0,other,teens christian songs,170,0,0.0,4
13.0,other,church leaders crossword,170,0,0.0,1
13.0,catholic,catholic advent devotional,140,0,0.0,3
13.0,competitors,hallow app customer service,70,0,2.56,1
12.9,addiction,why is social media addiction,590,42,0.46,1
12.9,addiction,consequences of social media addiction,320,,27.43,1
12.9,other,cdff christian dating app,260,30,10.08,1
12.9,addiction,digital minimalism by cal newport,210,20,0.46,1
12.9,other,sda church youth ministry,210,7,0.0,1
12.9,competitors,youversion job,210,33,4.87,1
12.9,bible-study,short bible study topics,90,2,8.01,2
12.9,other,devotion for church leaders,90,5,11.35,2
12.9,blocker-tools,screen time setting android,90,4,0.0,1
12.9,adult-blocking,adult content blocker iphone,50,0,5.27,1
12.9,adult-blocking,is covenant eyes worth it,50,0,5.11,1
12.8,competitors,brick search minifigure scanner app,210,25,0.0,1
12.8,catholic,catholic rosary app,110,0,2.7,1
12.8,addiction,claimshero gaming addiction,90,0,1.88,1
12.8,christian-apps,lakepointe church app,70,0,5.31,1
12.7,prayers,when is asr prayer today,390,24,0.0,1
12.7,prayers,prayer when going to bed,210,8,0.06,1
12.7,blocker-tools,how to set screen time password,140,17,0.0,2
12.7,christian-apps,elevation church app,110,2,0.0,1
12.7,blocker-tools,app blocker mac,110,20,4.68,2
12.7,blocker-tools,screen time remover app,90,5,0.0,1
12.7,blocker-tools,why shouldn't parents limit screen time,90,5,0.0,2
12.7,adult-blocking,covenant eyes owosso,90,8,0.51,1
12.6,bible-verses,gateway bible daily verse,720,41,2.27,1
12.6,blocker-tools,call block apps free,590,50,1.96,1
12.6,bible-verses,bible verse about daily devotion,480,32,1.68,1
12.6,other,leadership training church leaders,390,35,6.39,2
12.6,addiction,what does doomscrolling do to your brain,170,15,0.0,1
12.6,other,funnel web filter,140,0,1.6,1
12.6,verse-display,inspirational cross with bible verse wallpaper,110,0,0.01,1
12.6,verse-display,lock screen faith bible verse wallpaper,110,0,0.0,1
12.6,other,church mobile app builder,110,13,20.43,1
12.6,blocker-tools,tiktok screen time limit,90,17,5.63,1
12.6,blocker-tools,brick app blocker review,70,3,2.18,1
12.5,other,christian movies app,590,42,5.5,5
12.5,addiction,symptoms of screen addiction,210,24,1.74,1
12.5,prayers,christian piano music for prayer and meditation mp3 download,210,9,0.0,1
12.5,other,free internet web filter,170,17,6.95,1
12.5,addiction,screen addiction nyt,140,30,16.14,1
12.5,other,christian shirts for teens,140,0,1.32,1
12.5,other,christian t shirts for teens,140,0,1.32,1
12.5,prayers,portals of prayer app,110,3,6.0,1
12.5,other,worship team app,110,8,8.77,2
12.5,devotionals,preschool quiet time music,90,8,12.61,3
12.5,blocker-tools,how to extend screen time on android,90,6,0.0,1
12.5,devotionals,monday morning devotional,70,0,14.81,1
12.5,devotionals,devotional on trust,70,0,17.05,2
12.5,devotionals,devotional on love,70,0,18.44,1
12.5,other,pfsense web filter,70,0,22.8,2
12.5,other,pfsense web content filter,70,0,22.8,1
12.5,adult-blocking,does covenant eyes monitor instagram,70,0,0.0,1
12.5,adult-blocking,covenant eyes job,70,0,0.0,1
12.5,adult-blocking,covenant eyes careers,70,0,0.0,1
12.5,adult-blocking,covenant eyes jobs,70,0,0.0,1
12.4,devotionals,insight for living devotional,880,42,0.0,1
12.4,addiction,is dopamine detox real,210,21,0.0,1
12.4,prayers,prayer when you can't receive communion,170,3,0.0,1
12.4,prayers,hanukkah prayer when lighting menorah,170,3,0.0,1
12.4,blocker-tools,freedom distraction blocker,170,27,2.02,1
12.4,other,roles and responsibilities of church leaders,170,10,3.1,1
12.4,bible-study,christmas memory verses,140,0,0.03,3
12.4,other,the music lesson a spiritual search for growth through music,140,0,1.1,1
12.4,other,church communication app,110,14,17.74,2
12.4,competitors,screenzen not working,90,4,0.0,1
12.3,bible-verses,daily text bible verse,480,38,4.98,5
12.3,other,christian parenting resources,260,23,3.86,1
12.3,addiction,cell phone addiction teens,170,25,4.63,3
12.3,devotionals,quiet time activities for 4 year olds,140,0,0.93,1
12.3,blocker-tools,opal focus app,110,15,1.17,1
12.3,addiction,cell phone game addiction,110,4,0.09,1
12.3,adult-blocking,covenant eyes software,70,13,5.47,1
12.2,other,lds church directory of leaders,210,10,0.0,1
12.2,other,web filter fortigate,170,4,0.0,3
12.2,other,web filter fortinet,170,4,0.0,2
12.2,other,fortigate web content filter,170,4,0.0,1
12.2,prayers,simple prayer journal,140,0,0.83,1
12.2,devotionals,preschool quiet time activities,140,0,0.67,2
12.2,prayers,free printable prayer journal pdf,110,0,3.9,1
12.2,blocker-tools,ways to limit screen time,110,15,1.03,2
12.2,competitors,abide app review,110,11,0.0,2
12.2,blocker-tools,how to check weekly screen time on android,110,13,0.0,1
12.2,addiction,how to stop screen addiction,90,2,1.51,1
12.1,bible-study,bible project reading plan,720,41,0.0,1
12.1,prayers,evening prayer hansel and gretel,140,0,0.52,4
12.1,prayers,hansel and gretel opera evening prayer,140,0,0.52,1
12.1,prayers,amazon prayer journal,140,0,0.64,2
12.1,prayers,prayer gratitude journal,140,0,0.55,4
12.1,other,celebration of discipline the path to spiritual growth,140,2,1.36,2
12.1,addiction,cell phone addiction symptoms,140,13,0.53,2
12.1,addiction,21 days to stop technology addiction,140,12,0.0,1
12.1,other,christian romance novels for teens,140,0,0.53,1
12.1,addiction,mobile gaming addiction,110,5,0.09,1
12.1,other,is hinge a christian dating app,110,6,6.67,1
12.1,blocker-tools,roblox screen time limit reached,70,0,0.0,1
12.1,blocker-tools,screen time ignore limit glitch,70,0,0.0,1
12.1,blocker-tools,how to bypass screen time limit on iphone,70,0,0.0,1
12.0,devotionals,today devotional for women,880,47,2.8,1
12.0,other,lightspeed web filter,260,21,2.05,1
12.0,devotionals,john piper advent devotional,170,5,0.0,2
12.0,prayers,hosanna revival 5 year prayer journal,140,0,0.36,2
12.0,other,richard foster spiritual discipline,140,0,0.38,2
12.0,other,christian meditation book,140,0,0.44,4
12.0,adult-blocking,contact covenant eyes,90,11,0.31,2
11.9,blocker-tools,screen time control app for iphone,170,25,0.0,3
11.9,bible-verses,top ten bible verses to memorize,110,0,3.18,1
11.9,bible-verses,top 10 bible verses to memorize,110,0,3.18,2
11.9,addiction,phone addiction pictures,90,0,0.0,1
11.9,addiction,phone addiction picture,90,0,0.0,1
11.9,addiction,social media addiction image,90,0,0.0,1
11.9,addiction,social media addiction images,90,0,0.0,1
11.9,addiction,internet addiction questionnaire pdf,90,0,0.0,1
11.9,addiction,reddit internet addiction,90,0,0.0,2
11.9,addiction,doomscrolling en español,90,0,0.0,1
11.9,addiction,result of doomscrolling perhaps crossword,90,0,0.0,1
11.9,addiction,digital detox camp,90,0,0.0,2
11.9,addiction,nomophobia pronunciation,90,0,0.0,1
11.9,blocker-tools,avast website blocker,70,1,0.0,1
11.9,blocker-tools,focus mode app,50,0,3.74,1
11.8,prayers,when is prayer time today,320,23,0.0,2
11.8,bible-verses,christian standard bible app,260,19,0.59,1
11.8,prayers,evening prayer by jim reeves,140,0,0.0,1
11.8,prayers,evening prayer jim reeves,140,0,0.0,3
11.8,prayers,holden evening prayer pdf,140,0,0.0,1
11.8,devotionals,short devotional on thanksgiving,140,0,0.0,1
11.8,devotionals,devotional on teamwork,140,0,0.0,1
11.8,devotionals,sesame street quiet time vhs,140,0,0.01,2
11.8,devotionals,quiet time crossword clue,140,0,0.0,1
11.8,other,pain is the touchstone of all spiritual growth,140,0,0.0,1
11.8,other,teens christian music,140,0,0.0,2
11.8,other,lutheran church leaders,140,0,0.0,1
11.8,addiction,how to break screen addiction,110,12,2.44,1
11.8,blocker-tools,adhd focus app,70,17,7.53,1
11.8,adult-blocking,canopy mac app,50,0,2.71,1
11.7,bible-verses,bible verse memorization app,1000,49,2.01,1
11.7,other,church directory app,480,40,4.96,2
11.7,catholic,catholic daily readings app,210,23,2.86,3
11.7,other,christian magazine teens,170,10,1.54,1
11.7,competitors,youversion life church,170,40,10.78,1
11.7,bible-study,bible study small group topics,110,7,4.71,5
11.7,blocker-tools,how to put screen time limit on iphone,110,15,0.0,1
11.7,addiction,how to cure phone addiction,110,13,2.71,1
11.7,adult-blocking,canopy shield app,110,23,3.09,1
11.7,addiction,cbt for social media addiction,90,1,0.0,1
11.7,other,web filter android,90,3,7.1,3
11.7,other,web filter test,90,1,6.19,2
11.7,blocker-tools,why is my screen time limit not working,70,2,0.0,1
11.7,blocker-tools,finding focus app,70,2,0.0,1
11.7,competitors,hallow app controversy reddit,70,0,0.0,1
11.7,competitors,hallow vs ascension app,70,0,0.0,1
11.7,competitors,hallow app promo code,70,0,0.0,1
11.7,competitors,hallow app gift card,70,0,0.0,1
11.7,competitors,is the hallow app only for catholics,70,0,0.0,1
11.7,competitors,hallow app criticism,70,0,0.0,1
11.7,competitors,sister miriam hallow app,70,0,0.0,1
11.6,bible-verses,daily bible verse random,590,37,0.0,3
11.6,addiction,social media addiction articles,260,45,15.41,3
11.6,prayers,when is asr prayer time,210,19,2.86,1
11.6,other,directory of church leaders,170,7,0.0,2
11.6,addiction,social media addiction signs,140,14,0.0,2
11.6,addiction,digital detox challenge,140,14,0.0,1
11.6,addiction,r digital minimalism,140,14,0.0,2
11.6,other,protestant church leaders,140,1,0.0,1
11.6,other,daily christian meditation,140,11,4.33,1
11.6,blocker-tools,how to remove site blocker,110,18,1.04,2
11.6,other,router web filter,110,1,3.01,3
11.6,christian-apps,worship app,110,19,5.69,1
11.6,addiction,digital detox flip phone,90,4,1.06,1
11.6,addiction,social media addiction help,70,17,25.25,1
11.5,addiction,quitting phone addiction,480,44,1.47,1
11.5,bible-verses,random bible verse generator app,210,16,1.08,1
11.5,other,christian parenting guide,210,15,0.64,1
11.5,verse-display,hourly bible verse widget,140,14,0.81,1
11.5,catholic,traditional catholic examination of conscience,110,0,0.01,2
11.5,addiction,dopamine detox challenge,110,8,0.0,1
11.5,addiction,smartphone addiction scale,110,8,0.0,1
11.5,parental,central bark app,70,1,1.7,1
11.4,blocker-tools,us bank focus app,320,43,1.89,1
11.4,catholic,detailed catholic examination of conscience,260,24,0.0,1
11.4,blocker-tools,how to turn off screen time on android,170,27,0.0,4
11.4,prayers,chris pratt prayer app,140,10,3.31,1
11.4,catholic,prayer for examination of conscience,110,1,0.02,2
11.4,other,christian parenting course,110,1,2.42,1
11.4,other,christian parenting courses,110,1,2.42,1
11.4,other,christian clothes for teens,110,0,2.04,2
11.4,adult-blocking,covenant eyes owosso michigan,90,14,0.51,1
11.4,adult-blocking,youtube adult content blocker,70,6,0.0,1
11.3,devotionals,jesus calling morning and evening devotional,170,10,0.65,1
11.3,prayers,how to keep prayer journal,110,0,1.93,2
11.3,prayers,prayer journal pdf,110,0,1.94,2
11.3,prayers,prayer journal bulk,110,0,1.92,1
11.3,prayers,prayer lock app,110,0,1.94,1
11.3,addiction,nomophobia treatment,90,3,0.0,1
11.3,parental,bark app for ipad,90,8,1.09,1
11.3,adult-blocking,adult content blocker android,50,16,9.82,1
11.3,adult-blocking,canopy accountability partner,50,3,2.74,1
11.2,bible-study,the sermon on the mount bible study book,720,,0.74,1
11.2,catholic,catholic mass times app,480,38,0.0,1
11.2,catholic,catholic first saturday devotion,320,40,6.88,2
11.2,prayers,vespers evening prayer today,210,15,0.0,1
11.2,blocker-tools,android focus app,110,25,4.11,3
11.2,other,christian parenting classes,110,2,2.42,1
11.2,other,christian dating app review,110,10,6.21,2
11.2,blocker-tools,roblox screen time limit not working,70,5,0.0,1
11.2,blocker-tools,instagram screen time limit,70,5,0.0,1
11.1,addiction,social media addiction effects,320,50,27.43,2
11.1,other,spiritual discipline definition,170,10,0.08,2
11.1,other,instrumental christian meditation music,140,14,4.63,5
11.1,prayers,christian prayer journal,110,0,1.34,2
11.1,prayers,leather prayer journal,110,0,1.29,2
11.1,addiction,meta and youtube found liable in social media addiction trial,110,30,12.0,1
11.1,competitors,hallow app login,110,18,0.89,1
11.1,addiction,tiktok doomscrolling,90,4,0.0,3
11.1,bible-study,famous memory verses,50,0,12.42,1
11.1,bible-study,popular memory verses,50,0,12.42,1
11.0,blocker-tools,lock screen time android,390,45,0.0,1
11.0,verse-display,how to add bible verse widget lock screen iphone,260,31,0.77,1
11.0,competitors,forest app for studying,170,27,0.0,1
11.0,competitors,youversion bible app for apple watch,170,27,0.0,1
11.0,prayers,prayer journal printable,110,0,1.21,2
11.0,prayers,prayer journal printables,110,0,1.21,1
11.0,devotionals,midwest quiet time crate cover,110,0,1.08,1
11.0,catholic,examination of conscience prayer,110,3,0.02,1
11.0,other,christian parenting class,110,3,2.42,1
11.0,other,books for church leaders,110,0,1.11,1
11.0,blocker-tools,screen time unlock app iphone,90,13,0.0,1
11.0,addiction,phone addiction in teenagers,90,11,2.84,1
11.0,verse-display,daily bible verse on lock screen,90,6,1.61,3
11.0,other,christian shows for teens,90,0,3.91,1
11.0,other,church text app,90,15,37.24,2
11.0,adult-blocking,victory covenant eyes login,90,16,0.41,1
11.0,blocker-tools,limit screen time before bed,70,6,0.0,1
11.0,addiction,adhd and screen addiction,70,0,1.21,1
11.0,adult-blocking,canopy app for adults,70,17,4.42,1
11.0,addiction,teenage internet addiction,50,11,21.27,1
11.0,addiction,internet addiction teenager,50,11,21.27,5
10.9,prayers,evening prayer universalis,390,31,0.0,2
10.9,other,church finder app,260,29,4.12,1
10.9,devotionals,quiet time activities for 3 year olds,110,0,0.84,1
10.9,devotionals,quiet time toys,110,0,0.89,1
10.9,addiction,social media addiction facts,110,31,19.54,4
10.9,other,how to get around a web filter,90,0,3.57,2
10.9,other,how to bypass web filter,90,0,3.57,3
10.9,parental,bark app reddit,70,0,0.0,1
10.8,devotionals,devotional for teenagers,720,,1.11,1
10.8,prayers,sunday evening prayer,320,27,0.02,1
10.8,devotionals,kindergarten quiet time music,170,11,0.0,3
10.8,devotionals,devotional on depression,110,0,0.82,1
10.8,other,blocksi web filter,110,0,0.6,1
10.8,bible-study,bible study lesson topics,90,0,2.14,4
10.8,competitors,is opal app safe,90,12,0.0,1
10.8,bible-verses,bible group study topics,70,9,12.27,1
10.8,addiction,teenage screen addiction,70,4,2.37,2
10.7,devotionals,devotional on the holy spirit,110,0,0.56,1
10.7,devotionals,devotional on strength,110,0,0.58,1
10.7,christian-apps,lightpost church app,70,6,3.08,1
10.6,prayers,ibreviary evening prayer today,720,44,0.0,1
10.6,addiction,smart phone addiction,590,50,1.45,1
10.6,addiction,teens social media addiction,320,50,10.45,3
10.6,addiction,social media addiction in teenagers,320,50,10.45,2
10.6,other,cloud web filter,170,28,9.05,1
10.6,addiction,how to stop phone addiction for students,140,23,2.18,1
10.6,prayers,christian prayer evening,110,8,3.72,3
10.6,prayers,prayer journal for beginners,110,0,0.2,1
10.6,prayers,how to write a prayer journal,110,0,0.18,4
10.6,devotionals,devotional on fasting,110,0,0.21,1
10.6,addiction,how to break gaming addiction,110,25,6.67,2
10.6,other,christian game app,110,6,2.72,2
10.6,other,christian gaming app,110,6,2.72,1
10.6,competitors,does opal app cost money,90,13,0.0,1
10.6,competitors,yellow brick app,90,13,0.0,1
10.6,other,christian church leaders,70,10,17.93,1
10.6,devotionals,devotional on freedom,50,0,19.51,1
10.6,devotionals,devotional on community,50,0,28.42,1
10.6,adult-blocking,accountability partner in spanish,50,0,0.0,1
10.6,adult-blocking,another word for accountability partner,50,0,0.0,1
10.6,other,enterprise web filter,50,0,63.52,1
10.6,devotionals,church of christ daily devotional app,50,0,41.12,1
10.6,adult-blocking,covenant eyes affiliate,50,0,0.0,1
10.6,adult-blocking,covenant eyes for linux,50,0,0.01,1
10.6,adult-blocking,does covenant eyes cost money,50,0,0.0,1
10.5,other,leaders life church,260,28,2.56,2
10.5,bible-verses,most important bible verses to memorize,110,0,0.06,1
10.5,bible-verses,100 bible verses to memorize pdf,110,0,0.0,2
10.5,prayers,journey deeper evening prayer,110,0,0.0,1
10.5,prayers,evening prayer st augustine,110,0,0.0,2
10.5,prayers,good evening prayer messages,110,0,0.0,1
10.5,prayers,evening prayer of st augustine,110,0,0.0,1
10.5,prayers,kreupasanam evening prayer,110,0,0.0,1
10.5,prayers,good evening prayer message,110,0,0.0,1
10.5,prayers,intercessory prayer for the sick,110,0,0.0,1
10.5,prayers,intercessory prayer warrior,110,0,0.0,2
10.5,prayers,sample prayer journal entry,110,0,0.05,1
10.5,prayers,notebook prayer journal ideas,110,0,0.06,1
10.5,prayers,prayer journal entry examples,110,0,0.05,2
10.5,devotionals,devotional good morning friday god images,110,0,0.0,1
10.5,devotionals,devotional on proverbs 3:5-6,110,0,0.02,3
10.5,devotionals,advent hope devotional,110,0,0.0,4
10.5,devotionals,devotional on kindness,110,0,0.0,1
10.5,devotionals,devotional on change,110,0,0.0,1
10.5,devotionals,advent peace devotional,110,0,0.0,4
10.5,devotionals,devotional on unity,110,0,0.0,1
10.5,devotionals,quiet time meaning,110,0,0.0,2
10.5,devotionals,johnny gill quiet time to play,110,0,0.0,1
10.5,devotionals,a quiet time rdr2 gold,110,0,0.0,2
10.5,other,personal and spiritual growth,110,0,0.0,1
10.5,devotionals,women's advent devotional,110,0,0.0,1
10.5,devotionals,advent christmas devotional,110,0,0.0,2
10.5,devotionals,advent devotional women,110,0,0.0,2
10.5,other,lightspeed web filter bypass,110,0,0.0,1
10.5,other,why did church leaders oppose the practice of simony,110,0,0.0,1
10.5,other,christian sleep meditation music,110,0,0.0,3
10.5,other,10 minute christian meditation,110,0,0.0,1
10.5,other,5 minute christian meditation,110,0,0.0,2
10.5,verse-display,bible verse lock screen iphone,90,6,0.35,1
10.5,blocker-tools,brain focus app,70,17,3.99,1
10.5,addiction,social media addiction meme,70,0,0.0,2
10.5,addiction,how to stop doomscrolling adhd,70,0,0.0,1
10.5,addiction,is playing video games better than doomscrolling,70,0,0.0,1
10.5,addiction,help me reduce youtube doomscrolling,70,0,0.0,1
10.5,addiction,dopamine detox pdf,70,0,0.0,1
10.5,addiction,digital detox retreat near me,70,0,0.0,1
10.5,addiction,digital detox coach,70,0,0.0,1
10.5,addiction,digital detox crossword,70,0,0.0,1
10.5,addiction,why is nomophobia a problem,70,0,0.0,2
10.5,addiction,technology addiction scholarship,70,0,0.0,1
10.5,christian-apps,easy worship app,70,8,3.48,1
10.5,christian-apps,grace church app,70,0,0.0,1
10.4,catholic,liturgy of the hours evening prayer,320,33,0.0,2
10.4,prayers,daily kairos prayer journal,210,20,0.71,1
10.4,catholic,catholic examination of conscience guide,170,18,0.0,1
10.4,prayers,not consumed prayer journal,90,0,2.25,1
10.4,catholic,roman catholic confession app,90,0,0.0,4
10.4,addiction,my strange addiction title screen,90,8,0.0,1
10.4,christian-apps,realm church app,90,15,3.27,1
10.4,blocker-tools,how to check average screen time on android,70,9,0.0,1
10.4,other,web content filter appliance,50,1,17.63,1
10.4,competitors,hallow app in spanish,50,7,4.3,1
10.3,prayers,divine office evening prayer,320,29,0.0,2
10.3,prayers,prayer meditation app,260,30,3.23,2
10.3,blocker-tools,stayfree screen time app,210,38,1.29,1
10.3,competitors,youversion events login,170,30,0.0,1
10.3,devotionals,quiet time companion,110,2,0.38,1
10.3,catholic,catholic exorcism app,110,7,0.0,1
10.3,addiction,doomscrolling urban dictionary,110,14,0.0,1
10.3,other,christian parenting workshops,110,7,2.42,1
10.3,blocker-tools,permanent site blocker,90,22,2.86,1
10.3,prayers,christian prayer meditation,90,9,6.39,7
10.3,other,church notes app,70,0,5.44,1
10.3,adult-blocking,covenant eyes sign in,70,12,0.07,1
10.3,blocker-tools,app that makes you do push-ups for screen time,50,0,0.0,2
10.3,blocker-tools,how to take off ignore limit on screen time,50,0,0.0,1
10.3,blocker-tools,fitness focus app charge on credit card,50,0,0.0,1
10.3,other,web filter appliance,50,2,17.63,1
10.3,adult-blocking,covenant eyes on android,50,9,3.21,1
10.2,competitors,youversion bible app for ipad,320,43,0.0,1
10.2,competitors,youversion sign in,210,35,0.0,1
10.2,christian-apps,christian app games,110,20,2.72,1
10.2,bible-study,family bible study topics,90,0,0.58,2
10.2,bible-study,bible study group topics,90,0,0.69,3
10.2,bible-study,bible study on quiet time,90,0,0.62,1
10.2,other,how to get past web filter,90,4,3.57,1
10.2,blocker-tools,camera focus app,70,14,1.57,2
10.2,competitors,emergency unbrick brick app,70,9,0.35,1
10.2,christian-apps,haven christian app,50,15,20.76,1
10.2,competitors,freedom app price,50,3,1.91,1
10.2,competitors,freedom app pricing,50,3,1.91,1
10.1,blocker-tools,forest screen time app,140,29,0.4,1
10.1,other,united christian broadcasters app,140,13,1.68,1
10.1,devotionals,word of life quiet time,110,4,0.68,3
10.1,addiction,addiction to phone games,110,15,0.09,1
10.1,bible-study,bible study quiet time,90,1,0.62,2
10.1,catholic,is the holy bible app catholic,90,2,0.0,1
10.1,parental,bark app login,90,12,0.08,1
10.1,devotionals,devotional on esther,70,0,5.05,1
10.1,blocker-tools,how to turn off screen time limit on iphone,70,11,0.0,1
10.1,blocker-tools,apple screen time limit not working,70,11,0.0,1
10.1,christian-apps,2819 church app,70,2,0.0,1
10.1,competitors,brick app cost,70,13,1.78,1
10.1,competitors,screenzen for mac,70,9,0.0,1
10.1,blocker-tools,how to see weekly screen time on android,70,11,0.0,1
10.1,blocker-tools,youtube screen time limit,50,1,0.04,1
10.1,other,cisco web filter,50,3,25.59,1
10.0,blocker-tools,how to set screen time,260,44,1.96,1
10.0,other,christian radio app,140,12,0.78,1
10.0,bible-verses,100 most important bible verses to memorize,110,3,0.05,1
10.0,catholic,mark wahlberg catholic app,110,16,3.63,1
10.0,catholic,catholic examination of conscience before confession,110,15,2.98,1
10.0,bible-study,easter memory verses,90,0,0.0,2
10.0,bible-verses,topical memory system verses pdf,90,0,1.21,1
10.0,bible-study,children's memory verses for christmas,90,0,0.0,1
10.0,bible-study,king james bible memory verses,90,0,0.0,1
10.0,verse-display,pinterest bible verse lock screen,70,0,0.0,1
10.0,christian-apps,christian app org,50,16,18.68,1
9.9,prayers,when did like a prayer come out,320,31,0.0,1
9.9,bible-verses,life church bible app,320,33,1.15,3
9.9,bible-verses,bible app by life church,320,33,1.15,1
9.9,addiction,how to get over phone addiction,210,35,2.22,2
9.9,blocker-tools,qustodio screen time control app,140,29,0.0,1
9.9,addiction,doomscrolling vs mindless scrolling,140,22,0.0,1
9.9,prayers,prayer diary app,140,17,2.97,1
9.9,prayers,evening devotion prayer,110,4,0.23,1
9.9,bible-verses,shortest bible verses to memorize,90,0,1.0,1
9.9,bible-verses,short bible verses to memorize,90,0,1.0,1
9.9,prayers,blank prayer journal,90,0,1.09,1
9.9,devotionals,quiet time activities for 5 year olds,90,0,0.98,1
9.9,competitors,how does opal app work,70,29,11.05,1
9.9,competitors,freedom app cost,70,15,2.23,3
9.9,blocker-tools,iphone screen time limit not working,50,2,0.0,1
9.9,other,share your faith app,50,4,30.02,1
9.9,competitors,brick dynasty app,50,0,0.0,1
9.9,competitors,hallow app ads,50,0,0.0,1
9.9,competitors,who created hallow app,50,0,0.0,1
9.9,competitors,hallow app creator,50,0,0.0,1
9.9,competitors,hallow app discount code,50,0,0.0,1
9.9,competitors,problems with hallow app,50,0,0.0,1
9.9,competitors,hallow app commercial actors,50,0,0.0,1
9.9,competitors,hallow app actors,50,0,0.0,1
9.8,devotionals,turning point daily devotional for today,720,47,0.15,1
9.8,addiction,social media addiction article,260,47,8.23,4
9.8,competitors,youversion bible app widget,170,32,0.0,1
9.8,catholic,catholic advent daily devotional,140,16,0.0,1
9.8,competitors,youversion connect login,140,28,0.0,1
9.8,prayers,st joseph intercessory prayer,110,4,0.0,2
9.8,blocker-tools,apple screen time limit,110,24,0.0,1
9.8,prayers,prayer journal cover,90,0,0.89,2
9.8,prayers,war room prayer journal pdf,90,0,0.8,1
9.8,prayers,words with god prayer journal,90,0,0.74,1
9.8,devotionals,quiet time toys for 3 year olds,90,0,0.78,1
9.8,bible-verses,bible verse bracelet app,90,0,0.88,2
9.8,catholic,catholic missal app,70,1,2.03,2
9.8,blocker-tools,screen time widget android,50,3,0.0,1
9.7,addiction,how long does a dopamine detox take,140,23,0.0,2
9.7,catholic,catholic calendar app,110,10,0.0,1
9.7,competitors,opal ice maker app,110,23,0.0,1
9.7,prayers,biblical examples of intercessory prayer,90,0,0.49,1
9.7,devotionals,devotional on rest,90,0,0.56,1
9.7,blocker-tools,app blocker internet,70,25,6.33,1
9.7,christian-apps,mark wahlberg christian app,70,7,0.91,1
9.7,competitors,iphone brick app,70,15,1.86,1
9.7,competitors,forest app adhd,70,11,0.0,1
9.7,competitors,hallow meditation app,70,17,2.91,1
9.7,competitors,hallow app advertisement,50,1,0.0,1
9.7,competitors,hallow app commercial,50,1,0.0,1
9.6,bible-verses,inspirational bible passages about hope,140,17,2.22,1
9.6,other,christian meditation podcast,140,12,0.0,2
9.6,competitors,hallow prayer and meditation app,110,28,2.63,1
9.6,bible-verses,bible passages about grandparents,90,0,0.21,1
9.6,prayers,war room prayer journal template,90,0,0.28,1
9.6,prayers,prayer journal near me,90,0,0.21,1
9.6,prayers,dear future husband prayer journal,90,0,0.41,1
9.6,catholic,catholic examination of conscience for teens,90,5,0.0,3
9.6,other,christian romance books for teens,90,0,0.32,1
9.6,other,worship leader app,70,8,7.59,1
9.6,competitors,android freedom app,70,16,2.0,3
9.6,blocker-tools,study bunny focus timer,50,17,6.22,2
9.6,addiction,articles to read instead of doomscrolling,50,0,2.05,1
9.6,christian-apps,eagle brook church app,50,11,7.34,1
9.5,blocker-tools,screen time block app,260,47,2.91,6
9.5,addiction,doomscrolling examples,210,33,0.0,1
9.5,verse-display,cute bible verse wallpaper aesthetic,140,22,0.02,1
9.5,adult-blocking,victory by covenant eyes,140,33,0.46,1
9.5,devotionals,quiet time with god instrumental,110,6,0.0,1
9.5,prayers,mark wahlberg prayer app cost,110,14,3.58,1
9.5,competitors,ge opal ice maker app,110,24,0.0,1
9.5,competitors,youversion churches,110,24,0.0,1
9.5,bible-verses,bible passages about vocation,90,0,0.0,1
9.5,bible-verses,loving memory rest in peace bible verses about death,90,0,0.06,1
9.5,bible-verses,bible verses in memory of a loved one,90,0,0.03,1
9.5,prayers,intercessory prayer images,90,0,0.04,1
9.5,prayers,intercessory prayer for lost souls,90,0,0.0,1
9.5,prayers,intercessory prayer pictures,90,0,0.04,1
9.5,prayers,free printable prayer journal template,90,0,0.0,1
9.5,devotionals,devotional on perseverance,90,0,0.0,1
9.5,devotionals,devotional on psalm 1,90,0,0.0,1
9.5,devotionals,ladies devotional on friendship,90,0,0.01,1
9.5,devotionals,quiet time song,90,0,0.0,3
9.5,devotionals,how to have quiet time with god,90,0,0.08,2
9.5,devotionals,sesame street quiet time dvd,90,0,0.02,2
9.5,devotionals,quiet time visual,90,0,0.01,1
9.5,devotionals,sesame street quiet time trailer,90,0,0.0,1
9.5,catholic,catholic owned app,90,6,0.0,1
9.5,devotionals,the greatest gift advent devotional,90,0,0.0,2
9.5,other,web filter violation,90,0,0.0,1
9.5,other,jewish church leaders,90,0,0.0,1
9.5,other,devotion for church leaders meeting,90,0,0.0,1
9.5,other,church leaders names,90,0,0.0,3
9.5,other,christian transcendental meditation,90,0,0.0,2
9.5,other,christian healing meditation,90,0,0.0,4
9.5,blocker-tools,jolt screen time app,70,14,0.0,1
9.5,blocker-tools,roblox screen time limit,70,19,2.22,1
9.5,addiction,doomscrolling synonym,70,6,0.0,1
9.5,competitors,freedom app reddit,70,12,0.0,1
9.4,prayers,church of england daily prayer app,390,37,0.0,3
9.4,other,church center app icon,320,33,0.0,1
9.4,prayers,prayer com app,110,20,6.87,1
9.4,addiction,meta social media addiction lawsuit,90,33,23.07,1
9.4,blocker-tools,how to increase screen time in android,70,15,0.0,1
9.4,competitors,magic brick app,50,10,3.05,1
9.3,addiction,how to beat phone addiction,210,35,0.49,2
9.3,addiction,social media causes addiction,170,45,11.61,6
9.3,addiction,cause of social media addiction,170,45,11.61,2
9.3,devotionals,sda morning devotional today,140,14,0.0,1
9.3,addiction,gaming addiction statistics,140,25,0.0,2
9.3,addiction,gaming addiction in teenagers,110,28,4.72,1
9.3,addiction,adhd dopamine detox,90,14,0.0,3
9.3,addiction,dopamine detox side effects,90,14,0.0,1
9.3,prayers,jesuit prayer app,90,1,0.0,1
9.3,addiction,doomscrolling que significa,70,7,0.0,1
9.3,blocker-tools,flora focus app,50,6,0.0,1
9.3,other,web filter for ipad,50,0,7.71,1
9.3,adult-blocking,canopy web filter,50,13,2.4,1
9.3,bible-verses,ask bible verse app,50,6,10.9,1
9.3,christian-apps,new life church app,50,4,3.05,1
9.3,competitors,forest app icon,50,4,0.0,2
9.3,blocker-tools,how to delete screen time history on android,50,6,0.0,1
9.2,blocker-tools,how to set up screen time,260,44,0.0,1
9.2,parental,web filter parental control,210,36,0.0,1
9.2,bible-study,easy memory verses,110,11,0.04,1
9.2,catholic,mychart catholic health app,110,13,0.0,2
9.2,catholic,catholic daily readings and reflections app,110,17,1.89,1
9.2,other,turning point usa faith and fellowship dating app,110,8,0.0,1
9.2,other,church leaders summit,90,24,28.31,1
9.2,competitors,lego brick app,90,22,0.79,2
9.2,catholic,catholic devotion crossword clue,70,0,0.0,1
9.2,blocker-tools,how to set screen time passcode on iphone,70,16,0.0,1
9.2,competitors,forest app pc,70,14,0.0,2
9.2,devotionals,devotional on servant leadership,50,0,7.13,1
9.1,bible-verses,daily bible verse net,720,49,0.0,1
9.1,adult-blocking,canopy movie app,170,40,1.37,1
9.1,prayers,simple evening prayer,140,15,0.01,1
9.1,addiction,teenage gaming addiction,110,29,4.72,1
9.1,addiction,doomscrolling addiction,110,23,1.41,1
9.1,addiction,cal newport digital minimalism book,90,15,0.0,1
9.1,other,ark christian dating app reviews,90,10,3.16,1
9.1,christian-apps,breeze church app,90,25,5.24,1
9.1,christian-apps,eric church app state,90,15,0.0,1
9.1,bible-study,interesting bible study topics,70,0,0.74,1
9.1,verse-display,how to add bible verse widget,70,9,1.35,1
9.1,other,baptist church leaders,70,0,2.04,1
9.1,devotionals,devotional on courage,50,0,6.9,1
9.1,blocker-tools,how to remove screen time limit,50,7,0.0,1
9.0,blocker-tools,how to set screen time limit,110,28,0.0,3
9.0,catholic,catholic faith app,90,9,0.0,1
9.0,blocker-tools,website blocker studying,90,30,3.85,3
9.0,blocker-tools,study website blocker,90,30,3.85,1
9.0,other,christian meditation for sleep and healing,90,3,0.0,1
9.0,bible-study,women's small group bible study topics,70,0,0.51,1
9.0,prayers,intercessory prayer training manual pdf,70,0,1.79,1
9.0,devotionals,quiet time bins,70,0,1.71,1
9.0,devotionals,quiet time boxes,70,0,1.71,1
9.0,devotionals,quiet time box,70,0,1.71,1
9.0,competitors,forest app macbook,70,15,0.0,1
9.0,blocker-tools,flip focus timer for study,50,8,0.0,1
9.0,addiction,technology addiction book,50,0,0.33,4
9.0,adult-blocking,canopy accountability software,50,16,2.87,1
9.0,competitors,opal travel app,50,6,0.0,1
9.0,competitors,screenzen for windows,50,6,0.0,1
9.0,competitors,forest app christmas tree,50,6,0.0,1
9.0,competitors,how much is the hallow app subscription,50,6,0.0,1
8.9,competitors,youversion bible app for mac,260,44,0.0,1
8.9,other,freedom blocking app,210,30,2.04,1
8.9,prayers,prayer for when you wake up,170,21,0.0,1
8.9,addiction,video gaming addiction statistics,140,27,0.0,1
8.9,competitors,youversion bible in a year plan,140,34,1.04,1
8.9,other,church of jesus christ of latter day saints leaders,110,10,0.0,1
8.9,adult-blocking,canopy app library,110,30,0.0,1
8.9,bible-verses,how to memorize bible verses fast,90,12,3.57,1
8.9,other,church life app,90,13,4.19,1
8.9,verse-display,app that shows bible verse on lock screen,70,11,1.58,1
8.9,other,christian apologetics for teens,70,0,1.61,1
8.9,other,church 360 app,50,0,6.34,1
8.8,competitors,forest app for focus,320,48,0.0,1
8.8,bible-verses,bible passages about environment,170,22,0.05,1
8.8,other,define spiritual discipline,170,22,0.08,1
8.8,other,christian ai app,170,26,2.29,1
8.8,other,christian summer camps teens,140,23,3.13,2
8.8,addiction,how to control internet addiction,90,17,0.0,1
8.8,competitors,hallow christian app,90,29,3.64,2
8.8,bible-study,couple bible study topics,70,0,0.0,1
8.8,bible-study,couples bible study topics,70,0,0.0,2
8.8,bible-study,men's alliance memory verses,70,0,0.0,1
8.8,bible-study,navigators memory verses pdf,70,0,0.0,1
8.8,devotionals,midwest quiet time pet bed,70,0,1.35,1
8.8,devotionals,midwest quiet time pet beds,70,0,1.35,1
8.8,catholic,catholic liturgical calendar app,70,3,0.0,1
8.8,blocker-tools,photo focus app,50,20,5.36,1
8.8,addiction,commonlit screen addiction answer key quizlet,50,0,0.0,1
8.8,addiction,quotes about gaming addiction,50,0,0.0,1
8.8,addiction,gaming addiction lawsuit reddit,50,0,0.0,1
8.8,addiction,pc gaming addiction,50,9,3.83,1
8.8,addiction,gaming addiction lawyer,50,0,0.0,1
8.8,addiction,gaming addiction questionnaire,50,0,0.0,1
8.8,addiction,welcome break from doomscrolling crossword clue,50,0,0.0,1
8.8,addiction,dopamine detox book pdf,50,0,0.0,1
8.8,addiction,digital detox images,50,0,0.0,1
8.8,addiction,digital detox image,50,0,0.0,1
8.8,addiction,digital minimalism summary,50,0,0.0,1
8.8,christian-apps,lcbc church app,50,0,0.0,1
8.7,competitors,youversion bible app for macbook air,260,45,0.0,1
8.7,addiction,social media addiction case,170,,9.39,2
8.7,other,dns web filter,140,36,18.77,2
8.7,competitors,hallow app logo,140,33,0.0,1
8.7,devotionals,daily light on the daily path devotional,110,11,0.0,1
8.7,other,bethel church worship leaders,110,11,0.0,1
8.7,prayers,intercessory prayer by dutch sheets pdf,70,0,0.99,1
8.7,prayers,intercessory prayer pdf dutch sheets,70,0,0.99,3
8.7,addiction,stop social media addiction,70,11,0.0,1
8.7,addiction,doomscrolling effects on brain,70,11,0.0,1
8.7,other,web filter fresh,70,0,0.82,1
8.7,other,christian dating teens,70,0,0.92,2
8.7,addiction,digital detox resort,50,1,0.0,2
8.7,parental,is bark app safe,50,15,5.39,1
8.6,blocker-tools,focus app for study,140,40,3.2,4
8.6,devotionals,wholehearted quiet time,90,6,0.0,1
8.6,other,church leaders resources,90,6,0.0,2
8.6,devotionals,morning mercies devotional,70,0,0.53,1
8.6,devotionals,morning devotional book,70,0,0.61,2
8.6,devotionals,quiet time journal,70,0,0.67,1
8.6,devotionals,quiet time pet beds,70,0,0.72,1
8.6,devotionals,quiet time pet bed,70,0,0.72,1
8.6,blocker-tools,effects of screen time on teens,70,37,11.49,1
8.6,other,christian book reader app,70,0,0.75,1
8.6,addiction,doomscrolling in bed,50,2,0.0,1
8.6,addiction,adhd doomscrolling,50,2,0.0,1
8.6,other,christian single parenting,50,0,5.09,1
8.6,other,christian filipina app,50,12,12.66,1
8.6,christian-apps,elizabeth baptist church app,50,2,0.0,1
8.6,competitors,opal ai app builder,50,29,16.98,1
8.5,catholic,catholic mass app,140,32,5.07,2
8.5,addiction,dopamine detox means,110,24,0.0,2
8.5,catholic,my catholic life app,90,12,0.0,1
8.5,blocker-tools,windows app blocker,90,30,2.32,1
8.5,bible-study,navigator memory verses,70,2,0.09,2
8.5,bible-verses,navigators topical memory system verses list,70,0,0.5,1
8.5,devotionals,new mercies every morning devotional,70,0,0.47,1
8.5,prayers,women's devotional on prayer,70,0,0.49,1
8.5,devotionals,quiet time sign,70,0,0.32,2
8.5,devotionals,quiet time behr paint,70,0,0.38,2
8.5,devotionals,behr quiet time,70,0,0.38,2
8.5,other,celebration as a spiritual discipline,70,0,0.36,1
8.5,other,spiritual discipline celebration,70,0,0.36,3
8.5,catholic,examination of conscience catholic teenager,70,5,0.0,1
8.5,blocker-tools,should parents limit screen time,70,20,0.0,1
8.5,other,christian fantasy books for teens,70,0,0.42,1
8.5,other,christian cafe app,70,15,7.47,1
8.5,competitors,opal app for iphone,70,18,0.0,1
8.5,bible-verses,key bible verses to memorize,50,0,4.99,1
8.5,blocker-tools,how to remove screen time limit on iphone,50,11,0.0,1
8.5,verse-display,iphone lock screen aesthetic bible verse wallpaper pink,50,0,0.0,1
8.5,other,christian period tracker app,50,0,4.83,1
8.5,christian-apps,creed christian app,50,7,1.83,1
8.5,verse-display,how to show two time zones on android lock screen,50,0,0.0,1
8.4,other,episcopal church leaders,170,24,0.0,1
8.4,catholic,daily prayer app catholic,90,18,2.69,5
8.4,other,christian ringtones app,90,8,0.17,1
8.4,other,christian ringtone app,90,8,0.17,1
8.4,other,turning point faith and fellowship dating app,90,7,0.0,1
8.4,bible-verses,passages about slavery in the bible,70,0,0.03,1
8.4,bible-verses,bible passages about death and grieving,70,0,0.04,1
8.4,prayers,intercessory prayer group,70,0,0.0,2
8.4,prayers,intercessory prayer for young adults,70,0,0.0,1
8.4,prayers,intercessory prayer scriptures pdf,70,0,0.03,1
8.4,prayers,intercessory prayer for political leaders,70,0,0.0,1
8.4,devotionals,morning devotional meaning,70,0,0.0,1
8.4,devotionals,advent joy devotional,70,0,0.0,4
8.4,devotionals,devotional on wisdom,70,0,0.0,1
8.4,devotionals,devotional on being thankful,70,0,0.0,1
8.4,devotionals,devotional on psalm 46,70,0,0.0,1
8.4,devotionals,devotional on pentecost,70,0,0.0,1
8.4,devotionals,live on purpose devotional,70,0,0.2,1
8.4,devotionals,quotes on quiet time,70,0,0.0,6
8.4,devotionals,quiet time preschool,70,0,0.0,3
8.4,devotionals,when is quiet time in apartments,70,0,0.0,1
8.4,devotionals,cocomelon quiet time,70,0,0.0,1
8.4,devotionals,when is quiet time,70,0,0.0,1
8.4,other,christian habits,70,0,0.0,1
8.4,catholic,catholic missalette app,70,10,2.03,1
8.4,devotionals,the advent adventure a family devotional,70,0,0.0,2
8.4,devotionals,advent devotional for teens,70,0,0.0,1
8.4,devotionals,family advent devotional pdf,70,0,0.0,1
8.4,devotionals,tim keller advent devotional,70,0,0.0,2
8.4,catholic,daily examination of conscience catholic,70,10,1.92,2
8.4,addiction,technology addiction teenagers,70,14,0.51,3
8.4,other,popular christian songs for teens,70,0,0.0,1
8.4,bible-verses,what the bible says about church leaders,70,0,0.05,1
8.4,other,leaders of the early church,70,0,0.0,1
8.4,other,5 minute christian morning meditation,70,0,0.0,1
8.4,competitors,lego brick scanner app,70,31,7.19,1
8.4,bible-study,spiritual discipline bible study,50,6,5.92,1
8.4,competitors,screenzen app for iphone,50,10,0.0,1
8.4,competitors,hallow app ad,50,10,0.0,1
8.4,blocker-tools,how to check total screen time on android,50,12,0.0,1
8.3,other,web filter solutions,110,33,25.69,1
8.3,blocker-tools,limit screen time icon,90,27,0.0,1
8.3,addiction,dopamine detox rules,90,20,0.0,1
8.3,other,government run by church leaders,90,8,0.0,1
8.3,other,church of the highlands app,90,15,3.11,1
8.3,blocker-tools,freedom website blocker iphone,70,21,0.0,1
8.2,prayers,when is the next prayer,210,30,0.0,1
8.2,other,most popular christian dating app,110,25,5.75,1
8.2,blocker-tools,where to find screen time on android,110,32,0.0,1
8.2,competitors,abide christian sleep meditation,90,28,1.16,1
8.2,other,church of christ dating app,70,18,8.15,1
8.2,devotionals,jesse tree advent devotional,50,15,18.69,1
8.1,other,christian mission trips for teens,390,48,3.9,1
8.1,other,unity center of spiritual growth,170,26,0.0,1
8.1,prayers,blessed evening prayer,110,15,0.01,2
8.1,prayers,intercessory prayer music,110,15,0.0,1
8.1,bible-study,love memory verses,70,5,0.0,3
8.1,devotionals,advent devotional desiring god,70,2,0.0,2
8.1,other,christian crafts for teens,70,4,0.75,1
8.1,competitors,abide app cost,70,29,4.84,1
8.1,addiction,technology addiction anonymous,50,6,0.27,1
8.1,parental,stop bark app,50,10,0.88,1
8.1,adult-blocking,canopy client portal app,50,34,11.49,1
8.1,blocker-tools,how to see average screen time on android,50,14,0.0,1
8.0,bible-verses,bible verses for memory of loved ones,90,10,0.03,1
8.0,catholic,catholic examination of conscience for men,90,15,0.0,1
8.0,catholic,catholic reconciliation examination of conscience,90,15,0.0,1
8.0,blocker-tools,focus app windows,90,35,3.78,2
8.0,other,christian fm app,90,10,0.0,1
8.0,competitors,forest app review,70,21,0.0,2
8.0,competitors,electric forest app,70,21,0.0,1
8.0,addiction,how to get over gaming addiction,50,16,4.82,2
7.9,devotionals,define quiet time,110,16,0.0,1
7.9,other,worship keys app,110,16,0.0,1
7.9,devotionals,quiet time hours,90,11,0.0,1
7.9,addiction,phone addiction effects,90,40,29.4,2
7.9,other,christian faith app,90,11,0.0,1
7.9,addiction,digital detox for teens,70,23,3.43,1
7.9,addiction,digital detox smartphone,70,16,0.0,1
7.9,other,worship music app,70,10,2.8,1
7.9,other,community church builder app,70,25,12.08,2
7.9,competitors,forest app mac,70,22,0.0,1
7.9,devotionals,devotional on stress,50,0,2.68,1
7.9,devotionals,quiet time dog bed,50,0,2.67,1
7.9,catholic,catholic mass readings app,50,7,3.28,2
7.8,blocker-tools,pomodoro focus timer,210,50,2.97,2
7.8,addiction,social media addiction definition,140,33,0.0,2
7.8,prayers,audio evening prayer,110,17,0.0,2
7.8,catholic,catholic prayer of the day app,90,22,2.69,1
7.8,catholic,catholic calendar app for iphone,70,10,0.0,1
7.8,other,church teams app,70,12,3.29,1
7.8,devotionals,devotional on discipleship,50,0,2.55,1
7.8,catholic,catholic fitness app,50,0,0.0,1
7.8,catholic,forty hours devotion catholic,50,0,0.0,1
7.8,catholic,catholic 40 hours devotion,50,0,0.0,1
7.8,addiction,phone gaming addiction,50,8,0.32,1
7.8,other,zscaler web filter,50,4,4.37,1
7.7,christian-apps,bethel church app,140,35,0.88,1
7.7,prayers,morning evening prayer,110,19,0.69,3
7.7,addiction,how to fix phone addiction,110,38,6.33,1
7.7,competitors,lego brick finder app,110,33,0.0,1
7.7,catholic,amen catholic app,90,17,0.0,2
7.7,other,methodist church leaders,90,12,0.0,1
7.7,other,worship backing tracks app,90,15,1.41,1
7.7,addiction,how to overcome gaming addiction,50,29,26.5,2
7.7,parental,does bark app work on iphone,50,16,2.42,2
7.6,addiction,digital detox benefits,210,42,0.0,3
7.6,addiction,how to overcome phone addiction,170,38,0.11,1
7.6,addiction,is doomscrolling bad,170,38,0.0,2
7.6,addiction,mobile phone addiction symptoms,140,35,0.53,2
7.6,devotionals,men's morning devotional,110,18,0.03,1
7.6,other,faith and fellowship app,110,18,0.0,1
7.6,prayers,prayer intercessory ministry,70,6,0.0,4
7.6,addiction,how to avoid doomscrolling,70,18,0.0,1
7.6,addiction,dopamine detox symptoms,70,18,0.0,1
7.6,prayers,theo prayer and meditation app reviews,70,6,0.0,2
7.6,other,real faith app,70,6,0.0,1
7.6,bible-study,men's small group bible study topics,50,0,0.41,1
7.6,other,christian workout app,50,11,7.09,1
7.6,competitors,screenzen app for android,50,15,0.0,1
7.6,competitors,jacaranda forest app,50,15,0.0,1
7.5,other,faith based app,140,25,0.0,2
7.5,competitors,ge opal app,140,39,0.0,1
7.5,addiction,gaming addiction effects,90,25,0.0,3
7.5,addiction,technology addiction teens,70,20,0.51,3
7.5,other,christian chat app,70,24,9.38,1
7.5,catholic,catholic daily reflection app,50,2,0.0,2
7.5,blocker-tools,android limit screen time,50,18,0.0,4
7.5,addiction,what is nomophobia the fear of,50,10,0.0,1
7.5,addiction,nomophobia causes,50,10,0.0,2
7.5,other,christian book app,50,0,1.56,2
7.4,addiction,digital detox meaning,320,50,0.0,1
7.4,addiction,phone addiction article,170,39,0.03,3
7.4,addiction,phone addiction articles,170,39,0.03,3
7.4,addiction,technology addiction statistics,90,29,1.91,5
7.4,devotionals,how to set quiet time on iphone,70,7,0.0,1
7.4,blocker-tools,healthy screen time for teens,70,27,0.15,1
7.4,other,lakewood church worship leaders,70,7,0.0,1
7.4,bible-study,preschool memory verses,50,0,0.03,2
7.4,bible-study,memory verses for youth,50,0,0.06,2
7.4,bible-study,easter memory verses for preschoolers,50,0,0.0,1
7.4,verse-display,pink bible verse widget,50,8,0.0,1
7.3,competitors,youversion com login,140,43,1.88,1
7.3,catholic,amen catholic prayer app,90,20,0.0,1
7.3,addiction,7 day dopamine detox,70,20,0.0,2
7.3,devotionals,devotional on god's promises,50,0,0.65,1
7.3,devotionals,devotional on job,50,0,0.93,1
7.3,addiction,dopamine detox retreat,50,11,0.0,1
7.2,addiction,digital detox for mental health,210,44,0.0,1
7.2,addiction,movie about social media addiction,90,27,0.0,1
7.2,addiction,technology addiction article,90,27,0.0,3
7.2,devotionals,4 week advent devotional,70,10,0.53,2
7.2,devotionals,luther seminary advent devotional,70,9,0.0,1
7.2,addiction,7 days dopamine detox,70,21,0.0,1
7.2,other,christian meditation music for anxiety,70,9,0.03,1
7.2,blocker-tools,where is screen time on android,70,28,0.0,1
7.2,bible-study,faith memory verses,50,2,0.02,3
7.2,devotionals,devotional on self-control,50,0,0.57,2
7.2,devotionals,devotional on contentment,50,0,0.33,1
7.2,devotionals,focus on the family devotional,50,0,0.38,1
7.2,devotionals,devotional on ruth,50,0,0.48,1
7.2,addiction,how to help someone with gaming addiction,50,14,0.81,2
7.2,other,christian graphic novels for teens,50,0,0.5,1
7.2,other,christian mystery books for teens,50,0,0.32,1
7.2,other,worship planner app,50,12,5.97,2
7.1,prayers,ibreviary evening prayer,320,44,0.0,1
7.1,christian-apps,one church app,170,48,5.84,1
7.1,prayers,prayer mate app,70,26,8.91,1
7.1,bible-verses,faith ai bible app,70,17,3.42,1
7.1,bible-verses,bible passages about homelessness,50,0,0.0,1
7.1,bible-study,what are some good bible study topics,50,3,0.11,1
7.1,bible-study,deep bible study topics,50,3,0.22,1
7.1,bible-verses,easy bible verses for preschoolers to memorize,50,0,0.09,1
7.1,prayers,intercessory prayer for revival,50,0,0.05,1
7.1,prayers,intercessory prayer for marriage,50,0,0.0,1
7.1,prayers,six topics for intercessory prayer,50,0,0.0,1
7.1,devotionals,devotional on god's faithfulness,50,0,0.12,1
7.1,devotionals,short devotional on serving,50,0,0.0,1
7.1,devotionals,focus on the family marriage devotional,50,0,0.0,1
7.1,devotionals,devotional on joy,50,0,0.25,1
7.1,devotionals,devotional on 1 corinthians 13,50,0,0.0,1
7.1,devotionals,devotional on obedience,50,0,0.0,1
7.1,devotionals,a quiet time rdr2 song,50,0,0.0,1
7.1,devotionals,hospital quiet time,50,0,0.0,1
7.1,devotionals,regina belle quiet time,50,0,0.0,1
7.1,devotionals,raffi quiet time,50,0,0.0,2
7.1,prayers,spiritual discipline prayer,50,0,0.0,3
7.1,other,solitude as a spiritual discipline,50,0,0.0,1
7.1,other,spiritual discipline simplicity,50,0,0.0,3
7.1,prayers,prayer as a spiritual discipline,50,0,0.0,1
7.1,other,solitude spiritual discipline,50,0,0.0,3
7.1,devotionals,unwrapping the names of jesus an advent devotional,50,0,0.0,1
7.1,other,circle web filter,50,22,12.88,1
7.1,other,kosher web filter,50,0,0.0,1
7.1,verse-display,how to put bible verse on lock screen iphone,50,13,1.27,1
7.1,verse-display,inspirational bible verse lock screen,50,11,0.33,1
7.1,other,christian games for teens,50,0,0.25,1
7.1,other,christian easter gifts for teens,50,0,0.0,1
7.1,other,christian journal app,50,0,0.0,2
7.1,prayers,shia prayer time app,50,0,0.0,2
7.1,other,worship pads app,50,0,0.0,1
7.1,other,worship pad app,50,0,0.0,1
7.1,other,christian meditation mantra,50,0,0.0,1
7.1,other,christian bedtime meditation,50,0,0.0,1
7.1,other,christian meditation practices,50,2,0.97,1
7.1,competitors,how to set up brick app,50,21,1.07,1
7.0,addiction,addiction technology transfer center network,90,28,0.0,1
7.0,prayers,christian prayer reminder app,70,27,9.34,1
7.0,prayers,prayer reminder app,70,27,9.34,1
7.0,blocker-tools,hcps focus app,50,21,0.0,1
7.0,other,christian hoodies for teens,50,3,0.93,1
7.0,prayers,angelus prayer app,50,1,0.0,1
6.9,addiction,why is doomscrolling bad,140,38,0.0,1
6.9,addiction,is social media addiction real,110,33,0.0,1
6.9,adult-blocking,truple meaning,110,40,0.0,1
6.9,blocker-tools,android screen time tracker,110,39,0.0,4
6.9,addiction,how to quit internet addiction,90,29,0.0,3
6.9,addiction,technology addiction solution,90,29,0.0,8
6.9,addiction,does doomscrolling make you dumber,70,23,0.0,1
6.9,addiction,does doomscrolling cause brain damage,70,23,0.0,1
6.9,addiction,dopamine detox benefits,70,23,0.0,2
6.9,other,worship leaders at lakewood church,70,11,0.0,1
6.9,other,worship song app,70,17,2.8,2
6.9,catholic,zeale catholic app,50,13,2.58,1
6.9,prayers,unity prayer app,50,2,0.06,1
6.8,addiction,is gaming addiction real,260,50,0.71,1
6.8,prayers,prayer for evening devotion,110,24,0.23,1
6.8,prayers,prayer list app,110,41,12.55,1
6.8,other,world community for christian meditation uk,110,24,0.0,1
6.8,other,faith radio app,110,24,0.1,1
6.8,devotionals,morning and evening devotional app,90,20,0.55,1
6.8,other,christian parenting blog,90,26,3.71,1
6.8,prayers,amen prayer app,90,19,0.0,3
6.8,bible-study,thanksgiving memory verses,70,15,0.02,4
6.8,competitors,freedom app mac,70,31,1.35,2
6.8,other,free christian audio books app,50,14,5.35,1
6.8,prayers,k-love prayer app,50,13,4.91,1
6.7,prayers,athan prayer app,260,42,0.0,1
6.7,prayers,azan prayer app,260,42,0.0,1
6.7,catholic,catholic answers examination of conscience,70,18,0.0,1
6.7,addiction,gaming addiction facts,70,24,0.0,1
6.7,addiction,define technology addiction,70,24,0.0,1
6.7,blocker-tools,best way to limit screen time,50,26,1.38,1
6.7,addiction,dopamine detox plan,50,17,0.52,2
6.7,other,christian science monitor app,50,4,0.17,1
6.7,competitors,abide sleep app,50,32,6.03,2
6.6,catholic,halo app catholic,140,39,2.95,1
6.6,bible-verses,bible app verse of the day yesterday,140,34,1.94,2
6.6,competitors,google opal app,140,44,0.0,1
6.6,catholic,catholic audio bible app,90,28,1.54,3
6.6,addiction,cell phone addiction statistics,90,32,0.72,3
6.6,devotionals,mfm morning devotional for today,50,4,0.0,1
6.6,devotionals,advent devotional calendar,50,4,0.0,1
6.5,prayers,when is friday prayer,320,47,0.0,1
6.5,addiction,dsm v gaming addiction,90,31,0.0,1
6.5,other,church management app,90,39,28.9,1
6.5,addiction,dsm gaming addiction,70,26,0.0,1
6.5,bible-study,common book of prayer app,70,17,0.0,2
6.5,other,realm app church,70,15,0.0,1
6.5,competitors,lego brick building app,70,33,1.1,1
6.5,bible-verses,list of bible verses to memorize,50,5,0.0,1
6.5,devotionals,quiet time videos,50,5,0.0,1
6.5,other,relaxing christian meditation,50,5,0.0,1
6.4,devotionals,christian daily devotional app,260,46,1.67,2
6.4,addiction,define social media addiction,140,41,0.0,1
6.4,addiction,effect of social media addiction among teenager,90,32,0.0,2
6.4,catholic,morning catholic devotional,70,22,0.75,1
6.4,other,sing worship initiative app,70,16,0.28,2
6.4,devotionals,morning devotional audio,50,9,1.41,1
6.3,addiction,effects of doomscrolling,170,45,0.0,2
6.3,other,christian camp for teens,110,34,4.02,2
6.3,addiction,internet sexual addiction,90,,8.97,1
6.3,devotionals,blessed is she advent devotional,70,16,0.0,1
6.3,other,christian audio app,70,16,0.0,1
6.3,competitors,abide prayer app,70,32,0.0,1
6.3,catholic,new catholic dating app,50,12,0.0,1
6.3,addiction,is nomophobia real,50,19,0.0,1
6.2,competitors,opal card app,140,46,0.0,1
6.2,devotionals,quiet time ministries,90,23,0.0,1
6.2,catholic,pray catholic novena app,70,22,0.0,3
6.2,competitors,youversion prayer app,70,33,0.0,1
6.2,bible-study,bible study topics for beginners,50,11,0.0,1
6.2,other,grow christian social app,50,8,0.0,2
6.2,other,christian music streaming app,50,9,0.46,1
6.2,parental,what does the bark app monitor,50,27,2.57,1
6.1,other,web filter for google,210,42,0.0,3
6.1,addiction,technology addiction articles,90,34,0.0,3
6.1,devotionals,rick warren devotional on faith,50,9,0.0,1
6.1,addiction,is doomscrolling a word,50,21,0.0,1
6.1,competitors,forest app logo,50,26,0.0,1
6.0,addiction,doomscrolling def,90,35,0.0,1
6.0,bible-verses,faith the video bible app,90,25,0.0,1
6.0,addiction,digital detox program,70,29,0.0,2
6.0,addiction,digital detox programme,70,29,0.0,1
6.0,other,passion city church worship leaders,70,19,0.0,1
6.0,other,church track app,70,37,17.74,1
6.0,devotionals,quiet time books,50,10,0.2,2
6.0,other,christian meditation center,50,10,0.0,1
5.9,prayers,prayer log app,140,40,2.97,1
5.9,other,world christian meditation community,110,30,0.0,3
5.9,other,spiritual discipline meaning,90,26,0.0,2
5.9,prayers,prayer watch app,90,26,0.0,1
5.9,blocker-tools,firefox focus app,50,39,6.23,1
5.9,addiction,end-stage screen addiction,50,22,0.0,2
5.9,other,youtube christian meditation music,50,11,0.0,2
5.9,competitors,hallow religious app,50,28,0.0,1
5.8,addiction,gaming addiction articles,140,44,0.0,3
5.8,addiction,gaming addiction article,140,44,0.0,3
5.8,prayers,vespers evening prayer today english,110,31,0.0,1
5.8,catholic,examination of conscience catholic simple,70,25,0.08,1
5.8,addiction,how to deal with gaming addiction,50,23,0.0,2
5.8,addiction,is doomscrolling bad for your brain,50,23,0.0,1
5.8,addiction,how does doomscrolling affect your brain,50,23,0.0,1
5.8,prayers,jonathan roumie prayer app,50,21,4.84,1
5.8,other,relaxation christian meditation,50,12,0.0,1
5.7,addiction,psychological effects of cell phone addiction,140,45,0.0,1
5.7,addiction,define internet addiction,90,37,0.0,1
5.7,addiction,definition of internet addiction disorder,90,37,0.0,1
5.7,bible-verses,holman christian standard bible app,70,22,0.39,1
5.7,other,is up faith and family app free,50,13,0.0,1
5.6,addiction,understanding social media addiction a deep dive,110,41,0.0,1
5.6,addiction,digital detox strategies,110,41,0.0,1
5.6,blocker-tools,bark screen time app,90,,1.49,1
5.6,other,christian parenting tips,50,18,1.88,1
5.6,other,parenting advice christian,50,18,1.88,2
5.5,prayers,evening prayer breviary today,170,42,0.0,2
5.5,competitors,youversion bible app for macbook,110,46,0.0,1
5.5,addiction,social media addiction trial verdict,90,38,0.0,1
5.5,addiction,negative effects of doomscrolling,90,38,0.0,1
5.5,addiction,dopamine detox supplements,90,38,0.0,1
5.5,addiction,technology addiction definition,70,33,0.0,2
5.5,addiction,signs of screen addiction,50,26,0.0,1
5.5,addiction,doomscrolling meaning slang,50,26,0.0,1
5.5,verse-display,aesthetic bible verse widget,50,24,0.0,1
5.5,other,church music app,50,22,3.89,1
5.5,other,church musician app,50,22,3.89,1
5.4,prayers,lectio 365 prayer app,170,44,0.98,1
5.4,other,world christian meditation,110,34,0.0,1
5.4,other,church center app logo,110,34,0.0,1
5.4,addiction,internet addiction definition,90,39,0.0,4
5.4,addiction,internet addiction symptoms,90,39,0.19,2
5.4,catholic,catholic match dating app,70,37,5.39,1
5.4,addiction,cause of gaming addiction,70,34,0.0,1
5.4,addiction,reasons for gaming addiction,70,34,0.0,1
5.4,addiction,gaming addiction causes,70,34,0.0,3
5.4,addiction,doomscrolling rewires your brain,70,34,0.0,1
5.3,catholic,catholic answers app,70,33,2.11,1
5.3,blocker-tools,average screen time for teens in america,50,34,0.0,1
5.3,other,my church home app,50,27,5.7,1
5.2,catholic,catholic health app,110,41,0.97,1
5.2,devotionals,calming music for quiet time,70,26,0.0,1
5.2,catholic,catholic devotional app,70,37,4.51,1
5.2,addiction,why is doomscrolling addictive,70,35,0.0,1
5.2,christian-apps,pushpay church app,70,50,12.87,1
5.2,competitors,opal app android,70,45,3.67,2
5.2,addiction,adult gaming addiction,50,44,49.82,1
5.2,addiction,what is a good indicator for smartphone addiction,50,28,0.0,1
5.2,other,is christian mingle a good dating app,50,25,3.75,1
5.2,other,christian companion app,50,17,0.0,1
5.1,blocker-tools,gamified focus app,90,46,0.0,1
5.1,addiction,social media dopamine addiction,90,41,0.0,1
5.1,addiction,dopamine detox fast,90,41,0.0,1
5.1,addiction,internet game addiction,70,36,0.0,2
5.1,addiction,technology addiction facts,50,29,0.0,3
5.1,addiction,technology addiction effects,50,29,0.0,3
5.1,bible-verses,bible verse every hour app,50,23,2.22,1
5.1,other,my faith assistant app,50,18,0.0,1
5.0,addiction,how to break cell phone addiction,90,44,1.51,3
5.0,bible-verses,yesterday's verse of the day bible app,90,33,0.0,1
5.0,other,worship artistry app,50,21,0.94,1
5.0,competitors,celestial tree forest app,50,35,0.0,1
4.9,prayers,intercessory prayer for healing,50,20,0.0,1
4.9,addiction,how to break internet addiction,50,32,0.7,2
4.8,bible-verses,how to memorize bible verses quickly,70,30,0.17,1
4.8,addiction,signs and symptoms of internet addiction,50,33,0.48,1
4.8,addiction,internet addiction signs,50,33,0.48,3
4.8,addiction,digital detox day,50,32,0.0,1
4.8,bible-verses,bible app verse of the day history,50,22,0.0,1
4.8,other,is the angel app christian,50,21,0.0,1
4.8,christian-apps,christian app for movies,50,42,7.18,1
4.7,addiction,gaming addiction definition,90,44,0.02,1
4.7,other,free christian movie app,90,42,4.28,1
4.6,devotionals,morning and evening devotional book,170,48,0.27,1
4.6,other,my church center app,90,47,8.23,2
4.6,catholic,catholic morning devotion,70,36,0.75,1
4.6,bible-verses,games to memorize bible verses,50,26,1.41,1
4.6,prayers,study on intercessory prayer,50,24,0.0,2
4.5,devotionals,new every morning devotional,90,37,0.0,1
4.5,other,where is the web filter on google,90,37,0.0,1
4.5,addiction,digital detox tips,70,41,0.0,1
4.5,bible-study,verse by verse bible study app,70,43,6.39,1
4.5,addiction,how to stop cell phone addiction,50,35,0.38,1
4.5,other,christian mindfulness app,50,30,2.95,1
4.4,other,church by ministry one app,90,48,8.04,1
4.4,blocker-tools,how to check app screen time,70,47,0.0,1
4.4,catholic,is there a catholic dating app,50,35,2.88,1
4.4,addiction,cell phone addiction facts,50,35,0.0,2
4.4,christian-apps,realm connect church app,50,50,14.56,1
4.3,prayers,daily devotional morning prayer,70,34,0.0,1
4.2,bible-verses,how to easily memorize bible verses,50,28,0.35,2
4.2,competitors,google opal ai app,50,44,1.92,1
4.1,addiction,internet video game addiction,70,44,0.0,2
4.1,addiction,gaming and internet addiction,70,44,0.0,2
4.1,other,k-love christian radio app,50,30,0.57,1
4.0,addiction,is internet addiction real,50,39,0.0,1
3.9,addiction,video gaming addiction definition,90,50,0.02,1
3.9,addiction,dopamine detox techniques,70,46,0.0,1
3.8,other,church center app android,110,47,0.0,2
3.8,catholic,national catholic reporter app,50,36,0.0,1
3.8,addiction,cell phone addiction articles,50,41,0.0,2
3.8,addiction,cell phone addiction article,50,41,0.0,1
3.7,bible-verses,app to help memorize bible verses,50,34,0.73,2
3.7,devotionals,morning by morning devotional,50,33,0.1,1
3.6,competitors,untitled opal app,50,47,0.0,1
3.3,catholic,catholic liturgy of the hours app,50,42,0.0,1
3.1,catholic,verbum catholic bible study app,50,44,0.0,1
3.0,other,christian sleep app,70,50,2.01,1
2.7,devotionals,morning and evening daily devotional,50,48,1.76,1
